-- MySQL dump 10.13  Distrib 8.0.31, for Linux (x86_64)
--
-- Host: 127.0.0.1    Database: pramasti
-- ------------------------------------------------------
-- Server version	8.0.31-google

/*!40101 SET @OLD_CHARACTER_SET_CLIENT=@@CHARACTER_SET_CLIENT */;
/*!40101 SET @OLD_CHARACTER_SET_RESULTS=@@CHARACTER_SET_RESULTS */;
/*!40101 SET @OLD_COLLATION_CONNECTION=@@COLLATION_CONNECTION */;
/*!50503 SET NAMES utf8mb4 */;
/*!40103 SET @OLD_TIME_ZONE=@@TIME_ZONE */;
/*!40103 SET TIME_ZONE='+00:00' */;
/*!40014 SET @OLD_UNIQUE_CHECKS=@@UNIQUE_CHECKS, UNIQUE_CHECKS=0 */;
/*!40014 SET @OLD_FOREIGN_KEY_CHECKS=@@FOREIGN_KEY_CHECKS, FOREIGN_KEY_CHECKS=0 */;
/*!40101 SET @OLD_SQL_MODE=@@SQL_MODE, SQL_MODE='NO_AUTO_VALUE_ON_ZERO' */;
/*!40111 SET @OLD_SQL_NOTES=@@SQL_NOTES, SQL_NOTES=0 */;

--
-- Current Database: `pramasti`
--

CREATE DATABASE /*!32312 IF NOT EXISTS*/ `pramasti` /*!40100 DEFAULT CHARACTER SET utf8mb4 COLLATE utf8mb4_0900_ai_ci */ /*!80016 DEFAULT ENCRYPTION='N' */;

USE `pramasti`;

--
-- Table structure for table `asistenJadwal`
--

DROP TABLE IF EXISTS `asistenJadwal`;
/*!40101 SET @saved_cs_client     = @@character_set_client */;
/*!50503 SET character_set_client = utf8mb4 */;
CREATE TABLE `asistenJadwal` (
  `user_id` int NOT NULL,
  `jadwal_id` int NOT NULL,
  `praktikum_id` int DEFAULT NULL,
  PRIMARY KEY (`jadwal_id`,`user_id`),
  KEY `user_id` (`user_id`),
  KEY `praktikum_id` (`praktikum_id`),
  CONSTRAINT `asistenJadwal_ibfk_1` FOREIGN KEY (`user_id`) REFERENCES `users` (`user_id`) ON DELETE CASCADE,
  CONSTRAINT `asistenJadwal_ibfk_2` FOREIGN KEY (`jadwal_id`) REFERENCES `jadwalPraktikum` (`jadwal_id`) ON DELETE CASCADE,
  CONSTRAINT `asistenJadwal_ibfk_3` FOREIGN KEY (`praktikum_id`) REFERENCES `praktikum` (`praktikum_id`) ON DELETE CASCADE
) ENGINE=InnoDB DEFAULT CHARSET=utf8mb4 COLLATE=utf8mb4_0900_ai_ci;
/*!40101 SET character_set_client = @saved_cs_client */;

--
-- Dumping data for table `asistenJadwal`
--

LOCK TABLES `asistenJadwal` WRITE;
/*!40000 ALTER TABLE `asistenJadwal` DISABLE KEYS */;
INSERT INTO `asistenJadwal` VALUES (13,66,29),(13,67,29);
/*!40000 ALTER TABLE `asistenJadwal` ENABLE KEYS */;
UNLOCK TABLES;

--
-- Table structure for table `jadwalPraktikum`
--

DROP TABLE IF EXISTS `jadwalPraktikum`;
/*!40101 SET @saved_cs_client     = @@character_set_client */;
/*!50503 SET character_set_client = utf8mb4 */;
CREATE TABLE `jadwalPraktikum` (
  `jadwal_id` int NOT NULL AUTO_INCREMENT,
  `id_modul` varchar(255) NOT NULL,
  `id_modul_jadwal` varchar(255) DEFAULT NULL,
  `praktikum_id` int NOT NULL,
  `start_tgl` date DEFAULT NULL,
  `start_wkt` time DEFAULT NULL,
  `finish_tgl` date DEFAULT NULL,
  `finish_wkt` time DEFAULT NULL,
  `kuota` int DEFAULT NULL,
  PRIMARY KEY (`jadwal_id`),
  KEY `praktikum_id` (`praktikum_id`),
  KEY `fk_modul` (`id_modul`),
  CONSTRAINT `fk_modul` FOREIGN KEY (`id_modul`) REFERENCES `modul` (`id_modul`) ON DELETE CASCADE,
  CONSTRAINT `jadwalPraktikum_ibfk_1` FOREIGN KEY (`praktikum_id`) REFERENCES `praktikum` (`praktikum_id`) ON DELETE CASCADE
) ENGINE=InnoDB AUTO_INCREMENT=72 DEFAULT CHARSET=utf8mb4 COLLATE=utf8mb4_0900_ai_ci;
/*!40101 SET character_set_client = @saved_cs_client */;

--
-- Dumping data for table `jadwalPraktikum`
--

LOCK TABLES `jadwalPraktikum` WRITE;
/*!40000 ALTER TABLE `jadwalPraktikum` DISABLE KEYS */;
INSERT INTO `jadwalPraktikum` VALUES (66,'RD-DRD','RD-DRD-1',29,'2024-01-20','14:20:00',NULL,NULL,19),(67,'RD-DRD','RD-DRD-2',29,'2024-01-20','16:20:00',NULL,NULL,19),(68,'RD-RFF','RD-RFF-1',29,'2024-01-21','01:00:00',NULL,NULL,5),(69,'RD-MDD','RD-MDD-1',29,'2024-01-22','02:00:00',NULL,NULL,5),(70,'RD-RFF','RD-RFF-2',29,'2024-01-30','15:00:00',NULL,NULL,9),(71,'DP-PHW','DP-PHW-1',30,'2024-01-10','12:00:00',NULL,NULL,1);
/*!40000 ALTER TABLE `jadwalPraktikum` ENABLE KEYS */;
UNLOCK TABLES;

--
-- Table structure for table `kelompok`
--

DROP TABLE IF EXISTS `kelompok`;
/*!40101 SET @saved_cs_client     = @@character_set_client */;
/*!50503 SET character_set_client = utf8mb4 */;
CREATE TABLE `kelompok` (
  `kelompok_id` int NOT NULL AUTO_INCREMENT,
  `kapasitas` int NOT NULL,
  `nama_kelompok` varchar(255) DEFAULT NULL,
  `jadwal_id` int NOT NULL,
  PRIMARY KEY (`kelompok_id`),
  KEY `jadwal_id` (`jadwal_id`),
  CONSTRAINT `kelompok_ibfk_1` FOREIGN KEY (`jadwal_id`) REFERENCES `jadwalPraktikum` (`jadwal_id`) ON DELETE CASCADE
) ENGINE=InnoDB AUTO_INCREMENT=23 DEFAULT CHARSET=utf8mb4 COLLATE=utf8mb4_0900_ai_ci;
/*!40101 SET character_set_client = @saved_cs_client */;

--
-- Dumping data for table `kelompok`
--

LOCK TABLES `kelompok` WRITE;
/*!40000 ALTER TABLE `kelompok` DISABLE KEYS */;
INSERT INTO `kelompok` VALUES (19,5,'Kelompok 1',66),(20,5,'Kelompok 1',70),(21,5,'Kelompok 1',71),(22,5,'Kelompok 1',67);
/*!40000 ALTER TABLE `kelompok` ENABLE KEYS */;
UNLOCK TABLES;

--
-- Table structure for table `log`
--

DROP TABLE IF EXISTS `log`;
/*!40101 SET @saved_cs_client     = @@character_set_client */;
/*!50503 SET character_set_client = utf8mb4 */;
CREATE TABLE `log` (
  `user` varchar(255) NOT NULL,
  `change_date` date NOT NULL,
  `changed_column` varchar(255) DEFAULT NULL,
  `change_type` enum('new','revision','delete') NOT NULL,
  `status_before` varchar(255) DEFAULT NULL,
  `status_after` varchar(255) DEFAULT NULL,
  `date_now` date NOT NULL,
  PRIMARY KEY (`user`)
) ENGINE=InnoDB DEFAULT CHARSET=utf8mb4 COLLATE=utf8mb4_0900_ai_ci;
/*!40101 SET character_set_client = @saved_cs_client */;

--
-- Dumping data for table `log`
--

LOCK TABLES `log` WRITE;
/*!40000 ALTER TABLE `log` DISABLE KEYS */;
/*!40000 ALTER TABLE `log` ENABLE KEYS */;
UNLOCK TABLES;

--
-- Table structure for table `mhsPilihPraktikum`
--

DROP TABLE IF EXISTS `mhsPilihPraktikum`;
/*!40101 SET @saved_cs_client     = @@character_set_client */;
/*!50503 SET character_set_client = utf8mb4 */;
CREATE TABLE `mhsPilihPraktikum` (
  `user_id` int NOT NULL,
  `praktikum_id` int NOT NULL,
  `jadwal_id` int NOT NULL,
  `kelompok_id` int DEFAULT NULL,
  `semester` varchar(10) NOT NULL,
  `tahun_akademik` varchar(9) NOT NULL,
  PRIMARY KEY (`user_id`,`praktikum_id`,`jadwal_id`),
  KEY `praktikum_id` (`praktikum_id`),
  KEY `jadwal_id` (`jadwal_id`),
  KEY `kelompok_id` (`kelompok_id`),
  CONSTRAINT `mhsPilihPraktikum_ibfk_1` FOREIGN KEY (`user_id`) REFERENCES `users` (`user_id`) ON DELETE CASCADE,
  CONSTRAINT `mhsPilihPraktikum_ibfk_2` FOREIGN KEY (`praktikum_id`) REFERENCES `praktikum` (`praktikum_id`) ON DELETE CASCADE,
  CONSTRAINT `mhsPilihPraktikum_ibfk_3` FOREIGN KEY (`jadwal_id`) REFERENCES `jadwalPraktikum` (`jadwal_id`) ON DELETE CASCADE,
  CONSTRAINT `mhsPilihPraktikum_ibfk_4` FOREIGN KEY (`kelompok_id`) REFERENCES `kelompok` (`kelompok_id`) ON DELETE SET NULL
) ENGINE=InnoDB DEFAULT CHARSET=utf8mb4 COLLATE=utf8mb4_0900_ai_ci;
/*!40101 SET character_set_client = @saved_cs_client */;

--
-- Dumping data for table `mhsPilihPraktikum`
--

LOCK TABLES `mhsPilihPraktikum` WRITE;
/*!40000 ALTER TABLE `mhsPilihPraktikum` DISABLE KEYS */;
INSERT INTO `mhsPilihPraktikum` VALUES (6,29,70,20,'Ganjil','2024-2025'),(6,30,71,21,'Ganjil','2024-2025'),(7,29,66,19,'Ganjil','2024-2025'),(22,29,67,22,'Ganjil','2024-2025');
/*!40000 ALTER TABLE `mhsPilihPraktikum` ENABLE KEYS */;
UNLOCK TABLES;

--
-- Table structure for table `modul`
--

DROP TABLE IF EXISTS `modul`;
/*!40101 SET @saved_cs_client     = @@character_set_client */;
/*!50503 SET character_set_client = utf8mb4 */;
CREATE TABLE `modul` (
  `id_modul` varchar(255) NOT NULL,
  `judul_modul` varchar(255) NOT NULL,
  `praktikum_id` int NOT NULL,
  PRIMARY KEY (`id_modul`),
  KEY `praktikum_id` (`praktikum_id`),
  CONSTRAINT `modul_ibfk_1` FOREIGN KEY (`praktikum_id`) REFERENCES `praktikum` (`praktikum_id`) ON DELETE CASCADE
) ENGINE=InnoDB DEFAULT CHARSET=utf8mb4 COLLATE=utf8mb4_0900_ai_ci;
/*!40101 SET character_set_client = @saved_cs_client */;

--
-- Dumping data for table `modul`
--

LOCK TABLES `modul` WRITE;
/*!40000 ALTER TABLE `modul` DISABLE KEYS */;
INSERT INTO `modul` VALUES ('DP-PHW','P1: Print Hello World',30),('RD-DRD','P1 : Dasar Rangkaian Digital',29),('RD-MDD','P3: Multiplexer dan Demultiplexer',29),('RD-RFF','P2: Rangkaian Flip Flop',29);
/*!40000 ALTER TABLE `modul` ENABLE KEYS */;
UNLOCK TABLES;

--
-- Table structure for table `nilai`
--

DROP TABLE IF EXISTS `nilai`;
/*!40101 SET @saved_cs_client     = @@character_set_client */;
/*!50503 SET character_set_client = utf8mb4 */;
CREATE TABLE `nilai` (
  `user_id` int NOT NULL,
  `praktikum_id` int NOT NULL,
  `nilai_modul` int DEFAULT NULL,
  `id_modul` varchar(255) NOT NULL,
  PRIMARY KEY (`user_id`,`praktikum_id`,`id_modul`),
  KEY `praktikum_id` (`praktikum_id`),
  KEY `fk_nilai_modul` (`id_modul`),
  CONSTRAINT `fk_nilai_modul` FOREIGN KEY (`id_modul`) REFERENCES `modul` (`id_modul`) ON DELETE CASCADE,
  CONSTRAINT `nilai_ibfk_1` FOREIGN KEY (`user_id`) REFERENCES `users` (`user_id`) ON DELETE CASCADE,
  CONSTRAINT `nilai_ibfk_2` FOREIGN KEY (`praktikum_id`) REFERENCES `praktikum` (`praktikum_id`) ON DELETE CASCADE
) ENGINE=InnoDB DEFAULT CHARSET=utf8mb4 COLLATE=utf8mb4_0900_ai_ci;
/*!40101 SET character_set_client = @saved_cs_client */;

--
-- Dumping data for table `nilai`
--

LOCK TABLES `nilai` WRITE;
/*!40000 ALTER TABLE `nilai` DISABLE KEYS */;
INSERT INTO `nilai` VALUES (6,29,90,'RD-DRD'),(6,29,80,'RD-MDD'),(6,29,90,'RD-RFF'),(7,29,90,'RD-DRD');
/*!40000 ALTER TABLE `nilai` ENABLE KEYS */;
UNLOCK TABLES;

--
-- Table structure for table `nilai_akhir`
--

DROP TABLE IF EXISTS `nilai_akhir`;
/*!40101 SET @saved_cs_client     = @@character_set_client */;
/*!50503 SET character_set_client = utf8mb4 */;
CREATE TABLE `nilai_akhir` (
  `user_id` int NOT NULL,
  `praktikum_id` int NOT NULL,
  `nilai_akhir` int DEFAULT NULL,
  PRIMARY KEY (`user_id`,`praktikum_id`),
  KEY `praktikum_id` (`praktikum_id`),
  CONSTRAINT `nilai_akhir_ibfk_1` FOREIGN KEY (`user_id`) REFERENCES `users` (`user_id`) ON DELETE CASCADE,
  CONSTRAINT `nilai_akhir_ibfk_2` FOREIGN KEY (`praktikum_id`) REFERENCES `praktikum` (`praktikum_id`) ON DELETE CASCADE
) ENGINE=InnoDB DEFAULT CHARSET=utf8mb4 COLLATE=utf8mb4_0900_ai_ci;
/*!40101 SET character_set_client = @saved_cs_client */;

--
-- Dumping data for table `nilai_akhir`
--

LOCK TABLES `nilai_akhir` WRITE;
/*!40000 ALTER TABLE `nilai_akhir` DISABLE KEYS */;
INSERT INTO `nilai_akhir` VALUES (6,29,87),(7,29,90);
/*!40000 ALTER TABLE `nilai_akhir` ENABLE KEYS */;
UNLOCK TABLES;

--
-- Table structure for table `pengumuman`
--

DROP TABLE IF EXISTS `pengumuman`;
/*!40101 SET @saved_cs_client     = @@character_set_client */;
/*!50503 SET character_set_client = utf8mb4 */;
CREATE TABLE `pengumuman` (
  `pengumuman_id` int NOT NULL AUTO_INCREMENT,
  `judul` varchar(255) NOT NULL,
  `deskripsi` text NOT NULL,
  PRIMARY KEY (`pengumuman_id`)
) ENGINE=InnoDB AUTO_INCREMENT=31 DEFAULT CHARSET=utf8mb4 COLLATE=utf8mb4_0900_ai_ci;
/*!40101 SET character_set_client = @saved_cs_client */;

--
-- Dumping data for table `pengumuman`
--

LOCK TABLES `pengumuman` WRITE;
/*!40000 ALTER TABLE `pengumuman` DISABLE KEYS */;
INSERT INTO `pengumuman` VALUES (30,'Test','ini pengumuman');
/*!40000 ALTER TABLE `pengumuman` ENABLE KEYS */;
UNLOCK TABLES;

--
-- Table structure for table `praktikum`
--

DROP TABLE IF EXISTS `praktikum`;
/*!40101 SET @saved_cs_client     = @@character_set_client */;
/*!50503 SET character_set_client = utf8mb4 */;
CREATE TABLE `praktikum` (
  `praktikum_id` int NOT NULL AUTO_INCREMENT,
  `praktikum_name` varchar(255) NOT NULL,
  `deskripsi` text,
  `logo_praktikum` varchar(255) DEFAULT NULL,
  PRIMARY KEY (`praktikum_id`)
) ENGINE=InnoDB AUTO_INCREMENT=31 DEFAULT CHARSET=utf8mb4 COLLATE=utf8mb4_0900_ai_ci;
/*!40101 SET character_set_client = @saved_cs_client */;

--
-- Dumping data for table `praktikum`
--

LOCK TABLES `praktikum` WRITE;
/*!40000 ALTER TABLE `praktikum` DISABLE KEYS */;
INSERT INTO `praktikum` VALUES (29,'Rangkaian Digital','Praktikum Rangkaian digital akan mempelajari bagaimana cara kerja dari IC dan Prinsip dasar dari gate pada rangkaian digital',NULL),(30,'Dasar Pemrograman','Praktikum dasprog',NULL);
/*!40000 ALTER TABLE `praktikum` ENABLE KEYS */;
UNLOCK TABLES;

--
-- Table structure for table `roles`
--

DROP TABLE IF EXISTS `roles`;
/*!40101 SET @saved_cs_client     = @@character_set_client */;
/*!50503 SET character_set_client = utf8mb4 */;
CREATE TABLE `roles` (
  `role_id` int NOT NULL AUTO_INCREMENT,
  `role_name` varchar(100) NOT NULL,
  `user_id` int NOT NULL,
  `praktikum_id` int DEFAULT NULL,
  PRIMARY KEY (`role_id`),
  KEY `user_id` (`user_id`),
  KEY `praktikum_id` (`praktikum_id`),
  CONSTRAINT `roles_ibfk_1` FOREIGN KEY (`user_id`) REFERENCES `users` (`user_id`) ON DELETE CASCADE,
  CONSTRAINT `roles_ibfk_2` FOREIGN KEY (`praktikum_id`) REFERENCES `praktikum` (`praktikum_id`) ON DELETE CASCADE
) ENGINE=InnoDB AUTO_INCREMENT=94 DEFAULT CHARSET=utf8mb4 COLLATE=utf8mb4_0900_ai_ci;
/*!40101 SET character_set_client = @saved_cs_client */;

--
-- Dumping data for table `roles`
--

LOCK TABLES `roles` WRITE;
/*!40000 ALTER TABLE `roles` DISABLE KEYS */;
INSERT INTO `roles` VALUES (1,'admin',2,NULL),(2,'praktikan',3,NULL),(3,'praktikan',4,NULL),(4,'admin',5,NULL),(8,'praktikan',6,NULL),(9,'praktikan',7,NULL),(10,'praktikan',8,NULL),(11,'praktikan',10,NULL),(12,'praktikan',11,NULL),(13,'praktikan',12,NULL),(14,'praktikan',13,NULL),(15,'praktikan',14,NULL),(19,'praktikan',15,NULL),(40,'praktikan',16,NULL),(54,'praktikan',17,NULL),(61,'praktikan',18,NULL),(63,'dosen',19,NULL),(75,'dosen',20,NULL),(88,'koordinator',3,29),(89,'asisten',13,29),(90,'dosen',20,29),(91,'asisten',3,30),(92,'praktikan',21,NULL),(93,'praktikan',22,NULL);
/*!40000 ALTER TABLE `roles` ENABLE KEYS */;
UNLOCK TABLES;

--
-- Table structure for table `tokens`
--

DROP TABLE IF EXISTS `tokens`;
/*!40101 SET @saved_cs_client     = @@character_set_client */;
/*!50503 SET character_set_client = utf8mb4 */;
CREATE TABLE `tokens` (
  `id_token` int NOT NULL AUTO_INCREMENT,
  `user_id` int NOT NULL,
  `token` text NOT NULL,
  `expires_at` timestamp NOT NULL,
  `created_at` timestamp NOT NULL DEFAULT CURRENT_TIMESTAMP,
  PRIMARY KEY (`id_token`),
  KEY `user_id` (`user_id`),
  CONSTRAINT `tokens_ibfk_1` FOREIGN KEY (`user_id`) REFERENCES `users` (`user_id`) ON DELETE CASCADE
) ENGINE=InnoDB AUTO_INCREMENT=837 DEFAULT CHARSET=utf8mb4 COLLATE=utf8mb4_0900_ai_ci;
/*!40101 SET character_set_client = @saved_cs_client */;

--
-- Dumping data for table `tokens`
--

LOCK TABLES `tokens` WRITE;
/*!40000 ALTER TABLE `tokens` DISABLE KEYS */;
INSERT INTO `tokens` VALUES (2,2,'eyJhbGciOiJIUzI1NiIsInR5cCI6IkpXVCJ9.eyJucnAiOiI1MDI0MjAxMDIzIiwibmFtZSI6IkRlc2lhbmEgRml0cmlhIiwidXNlcl9pZCI6Miwicm9sZXMiOlsicHJha3Rpa2FuIl0sImlhdCI6MTcwMDY2MzE0NiwiZXhwIjoxNzMyMTk5MTQ2fQ.1pbtvW6gvnjTFoXQt6vr5gzF24_yVG9mqAjOlv6zII4','2024-11-21 14:25:46','2023-11-22 14:25:46'),(4,5,'eyJhbGciOiJIUzI1NiIsInR5cCI6IkpXVCJ9.eyJucnAiOiI1MDI1MjIxMjU4IiwibmFtZSI6ImZhcnJlbGwiLCJ1c2VyX2lkIjo1LCJyb2xlcyI6WyJwcmFrdGlrYW4iXSwiaWF0IjoxNzAwOTMzMzM0LCJleHAiOjE3MzI0NjkzMzR9.G2mPS-GpYkcMRKPUkCwUvqQTaLpu3XIxvCVDES--J4s','2024-11-24 17:28:54','2023-11-25 17:28:54'),(5,5,'eyJhbGciOiJIUzI1NiIsInR5cCI6IkpXVCJ9.eyJucnAiOiI1MDI1MjIxMjU4IiwibmFtZSI6ImZhcnJlbGwiLCJ1c2VyX2lkIjo1LCJyb2xlcyI6WyJwcmFrdGlrYW4iXSwiaWF0IjoxNzAwOTMzMzU1LCJleHAiOjE3MzI0NjkzNTV9.EmSYFTBri3rx8XgVjeUyQcSnUr9qc9HDlcINDryhwok','2024-11-24 17:29:15','2023-11-25 17:29:15'),(7,2,'eyJhbGciOiJIUzI1NiIsInR5cCI6IkpXVCJ9.eyJucnAiOiI1MDI0MjAxMDIzIiwibmFtZSI6IkRlc2lhbmEgRml0cmlhIiwidXNlcl9pZCI6Miwicm9sZXMiOlsicHJha3Rpa2FuIl0sImlhdCI6MTcwMDk2ODk1MiwiZXhwIjoxNzMyNTA0OTUyfQ.e-painAMga9Mv63GgN8XgdZncOmBUecPRA30TdM5B0Y','2024-11-25 03:22:32','2023-11-26 03:22:32'),(8,2,'eyJhbGciOiJIUzI1NiIsInR5cCI6IkpXVCJ9.eyJucnAiOiI1MDI0MjAxMDIzIiwibmFtZSI6IkRlc2lhbmEgRml0cmlhIiwidXNlcl9pZCI6Miwicm9sZXMiOlsiYWRtaW4iXSwiaWF0IjoxNzAwOTk1OTk0LCJleHAiOjE3MzI1MzE5OTR9.jwcImihjCAkusvSLF9o1u9Nyzg8jD3QJ7oy7ceG7jfU','2024-11-25 10:53:14','2023-11-26 10:53:14'),(9,5,'eyJhbGciOiJIUzI1NiIsInR5cCI6IkpXVCJ9.eyJucnAiOiI1MDI1MjIxMjU4IiwibmFtZSI6ImZhcnJlbGwiLCJ1c2VyX2lkIjo1LCJyb2xlcyI6WyJhZG1pbiJdLCJpYXQiOjE3MDA5OTYzMTEsImV4cCI6MTczMjUzMjMxMX0.4bFcnFS_ni61tiEpl0fSpBufYH9Og5uK95VVLjo4Z8k','2024-11-25 10:58:31','2023-11-26 10:58:31'),(10,5,'eyJhbGciOiJIUzI1NiIsInR5cCI6IkpXVCJ9.eyJucnAiOiI1MDI1MjIxMjU4IiwibmFtZSI6ImZhcnJlbGwiLCJ1c2VyX2lkIjo1LCJyb2xlcyI6WyJhZG1pbiJdLCJpYXQiOjE3MDA5OTYzMTQsImV4cCI6MTczMjUzMjMxNH0.iRVIDYlCeY9EenIYMAm0k2WfcD80rw6Ryp6jEL15TUg','2024-11-25 10:58:34','2023-11-26 10:58:34'),(11,5,'eyJhbGciOiJIUzI1NiIsInR5cCI6IkpXVCJ9.eyJucnAiOiI1MDI1MjIxMjU4IiwibmFtZSI6ImZhcnJlbGwiLCJ1c2VyX2lkIjo1LCJyb2xlcyI6WyJhZG1pbiJdLCJpYXQiOjE3MDA5OTYzNzUsImV4cCI6MTczMjUzMjM3NX0.l4f1brMejvPytnIK1YzsScLJOW40eOBYlYodGH0HomY','2024-11-25 10:59:35','2023-11-26 10:59:35'),(12,5,'eyJhbGciOiJIUzI1NiIsInR5cCI6IkpXVCJ9.eyJucnAiOiI1MDI1MjIxMjU4IiwibmFtZSI6ImZhcnJlbGwiLCJ1c2VyX2lkIjo1LCJyb2xlcyI6WyJhZG1pbiJdLCJpYXQiOjE3MDA5OTYzNzYsImV4cCI6MTczMjUzMjM3Nn0.tnKXRcsKBMmsHwm1-fke1y3mStulLhfNgl23IGygEhQ','2024-11-25 10:59:36','2023-11-26 10:59:36'),(13,5,'eyJhbGciOiJIUzI1NiIsInR5cCI6IkpXVCJ9.eyJucnAiOiI1MDI1MjIxMjU4IiwibmFtZSI6ImZhcnJlbGwiLCJ1c2VyX2lkIjo1LCJyb2xlcyI6WyJhZG1pbiJdLCJpYXQiOjE3MDA5OTYzOTgsImV4cCI6MTczMjUzMjM5OH0.JVd8Mx6e6od6FQxpES6em-Xb90PClHYU-M2neHAOSVE','2024-11-25 10:59:58','2023-11-26 10:59:58'),(14,5,'eyJhbGciOiJIUzI1NiIsInR5cCI6IkpXVCJ9.eyJucnAiOiI1MDI1MjIxMjU4IiwibmFtZSI6ImZhcnJlbGwiLCJ1c2VyX2lkIjo1LCJyb2xlcyI6WyJhZG1pbiJdLCJpYXQiOjE3MDA5OTYzOTksImV4cCI6MTczMjUzMjM5OX0.kHPEpscgAnkZrwDZRBv5kQeucp6531JDMlNtnl0wSSo','2024-11-25 10:59:59','2023-11-26 10:59:59'),(15,5,'eyJhbGciOiJIUzI1NiIsInR5cCI6IkpXVCJ9.eyJucnAiOiI1MDI1MjIxMjU4IiwibmFtZSI6ImZhcnJlbGwiLCJ1c2VyX2lkIjo1LCJyb2xlcyI6WyJhZG1pbiJdLCJpYXQiOjE3MDA5OTY0MTYsImV4cCI6MTczMjUzMjQxNn0.lsbPjDj2mYFF9Uaeg2jRp6SjZdN40hWnEkwxAIZJwHU','2024-11-25 11:00:16','2023-11-26 11:00:16'),(16,5,'eyJhbGciOiJIUzI1NiIsInR5cCI6IkpXVCJ9.eyJucnAiOiI1MDI1MjIxMjU4IiwibmFtZSI6ImZhcnJlbGwiLCJ1c2VyX2lkIjo1LCJyb2xlcyI6WyJhZG1pbiJdLCJpYXQiOjE3MDA5OTY0NjQsImV4cCI6MTczMjUzMjQ2NH0.DxU2rHYZV62VNnwoMWPI9BKS1x7MXNd-aoyvmi0uigQ','2024-11-25 11:01:04','2023-11-26 11:01:04'),(17,5,'eyJhbGciOiJIUzI1NiIsInR5cCI6IkpXVCJ9.eyJucnAiOiI1MDI1MjIxMjU4IiwibmFtZSI6ImZhcnJlbGwiLCJ1c2VyX2lkIjo1LCJyb2xlcyI6WyJhZG1pbiJdLCJpYXQiOjE3MDA5OTY0ODMsImV4cCI6MTczMjUzMjQ4M30.j0FKq0uKmwgG0G1zXSZ12c1l2T4K95iokxEoJIjipsI','2024-11-25 11:01:23','2023-11-26 11:01:23'),(18,5,'eyJhbGciOiJIUzI1NiIsInR5cCI6IkpXVCJ9.eyJucnAiOiI1MDI1MjIxMjU4IiwibmFtZSI6ImZhcnJlbGwiLCJ1c2VyX2lkIjo1LCJyb2xlcyI6WyJhZG1pbiJdLCJpYXQiOjE3MDA5OTY0ODUsImV4cCI6MTczMjUzMjQ4NX0.dHK9L6wC3fi4tS1K9TbHviibRv33emPMiOs2bj_Yza8','2024-11-25 11:01:25','2023-11-26 11:01:25'),(19,5,'eyJhbGciOiJIUzI1NiIsInR5cCI6IkpXVCJ9.eyJucnAiOiI1MDI1MjIxMjU4IiwibmFtZSI6ImZhcnJlbGwiLCJ1c2VyX2lkIjo1LCJyb2xlcyI6WyJhZG1pbiJdLCJpYXQiOjE3MDA5OTY0ODYsImV4cCI6MTczMjUzMjQ4Nn0.KxpzYUEaPsZoVk1ABQASWdmFkzM3DVq1q9ktUAroK-s','2024-11-25 11:01:26','2023-11-26 11:01:26'),(20,5,'eyJhbGciOiJIUzI1NiIsInR5cCI6IkpXVCJ9.eyJucnAiOiI1MDI1MjIxMjU4IiwibmFtZSI6ImZhcnJlbGwiLCJ1c2VyX2lkIjo1LCJyb2xlcyI6WyJhZG1pbiJdLCJpYXQiOjE3MDA5OTY0ODcsImV4cCI6MTczMjUzMjQ4N30.22leQ07qUZlMirsovabuTfVnXUl1Wq5su1jW2y7R27g','2024-11-25 11:01:27','2023-11-26 11:01:27'),(21,5,'eyJhbGciOiJIUzI1NiIsInR5cCI6IkpXVCJ9.eyJucnAiOiI1MDI1MjIxMjU4IiwibmFtZSI6ImZhcnJlbGwiLCJ1c2VyX2lkIjo1LCJyb2xlcyI6WyJhZG1pbiJdLCJpYXQiOjE3MDA5OTY1MDYsImV4cCI6MTczMjUzMjUwNn0.QUsdekm0Aseiu9HTcqTggAEfHIrRMneOW-jKZ60G6uw','2024-11-25 11:01:46','2023-11-26 11:01:46'),(22,5,'eyJhbGciOiJIUzI1NiIsInR5cCI6IkpXVCJ9.eyJucnAiOiI1MDI1MjIxMjU4IiwibmFtZSI6ImZhcnJlbGwiLCJ1c2VyX2lkIjo1LCJyb2xlcyI6WyJhZG1pbiJdLCJpYXQiOjE3MDA5OTY1MjUsImV4cCI6MTczMjUzMjUyNX0.Tgpi5pBKRGWLAupWqZ3dVaY8bZsbfFSpZODsUe5iedg','2024-11-25 11:02:05','2023-11-26 11:02:05'),(23,5,'eyJhbGciOiJIUzI1NiIsInR5cCI6IkpXVCJ9.eyJucnAiOiI1MDI1MjIxMjU4IiwibmFtZSI6ImZhcnJlbGwiLCJ1c2VyX2lkIjo1LCJyb2xlcyI6WyJhZG1pbiJdLCJpYXQiOjE3MDA5OTY1MzgsImV4cCI6MTczMjUzMjUzOH0.I5AaCUA0hcU356YsV6hXClsvHalRJ-gCq-0h0LHwPCM','2024-11-25 11:02:18','2023-11-26 11:02:18'),(24,5,'eyJhbGciOiJIUzI1NiIsInR5cCI6IkpXVCJ9.eyJucnAiOiI1MDI1MjIxMjU4IiwibmFtZSI6ImZhcnJlbGwiLCJ1c2VyX2lkIjo1LCJyb2xlcyI6WyJhZG1pbiJdLCJpYXQiOjE3MDA5OTY2MzcsImV4cCI6MTczMjUzMjYzN30.yX-yPaZ2anVnRNpUgbFHveyeWJ6_qsq_tVqx65q1-PE','2024-11-25 11:03:57','2023-11-26 11:03:57'),(25,5,'eyJhbGciOiJIUzI1NiIsInR5cCI6IkpXVCJ9.eyJucnAiOiI1MDI1MjIxMjU4IiwibmFtZSI6ImZhcnJlbGwiLCJ1c2VyX2lkIjo1LCJyb2xlcyI6WyJhZG1pbiJdLCJpYXQiOjE3MDA5OTY2NDksImV4cCI6MTczMjUzMjY0OX0.2dEX7oMV3NdXvdAFhs5EeSNipOPdwM3jmEweRT12HzI','2024-11-25 11:04:09','2023-11-26 11:04:09'),(26,5,'eyJhbGciOiJIUzI1NiIsInR5cCI6IkpXVCJ9.eyJucnAiOiI1MDI1MjIxMjU4IiwibmFtZSI6ImZhcnJlbGwiLCJ1c2VyX2lkIjo1LCJyb2xlcyI6WyJhZG1pbiJdLCJpYXQiOjE3MDA5OTY5OTcsImV4cCI6MTczMjUzMjk5N30.RxrcYCG-t_ErErXl9o6u1T4n0UPpYMMQXW8MGxkvrJg','2024-11-25 11:09:57','2023-11-26 11:09:57'),(27,5,'eyJhbGciOiJIUzI1NiIsInR5cCI6IkpXVCJ9.eyJucnAiOiI1MDI1MjIxMjU4IiwibmFtZSI6ImZhcnJlbGwiLCJ1c2VyX2lkIjo1LCJyb2xlcyI6WyJhZG1pbiJdLCJpYXQiOjE3MDA5OTcwMTksImV4cCI6MTczMjUzMzAxOX0.ZvbOldhCNgr2G_vjkfCOJrK4QWNxXnadfyBiySMN2t0','2024-11-25 11:10:19','2023-11-26 11:10:19'),(28,5,'eyJhbGciOiJIUzI1NiIsInR5cCI6IkpXVCJ9.eyJucnAiOiI1MDI1MjIxMjU4IiwibmFtZSI6ImZhcnJlbGwiLCJ1c2VyX2lkIjo1LCJyb2xlcyI6WyJhZG1pbiJdLCJpYXQiOjE3MDA5OTcwNjYsImV4cCI6MTczMjUzMzA2Nn0.KLjngRqN4rfYbqPAOzbu_6673UHZxr8zPPrl70Cmg6c','2024-11-25 11:11:06','2023-11-26 11:11:06'),(29,5,'eyJhbGciOiJIUzI1NiIsInR5cCI6IkpXVCJ9.eyJucnAiOiI1MDI1MjIxMjU4IiwibmFtZSI6ImZhcnJlbGwiLCJ1c2VyX2lkIjo1LCJyb2xlcyI6WyJhZG1pbiJdLCJpYXQiOjE3MDA5OTcwNjksImV4cCI6MTczMjUzMzA2OX0.JDq06Ay6K25ZFnO3439K76lU2X4P7uNXtKGymYY-u7s','2024-11-25 11:11:09','2023-11-26 11:11:09'),(30,5,'eyJhbGciOiJIUzI1NiIsInR5cCI6IkpXVCJ9.eyJucnAiOiI1MDI1MjIxMjU4IiwibmFtZSI6ImZhcnJlbGwiLCJ1c2VyX2lkIjo1LCJyb2xlcyI6WyJhZG1pbiJdLCJpYXQiOjE3MDA5OTcwODAsImV4cCI6MTczMjUzMzA4MH0.W_X500hAlYPcmwI4KJEjFmGwqxQiejaEVcQBncg9N6w','2024-11-25 11:11:20','2023-11-26 11:11:20'),(31,5,'eyJhbGciOiJIUzI1NiIsInR5cCI6IkpXVCJ9.eyJucnAiOiI1MDI1MjIxMjU4IiwibmFtZSI6ImZhcnJlbGwiLCJ1c2VyX2lkIjo1LCJyb2xlcyI6WyJhZG1pbiJdLCJpYXQiOjE3MDA5OTcxMDYsImV4cCI6MTczMjUzMzEwNn0.n3wsYXREWkQaqSPYiBJFku6UOV6WkTUiWt6lKAZRHak','2024-11-25 11:11:46','2023-11-26 11:11:46'),(32,5,'eyJhbGciOiJIUzI1NiIsInR5cCI6IkpXVCJ9.eyJucnAiOiI1MDI1MjIxMjU4IiwibmFtZSI6ImZhcnJlbGwiLCJ1c2VyX2lkIjo1LCJyb2xlcyI6WyJhZG1pbiJdLCJpYXQiOjE3MDA5OTcxMzksImV4cCI6MTczMjUzMzEzOX0.1kG3t1u_U-l9mBMpioLWRZVWwota8yBZ5gWpAZhnkM4','2024-11-25 11:12:19','2023-11-26 11:12:19'),(33,5,'eyJhbGciOiJIUzI1NiIsInR5cCI6IkpXVCJ9.eyJucnAiOiI1MDI1MjIxMjU4IiwibmFtZSI6ImZhcnJlbGwiLCJ1c2VyX2lkIjo1LCJyb2xlcyI6WyJhZG1pbiJdLCJpYXQiOjE3MDA5OTcxNDEsImV4cCI6MTczMjUzMzE0MX0.HFSGk1cEynLriFWDEU-G-dYbZDg2NObk-P5Vl2i5kFQ','2024-11-25 11:12:21','2023-11-26 11:12:21'),(34,5,'eyJhbGciOiJIUzI1NiIsInR5cCI6IkpXVCJ9.eyJucnAiOiI1MDI1MjIxMjU4IiwibmFtZSI6ImZhcnJlbGwiLCJ1c2VyX2lkIjo1LCJyb2xlcyI6WyJhZG1pbiJdLCJpYXQiOjE3MDA5OTcxNjUsImV4cCI6MTczMjUzMzE2NX0.5T2AIsNw3ZxJjOQrqXKEI5L2TIjYQ6c1XmsaGvESklY','2024-11-25 11:12:45','2023-11-26 11:12:45'),(35,5,'eyJhbGciOiJIUzI1NiIsInR5cCI6IkpXVCJ9.eyJucnAiOiI1MDI1MjIxMjU4IiwibmFtZSI6ImZhcnJlbGwiLCJ1c2VyX2lkIjo1LCJyb2xlcyI6WyJhZG1pbiJdLCJpYXQiOjE3MDA5OTcxNjcsImV4cCI6MTczMjUzMzE2N30.ZRlWjjmxKsefur0uCXdv7XBDqCbqt3nSEK5HYkVhXKo','2024-11-25 11:12:47','2023-11-26 11:12:47'),(36,5,'eyJhbGciOiJIUzI1NiIsInR5cCI6IkpXVCJ9.eyJucnAiOiI1MDI1MjIxMjU4IiwibmFtZSI6ImZhcnJlbGwiLCJ1c2VyX2lkIjo1LCJyb2xlcyI6WyJhZG1pbiJdLCJpYXQiOjE3MDA5OTcxNzksImV4cCI6MTczMjUzMzE3OX0.bFBb24q5alnHSQ0cI9o3yF4cejaT5rRxPihbO2OhU4U','2024-11-25 11:12:59','2023-11-26 11:12:59'),(37,5,'eyJhbGciOiJIUzI1NiIsInR5cCI6IkpXVCJ9.eyJucnAiOiI1MDI1MjIxMjU4IiwibmFtZSI6ImZhcnJlbGwiLCJ1c2VyX2lkIjo1LCJyb2xlcyI6WyJhZG1pbiJdLCJpYXQiOjE3MDA5OTcxODksImV4cCI6MTczMjUzMzE4OX0.6nPC6RKSnE1-fWAaV5zsXZtes_KHzSIVwI8nI_SIpHk','2024-11-25 11:13:09','2023-11-26 11:13:09'),(38,5,'eyJhbGciOiJIUzI1NiIsInR5cCI6IkpXVCJ9.eyJucnAiOiI1MDI1MjIxMjU4IiwibmFtZSI6ImZhcnJlbGwiLCJ1c2VyX2lkIjo1LCJyb2xlcyI6WyJhZG1pbiJdLCJpYXQiOjE3MDA5OTczMDYsImV4cCI6MTczMjUzMzMwNn0.EVQGou0cwq-hCNETjpcZ5b85OLDDO9q98xxRIdgxVr4','2024-11-25 11:15:06','2023-11-26 11:15:06'),(39,5,'eyJhbGciOiJIUzI1NiIsInR5cCI6IkpXVCJ9.eyJucnAiOiI1MDI1MjIxMjU4IiwibmFtZSI6ImZhcnJlbGwiLCJ1c2VyX2lkIjo1LCJyb2xlcyI6WyJhZG1pbiJdLCJpYXQiOjE3MDA5OTc0MjcsImV4cCI6MTczMjUzMzQyN30.IC0akRSG40KNq0xjDIVYMa8h3M4VF_Z0UGXWTTYBmXk','2024-11-25 11:17:07','2023-11-26 11:17:07'),(40,5,'eyJhbGciOiJIUzI1NiIsInR5cCI6IkpXVCJ9.eyJucnAiOiI1MDI1MjIxMjU4IiwibmFtZSI6ImZhcnJlbGwiLCJ1c2VyX2lkIjo1LCJyb2xlcyI6WyJhZG1pbiJdLCJpYXQiOjE3MDA5OTc0MzMsImV4cCI6MTczMjUzMzQzM30.F5Nz2tPLjFR03S1nHPgF4sus9_vbqDlJkZfGeauQPoM','2024-11-25 11:17:13','2023-11-26 11:17:13'),(41,5,'eyJhbGciOiJIUzI1NiIsInR5cCI6IkpXVCJ9.eyJucnAiOiI1MDI1MjIxMjU4IiwibmFtZSI6ImZhcnJlbGwiLCJ1c2VyX2lkIjo1LCJyb2xlcyI6WyJhZG1pbiJdLCJpYXQiOjE3MDA5OTc0NTEsImV4cCI6MTczMjUzMzQ1MX0.XTAmvbukVuGLGpwBeTL0b5upsQEij_yThOOjraTg6YE','2024-11-25 11:17:31','2023-11-26 11:17:31'),(42,5,'eyJhbGciOiJIUzI1NiIsInR5cCI6IkpXVCJ9.eyJucnAiOiI1MDI1MjIxMjU4IiwibmFtZSI6ImZhcnJlbGwiLCJ1c2VyX2lkIjo1LCJyb2xlcyI6WyJhZG1pbiJdLCJpYXQiOjE3MDA5OTc0NTEsImV4cCI6MTczMjUzMzQ1MX0.XTAmvbukVuGLGpwBeTL0b5upsQEij_yThOOjraTg6YE','2024-11-25 11:17:31','2023-11-26 11:17:31'),(43,5,'eyJhbGciOiJIUzI1NiIsInR5cCI6IkpXVCJ9.eyJucnAiOiI1MDI1MjIxMjU4IiwibmFtZSI6ImZhcnJlbGwiLCJ1c2VyX2lkIjo1LCJyb2xlcyI6WyJhZG1pbiJdLCJpYXQiOjE3MDA5OTc0NTEsImV4cCI6MTczMjUzMzQ1MX0.XTAmvbukVuGLGpwBeTL0b5upsQEij_yThOOjraTg6YE','2024-11-25 11:17:31','2023-11-26 11:17:31'),(44,5,'eyJhbGciOiJIUzI1NiIsInR5cCI6IkpXVCJ9.eyJucnAiOiI1MDI1MjIxMjU4IiwibmFtZSI6ImZhcnJlbGwiLCJ1c2VyX2lkIjo1LCJyb2xlcyI6WyJhZG1pbiJdLCJpYXQiOjE3MDA5OTc4NDksImV4cCI6MTczMjUzMzg0OX0.QGp-yHxcl_EXfFbQmUmvvcEpvMeiiR2r-mRn7FdNqMQ','2024-11-25 11:24:09','2023-11-26 11:24:09'),(45,5,'eyJhbGciOiJIUzI1NiIsInR5cCI6IkpXVCJ9.eyJucnAiOiI1MDI1MjIxMjU4IiwibmFtZSI6ImZhcnJlbGwiLCJ1c2VyX2lkIjo1LCJyb2xlcyI6WyJhZG1pbiJdLCJpYXQiOjE3MDA5OTc4NTEsImV4cCI6MTczMjUzMzg1MX0.K9vwzz8XpcrV8Or2LwPcPSA5ohmOTk_P1ntDJay55MU','2024-11-25 11:24:11','2023-11-26 11:24:11'),(46,5,'eyJhbGciOiJIUzI1NiIsInR5cCI6IkpXVCJ9.eyJucnAiOiI1MDI1MjIxMjU4IiwibmFtZSI6ImZhcnJlbGwiLCJ1c2VyX2lkIjo1LCJyb2xlcyI6WyJhZG1pbiJdLCJpYXQiOjE3MDA5OTc4NjEsImV4cCI6MTczMjUzMzg2MX0.enXGFeiuqTY_El5WXqv1O6Cpt7mDDWehpwvbcNskc9w','2024-11-25 11:24:21','2023-11-26 11:24:21'),(47,5,'eyJhbGciOiJIUzI1NiIsInR5cCI6IkpXVCJ9.eyJucnAiOiI1MDI1MjIxMjU4IiwibmFtZSI6ImZhcnJlbGwiLCJ1c2VyX2lkIjo1LCJyb2xlcyI6WyJhZG1pbiJdLCJpYXQiOjE3MDA5OTc4NjMsImV4cCI6MTczMjUzMzg2M30.lDwa0VQUR80m8qI66QEht8g1uyPNZ7Uxq7YZGxIqnxU','2024-11-25 11:24:23','2023-11-26 11:24:23'),(48,5,'eyJhbGciOiJIUzI1NiIsInR5cCI6IkpXVCJ9.eyJucnAiOiI1MDI1MjIxMjU4IiwibmFtZSI6ImZhcnJlbGwiLCJ1c2VyX2lkIjo1LCJyb2xlcyI6WyJhZG1pbiJdLCJpYXQiOjE3MDA5OTc4OTgsImV4cCI6MTczMjUzMzg5OH0.sU-FqszbjqVEoZZ4CWvIJt3u20Y2CTL4N-4K6NX8NWU','2024-11-25 11:24:58','2023-11-26 11:24:58'),(49,5,'eyJhbGciOiJIUzI1NiIsInR5cCI6IkpXVCJ9.eyJucnAiOiI1MDI1MjIxMjU4IiwibmFtZSI6ImZhcnJlbGwiLCJ1c2VyX2lkIjo1LCJyb2xlcyI6WyJhZG1pbiJdLCJpYXQiOjE3MDA5OTgzOTYsImV4cCI6MTczMjUzNDM5Nn0.0YVMtKp36pvD3oBwNMO3nTscaHa_Fq4yGh-7rCelsqQ','2024-11-25 11:33:16','2023-11-26 11:33:16'),(50,5,'eyJhbGciOiJIUzI1NiIsInR5cCI6IkpXVCJ9.eyJucnAiOiI1MDI1MjIxMjU4IiwibmFtZSI6ImZhcnJlbGwiLCJ1c2VyX2lkIjo1LCJyb2xlcyI6WyJhZG1pbiJdLCJpYXQiOjE3MDA5OTg0MjcsImV4cCI6MTczMjUzNDQyN30.8DZSw5Q-Wb9BtTGgPP0uLl4VPih64EyyWfnQrV-sDio','2024-11-25 11:33:47','2023-11-26 11:33:47'),(51,5,'eyJhbGciOiJIUzI1NiIsInR5cCI6IkpXVCJ9.eyJucnAiOiI1MDI1MjIxMjU4IiwibmFtZSI6ImZhcnJlbGwiLCJ1c2VyX2lkIjo1LCJyb2xlcyI6WyJhZG1pbiJdLCJpYXQiOjE3MDA5OTg1MzEsImV4cCI6MTczMjUzNDUzMX0.vpXMPNHIOivOp69ky6fQe69zQnUN_UHO_oTmSP7MPl4','2024-11-25 11:35:31','2023-11-26 11:35:31'),(52,3,'eyJhbGciOiJIUzI1NiIsInR5cCI6IkpXVCJ9.eyJucnAiOiI1MDI0MjAxMDQ2IiwibmFtZSI6IkZhaXNhbCBUaGFyaXEiLCJ1c2VyX2lkIjozLCJyb2xlcyI6WyJwcmFrdGlrYW4iLCJhc2lzdGVuIl0sImlhdCI6MTcwMTAwMzYwOCwiZXhwIjoxNzMyNTM5NjA4fQ.Ve5t_p6I5zOT7KzX6dEq2p24svphFbJqZi5ck-fgZII','2024-11-25 13:00:08','2023-11-26 13:00:08'),(53,2,'eyJhbGciOiJIUzI1NiIsInR5cCI6IkpXVCJ9.eyJucnAiOiI1MDI0MjAxMDIzIiwibmFtZSI6IkRlc2lhbmEgRml0cmlhIiwidXNlcl9pZCI6Miwicm9sZXMiOlsiYWRtaW4iXSwiaWF0IjoxNzAxMDY2NzA3LCJleHAiOjE3MzI2MDI3MDd9.2fZ-wWCnwAMbm-3g9h6PBhfXFs2q_PfmsitH-F9eSk8','2024-11-26 06:31:47','2023-11-27 06:31:47'),(57,5,'eyJhbGciOiJIUzI1NiIsInR5cCI6IkpXVCJ9.eyJucnAiOiI1MDI1MjIxMjU4IiwibmFtZSI6ImZhcnJlbGwiLCJ1c2VyX2lkIjo1LCJyb2xlcyI6WyJhZG1pbiJdLCJpYXQiOjE3MDEwNjk0MTMsImV4cCI6MTczMjYwNTQxM30.xC41awCy4wFtRoORlyLBIfLggdRwh3nUoXUadnpiF-g','2024-11-26 07:16:53','2023-11-27 07:16:53'),(61,5,'eyJhbGciOiJIUzI1NiIsInR5cCI6IkpXVCJ9.eyJucnAiOiI1MDI1MjIxMjU4IiwibmFtZSI6ImZhcnJlbGwiLCJ1c2VyX2lkIjo1LCJyb2xlcyI6WyJhZG1pbiJdLCJpYXQiOjE3MDEwNzMwODYsImV4cCI6MTczMjYwOTA4Nn0.NK6bnEa5GcNNx0finyEmV7VEwpJWz_LRj8TZG_TZWuw','2024-11-26 08:18:06','2023-11-27 08:18:06'),(62,5,'eyJhbGciOiJIUzI1NiIsInR5cCI6IkpXVCJ9.eyJucnAiOiI1MDI1MjIxMjU4IiwibmFtZSI6ImZhcnJlbGwiLCJ1c2VyX2lkIjo1LCJyb2xlcyI6WyJhZG1pbiJdLCJpYXQiOjE3MDEwNzM0ODMsImV4cCI6MTczMjYwOTQ4M30.pCeN868rWb1WHf5lq8zARQ6DB5BFxHdF6AgaTy2oyeY','2024-11-26 08:24:43','2023-11-27 08:24:43'),(63,2,'eyJhbGciOiJIUzI1NiIsInR5cCI6IkpXVCJ9.eyJucnAiOiI1MDI0MjAxMDIzIiwibmFtZSI6IkRlc2lhbmEgRml0cmlhIiwidXNlcl9pZCI6Miwicm9sZXMiOlsiYWRtaW4iXSwiaWF0IjoxNzAxODg5MjM5LCJleHAiOjE3MzM0MjUyMzl9.nWsBdmAeTRNzkXI-Vmi-lPc74ic1jhYRdddkieb5s3k','2024-12-05 19:00:39','2023-12-06 19:00:39'),(64,2,'eyJhbGciOiJIUzI1NiIsInR5cCI6IkpXVCJ9.eyJucnAiOiI1MDI0MjAxMDIzIiwibmFtZSI6IkRlc2lhbmEgRml0cmlhIiwidXNlcl9pZCI6Miwicm9sZXMiOlsiYWRtaW4iXSwiaWF0IjoxNzAxODkyMzMyLCJleHAiOjE3MzM0MjgzMzJ9.7ESE7aemc8VehqSaQu0Ec7zjOZjiZ8F25HSeUfOk5to','2024-12-05 19:52:12','2023-12-06 19:52:12'),(65,2,'eyJhbGciOiJIUzI1NiIsInR5cCI6IkpXVCJ9.eyJucnAiOiI1MDI0MjAxMDIzIiwibmFtZSI6IkRlc2lhbmEgRml0cmlhIiwidXNlcl9pZCI6Miwicm9sZXMiOlsiYWRtaW4iXSwiaWF0IjoxNzAxOTEzNjczLCJleHAiOjE3MzM0NDk2NzN9.HZnipjlXS3mMJYnebmFoPElLldEIpwMv67Aw0Hk0HVk','2024-12-06 01:47:53','2023-12-07 01:47:53'),(66,2,'eyJhbGciOiJIUzI1NiIsInR5cCI6IkpXVCJ9.eyJucnAiOiI1MDI0MjAxMDIzIiwibmFtZSI6IkRlc2lhbmEgRml0cmlhIiwidXNlcl9pZCI6Miwicm9sZXMiOlsiYWRtaW4iXSwiaWF0IjoxNzAxOTM5ODk4LCJleHAiOjE3MzM0NzU4OTh9.RRt4__gJg6fIfjp1e06RIvRxGBKBAIre4mcCKr8S5Nc','2024-12-06 09:04:58','2023-12-07 09:04:58'),(68,6,'eyJhbGciOiJIUzI1NiIsInR5cCI6IkpXVCJ9.eyJucnAiOiI1MDI0MjAxMDE3IiwibmFtZSI6IkpvZWwgTmFwaXR1cHVsdSIsInVzZXJfaWQiOjYsInJvbGVzIjpbInByYWt0aWthbiJdLCJpYXQiOjE3MDIwMTk0OTksImV4cCI6MTczMzU1NTQ5OX0.CNoRpfwjUBUQxbEmXUStrh8-M5nbeBqCOOQLhQi-Jyk','2024-12-07 07:11:39','2023-12-08 07:11:39'),(70,3,'eyJhbGciOiJIUzI1NiIsInR5cCI6IkpXVCJ9.eyJucnAiOiI1MDI0MjAxMDQ2IiwibmFtZSI6IkZhaXNhbCBUaGFyaXEiLCJ1c2VyX2lkIjozLCJyb2xlcyI6WyJwcmFrdGlrYW4iLCJhc2lzdGVuIl0sImlhdCI6MTcwMjAyNjk0MiwiZXhwIjoxNzMzNTYyOTQyfQ.mOaKCbt9tHnZOLdIxO9WKXqGqpWx1wFMqAkYWXJABYA','2024-12-07 09:15:42','2023-12-08 09:15:42'),(71,2,'eyJhbGciOiJIUzI1NiIsInR5cCI6IkpXVCJ9.eyJucnAiOiI1MDI0MjAxMDIzIiwibmFtZSI6IkRlc2lhbmEgRml0cmlhIiwidXNlcl9pZCI6Miwicm9sZXMiOlsiYWRtaW4iXSwiaWF0IjoxNzAyMTUwMDY2LCJleHAiOjE3MzM2ODYwNjZ9.A-PvdNo38APLiORqz_aEWrIb6TO_xdBbAU1eRSfBQrg','2024-12-08 19:27:46','2023-12-09 19:27:46'),(72,2,'eyJhbGciOiJIUzI1NiIsInR5cCI6IkpXVCJ9.eyJucnAiOiI1MDI0MjAxMDIzIiwibmFtZSI6IkRlc2lhbmEgRml0cmlhIiwidXNlcl9pZCI6Miwicm9sZXMiOlsiYWRtaW4iXSwiaWF0IjoxNzAyMTgzMDk0LCJleHAiOjE3MzM3MTkwOTR9._o3B_qqGb3T-us2D6-8foA2ggI3j5HnRZzqjNhWRH3g','2024-12-09 04:38:14','2023-12-10 04:38:14'),(77,3,'eyJhbGciOiJIUzI1NiIsInR5cCI6IkpXVCJ9.eyJucnAiOiI1MDI0MjAxMDQ2IiwibmFtZSI6IkZhaXNhbCBUaGFyaXEiLCJ1c2VyX2lkIjozLCJyb2xlcyI6WyJwcmFrdGlrYW4iLCJhc2lzdGVuIl0sImlhdCI6MTcwMjcxNDMyNCwiZXhwIjoxNzM0MjUwMzI0fQ.X-RRL_D5on1cPK59gngY1UGK0V2649RvGTp-4Gtpc-0','2024-12-15 08:12:04','2023-12-16 08:12:04'),(81,2,'eyJhbGciOiJIUzI1NiIsInR5cCI6IkpXVCJ9.eyJucnAiOiI1MDI0MjAxMDIzIiwibmFtZSI6IkRlc2lhbmEgRml0cmlhIiwidXNlcl9pZCI6Miwicm9sZXMiOlsiYWRtaW4iXSwiaWF0IjoxNzAyNzc3ODc3LCJleHAiOjE3MzQzMTM4Nzd9.GGwYCleNGvL1rmbDiG-t5lSqnuaQikV2fpjjltEKY20','2024-12-16 01:51:17','2023-12-17 01:51:17'),(82,6,'eyJhbGciOiJIUzI1NiIsInR5cCI6IkpXVCJ9.eyJucnAiOiI1MDI0MjAxMDE3IiwibmFtZSI6IkpvZWwgTmFwaXR1cHVsdSIsInVzZXJfaWQiOjYsInJvbGVzIjpbInByYWt0aWthbiJdLCJpYXQiOjE3MDI3Nzc5NDUsImV4cCI6MTczNDMxMzk0NX0.pL2_xm6bF6TiIS41WUh_g-kpUYKbtXKWmuSraDnFKNE','2024-12-16 01:52:25','2023-12-17 01:52:25'),(84,2,'eyJhbGciOiJIUzI1NiIsInR5cCI6IkpXVCJ9.eyJucnAiOiI1MDI0MjAxMDIzIiwibmFtZSI6IkRlc2lhbmEgRml0cmlhIiwidXNlcl9pZCI6Miwicm9sZXMiOlsiYWRtaW4iXSwiaWF0IjoxNzAyNzc4OTUzLCJleHAiOjE3MzQzMTQ5NTN9.UyEyZUUcbV4urgBa_HNUBVBks4uU5VeqwdNyndujj2o','2024-12-16 02:09:13','2023-12-17 02:09:13'),(86,3,'eyJhbGciOiJIUzI1NiIsInR5cCI6IkpXVCJ9.eyJucnAiOiI1MDI0MjAxMDQ2IiwibmFtZSI6IkZhaXNhbCBUaGFyaXEiLCJ1c2VyX2lkIjozLCJyb2xlcyI6WyJwcmFrdGlrYW4iLCJhc2lzdGVuIl0sImlhdCI6MTcwMjc3OTI5MSwiZXhwIjoxNzM0MzE1MjkxfQ.w9s-ysPhF18pz7wsu73sJ_z8Soh3OpV_2d1xV3EsUr0','2024-12-16 02:14:51','2023-12-17 02:14:51'),(87,2,'eyJhbGciOiJIUzI1NiIsInR5cCI6IkpXVCJ9.eyJucnAiOiI1MDI0MjAxMDIzIiwibmFtZSI6IkRlc2lhbmEgRml0cmlhIiwidXNlcl9pZCI6Miwicm9sZXMiOlsiYWRtaW4iXSwiaWF0IjoxNzAyNzc5NzA4LCJleHAiOjE3MzQzMTU3MDh9.KFBAyxIKRL_Dzefv5EB0JwyTPtguk-iAU8GOPVF0ir0','2024-12-16 02:21:48','2023-12-17 02:21:48'),(88,6,'eyJhbGciOiJIUzI1NiIsInR5cCI6IkpXVCJ9.eyJucnAiOiI1MDI0MjAxMDE3IiwibmFtZSI6IkpvZWwgTmFwaXR1cHVsdSIsInVzZXJfaWQiOjYsInJvbGVzIjpbInByYWt0aWthbiJdLCJpYXQiOjE3MDI3ODAzMjEsImV4cCI6MTczNDMxNjMyMX0.Xkjxd2a8cF2Q8zaVR80v7la5Wt59fCUTBGcJGMGOCis','2024-12-16 02:32:01','2023-12-17 02:32:01'),(89,3,'eyJhbGciOiJIUzI1NiIsInR5cCI6IkpXVCJ9.eyJucnAiOiI1MDI0MjAxMDQ2IiwibmFtZSI6IkZhaXNhbCBUaGFyaXEiLCJ1c2VyX2lkIjozLCJyb2xlcyI6WyJwcmFrdGlrYW4iLCJhc2lzdGVuIl0sImlhdCI6MTcwMjc4MTYzMSwiZXhwIjoxNzM0MzE3NjMxfQ.7WYD_Hvb1J1aTmkVmyX2jdLe8SGU3A7XqwPrxS1VK3U','2024-12-16 02:53:51','2023-12-17 02:53:51'),(90,2,'eyJhbGciOiJIUzI1NiIsInR5cCI6IkpXVCJ9.eyJucnAiOiI1MDI0MjAxMDIzIiwibmFtZSI6IkRlc2lhbmEgRml0cmlhIiwidXNlcl9pZCI6Miwicm9sZXMiOlsiYWRtaW4iXSwiaWF0IjoxNzAyNzgyMzM5LCJleHAiOjE3MzQzMTgzMzl9.5SrQETYdB3kGA4aNrfHU22eim1zZ4d1nfKfZquNu3u8','2024-12-16 03:05:39','2023-12-17 03:05:39'),(91,2,'eyJhbGciOiJIUzI1NiIsInR5cCI6IkpXVCJ9.eyJucnAiOiI1MDI0MjAxMDIzIiwibmFtZSI6IkRlc2lhbmEgRml0cmlhIiwidXNlcl9pZCI6Miwicm9sZXMiOlsiYWRtaW4iXSwiaWF0IjoxNzAyNzgyNTM4LCJleHAiOjE3MzQzMTg1Mzh9.PRlrWlSODX3y3lbwvEv_o7PX72UUVjyi0N6DPTlz62o','2024-12-16 03:08:58','2023-12-17 03:08:58'),(92,2,'eyJhbGciOiJIUzI1NiIsInR5cCI6IkpXVCJ9.eyJucnAiOiI1MDI0MjAxMDIzIiwibmFtZSI6IkRlc2lhbmEgRml0cmlhIiwidXNlcl9pZCI6Miwicm9sZXMiOlsiYWRtaW4iXSwiaWF0IjoxNzAyNzgyNzE3LCJleHAiOjE3MzQzMTg3MTd9.Rdpj4fSsSqf5TUqrPsxa0OChDBHyNvsGB0RKOtworcQ','2024-12-16 03:11:57','2023-12-17 03:11:57'),(93,2,'eyJhbGciOiJIUzI1NiIsInR5cCI6IkpXVCJ9.eyJucnAiOiI1MDI0MjAxMDIzIiwibmFtZSI6IkRlc2lhbmEgRml0cmlhIiwidXNlcl9pZCI6Miwicm9sZXMiOlsiYWRtaW4iXSwiaWF0IjoxNzAyNzkwNjU0LCJleHAiOjE3MzQzMjY2NTR9.DeFMS-mNu9scNkmBl1BLXB0hJa9j9BesE8sIeCuG4Nc','2024-12-16 05:24:14','2023-12-17 05:24:14'),(95,2,'eyJhbGciOiJIUzI1NiIsInR5cCI6IkpXVCJ9.eyJucnAiOiI1MDI0MjAxMDIzIiwibmFtZSI6IkRlc2lhbmEgRml0cmlhIiwidXNlcl9pZCI6Miwicm9sZXMiOlsiYWRtaW4iXSwiaWF0IjoxNzAyODAxMjUxLCJleHAiOjE3MzQzMzcyNTF9.qz0MSpoH74p78z6nVRTf5HG4_vLWjZ4IkoKqx3V1xvw','2024-12-16 08:20:51','2023-12-17 08:20:51'),(96,2,'eyJhbGciOiJIUzI1NiIsInR5cCI6IkpXVCJ9.eyJucnAiOiI1MDI0MjAxMDIzIiwibmFtZSI6IkRlc2lhbmEgRml0cmlhIiwidXNlcl9pZCI6Miwicm9sZXMiOlsiYWRtaW4iXSwiaWF0IjoxNzAyODAxNDk2LCJleHAiOjE3MzQzMzc0OTZ9.gQM0XrX6v3S3WyBBIB77Grm--ndCiZcG1fiSybcychA','2024-12-16 08:24:56','2023-12-17 08:24:56'),(98,7,'eyJhbGciOiJIUzI1NiIsInR5cCI6IkpXVCJ9.eyJucnAiOiI1MDIyMjIxMDAxIiwibmFtZSI6ImNvYmExIiwidXNlcl9pZCI6Nywicm9sZXMiOlsicHJha3Rpa2FuIl0sImlhdCI6MTcwMjgwMTg4MywiZXhwIjoxNzM0MzM3ODgzfQ.jSAfFzqlVleWlPv2z7qoSCI86Sw2LItVzLHGSfsMoU0','2024-12-16 08:31:23','2023-12-17 08:31:23'),(99,8,'eyJhbGciOiJIUzI1NiIsInR5cCI6IkpXVCJ9.eyJucnAiOiI1MDIyMjIxMDAyIiwibmFtZSI6InRlc3QyIiwidXNlcl9pZCI6OCwicm9sZXMiOlsicHJha3Rpa2FuIl0sImlhdCI6MTcwMjgwMzM3NCwiZXhwIjoxNzM0MzM5Mzc0fQ.RPhiqZobZLZpARSRJ54vUEclVyXfVZBHumm-7p195JY','2024-12-16 08:56:14','2023-12-17 08:56:14'),(100,8,'eyJhbGciOiJIUzI1NiIsInR5cCI6IkpXVCJ9.eyJucnAiOiI1MDIyMjIxMDAyIiwibmFtZSI6InRlc3QyIiwidXNlcl9pZCI6OCwicm9sZXMiOlsicHJha3Rpa2FuIl0sImlhdCI6MTcwMjgwMzU3MywiZXhwIjoxNzM0MzM5NTczfQ.sp-8MgAe8bs_AeUdGCx0dhAZ_X_UpfEDCddbx8IC4jk','2024-12-16 08:59:33','2023-12-17 08:59:33'),(101,7,'eyJhbGciOiJIUzI1NiIsInR5cCI6IkpXVCJ9.eyJucnAiOiI1MDIyMjIxMDAxIiwibmFtZSI6ImNvYmExIiwidXNlcl9pZCI6Nywicm9sZXMiOlsicHJha3Rpa2FuIl0sImlhdCI6MTcwMjgwMzgyOCwiZXhwIjoxNzM0MzM5ODI4fQ.3ifJYKt5pgXFOuQqq-AjKfwWbUyujN-eQDcDuCpQVYM','2024-12-16 09:03:48','2023-12-17 09:03:48'),(102,7,'eyJhbGciOiJIUzI1NiIsInR5cCI6IkpXVCJ9.eyJucnAiOiI1MDIyMjIxMDAxIiwibmFtZSI6ImNvYmExIiwidXNlcl9pZCI6Nywicm9sZXMiOlsicHJha3Rpa2FuIl0sImlhdCI6MTcwMjgwNDMxMiwiZXhwIjoxNzM0MzQwMzEyfQ.ZekiJpR0cudArkrVgjKayji_bAvwKImWgJpecH3V_Bs','2024-12-16 09:11:52','2023-12-17 09:11:52'),(103,7,'eyJhbGciOiJIUzI1NiIsInR5cCI6IkpXVCJ9.eyJucnAiOiI1MDIyMjIxMDAxIiwibmFtZSI6ImNvYmExIiwidXNlcl9pZCI6Nywicm9sZXMiOlsicHJha3Rpa2FuIl0sImlhdCI6MTcwMjgwNDY1NywiZXhwIjoxNzM0MzQwNjU3fQ.tDLFvJi2h_i78B0g5nqBbqw5L6vDrFbKy6EiSwoBt04','2024-12-16 09:17:37','2023-12-17 09:17:37'),(104,7,'eyJhbGciOiJIUzI1NiIsInR5cCI6IkpXVCJ9.eyJucnAiOiI1MDIyMjIxMDAxIiwibmFtZSI6ImNvYmExIiwidXNlcl9pZCI6Nywicm9sZXMiOlsicHJha3Rpa2FuIl0sImlhdCI6MTcwMjgwNDgzOCwiZXhwIjoxNzM0MzQwODM4fQ.UWu4yyZxBIMffP9Ve3eY_9Fpv4j4qTRUrAATXnSVbHU','2024-12-16 09:20:38','2023-12-17 09:20:38'),(105,7,'eyJhbGciOiJIUzI1NiIsInR5cCI6IkpXVCJ9.eyJucnAiOiI1MDIyMjIxMDAxIiwibmFtZSI6ImNvYmExIiwidXNlcl9pZCI6Nywicm9sZXMiOlsicHJha3Rpa2FuIl0sImlhdCI6MTcwMjgwNTUxMiwiZXhwIjoxNzM0MzQxNTEyfQ.tzxrA7y_fM0nGHC0RhixFeHIlL5lt7Wt4UIR-qlQnuE','2024-12-16 09:31:52','2023-12-17 09:31:52'),(106,2,'eyJhbGciOiJIUzI1NiIsInR5cCI6IkpXVCJ9.eyJucnAiOiI1MDI0MjAxMDIzIiwibmFtZSI6IkRlc2lhbmEgRml0cmlhIiwidXNlcl9pZCI6Miwicm9sZXMiOlsiYWRtaW4iXSwiaWF0IjoxNzAyODA1NTQwLCJleHAiOjE3MzQzNDE1NDB9.ZzkxL4ganflFRndUSe4zKxjqngA9rpS-EDjL68JwuiU','2024-12-16 09:32:20','2023-12-17 09:32:20'),(107,3,'eyJhbGciOiJIUzI1NiIsInR5cCI6IkpXVCJ9.eyJucnAiOiI1MDI0MjAxMDQ2IiwibmFtZSI6IkZhaXNhbCBUaGFyaXEiLCJ1c2VyX2lkIjozLCJyb2xlcyI6WyJwcmFrdGlrYW4iLCJhc2lzdGVuIl0sImlhdCI6MTcwMjgwNTU3NiwiZXhwIjoxNzM0MzQxNTc2fQ.Eau7VcAVYwv6rnAdEUcxdnnCAMViQ1IMIW4cfMZaPSg','2024-12-16 09:32:56','2023-12-17 09:32:56'),(109,3,'eyJhbGciOiJIUzI1NiIsInR5cCI6IkpXVCJ9.eyJucnAiOiI1MDI0MjAxMDQ2IiwibmFtZSI6IkZhaXNhbCBUaGFyaXEiLCJ1c2VyX2lkIjozLCJyb2xlcyI6WyJwcmFrdGlrYW4iLCJhc2lzdGVuIl0sImlhdCI6MTcwMjgwNjY5MCwiZXhwIjoxNzM0MzQyNjkwfQ.kwovrzW556f4ND8qtuXu3H5FCaUKMshHBOAuAS_bpg8','2024-12-16 09:51:30','2023-12-17 09:51:30'),(111,3,'eyJhbGciOiJIUzI1NiIsInR5cCI6IkpXVCJ9.eyJucnAiOiI1MDI0MjAxMDQ2IiwibmFtZSI6IkZhaXNhbCBUaGFyaXEiLCJ1c2VyX2lkIjozLCJyb2xlcyI6WyJwcmFrdGlrYW4iLCJhc2lzdGVuIl0sImlhdCI6MTcwMjkxNjYzNSwiZXhwIjoxNzM0NDUyNjM1fQ.3Y8WOq2TS3YdrWwK4BIZIrvrDnMkhIhFFT6clSwyHhc','2024-12-17 16:23:55','2023-12-18 16:23:55'),(112,3,'eyJhbGciOiJIUzI1NiIsInR5cCI6IkpXVCJ9.eyJucnAiOiI1MDI0MjAxMDQ2IiwibmFtZSI6IkZhaXNhbCBUaGFyaXEiLCJ1c2VyX2lkIjozLCJyb2xlcyI6WyJwcmFrdGlrYW4iLCJhc2lzdGVuIl0sImlhdCI6MTcwMjkxNzI5NiwiZXhwIjoxNzM0NDUzMjk2fQ.hY64aXD6FDeWzk2_4FcLKHQCk0txl_WFyTod9N9wun0','2024-12-17 16:34:56','2023-12-18 16:34:56'),(113,3,'eyJhbGciOiJIUzI1NiIsInR5cCI6IkpXVCJ9.eyJucnAiOiI1MDI0MjAxMDQ2IiwibmFtZSI6IkZhaXNhbCBUaGFyaXEiLCJ1c2VyX2lkIjozLCJyb2xlcyI6WyJwcmFrdGlrYW4iLCJhc2lzdGVuIl0sImlhdCI6MTcwMjkxNzMzNCwiZXhwIjoxNzM0NDUzMzM0fQ.gku7AORl_u314tZKwbk3tYR13ekpjdXIZrUX4s9i-z4','2024-12-17 16:35:34','2023-12-18 16:35:34'),(114,6,'eyJhbGciOiJIUzI1NiIsInR5cCI6IkpXVCJ9.eyJucnAiOiI1MDI0MjAxMDE3IiwibmFtZSI6IkpvZWwgTmFwaXR1cHVsdSIsInVzZXJfaWQiOjYsInJvbGVzIjpbInByYWt0aWthbiJdLCJpYXQiOjE3MDI5MTczOTEsImV4cCI6MTczNDQ1MzM5MX0.aA37f8nVRJlYNByYLQf7z7rr03XoHjd5yXvkFbtPWds','2024-12-17 16:36:31','2023-12-18 16:36:31'),(115,2,'eyJhbGciOiJIUzI1NiIsInR5cCI6IkpXVCJ9.eyJucnAiOiI1MDI0MjAxMDIzIiwibmFtZSI6IkRlc2lhbmEgRml0cmlhIiwidXNlcl9pZCI6Miwicm9sZXMiOlsiYWRtaW4iXSwiaWF0IjoxNzAyOTE3NzU2LCJleHAiOjE3MzQ0NTM3NTZ9.2nuInThCSNUNbD0zuRmwyllVOnqb9dJ08VUsjNObT2M','2024-12-17 16:42:36','2023-12-18 16:42:36'),(116,2,'eyJhbGciOiJIUzI1NiIsInR5cCI6IkpXVCJ9.eyJucnAiOiI1MDI0MjAxMDIzIiwibmFtZSI6IkRlc2lhbmEgRml0cmlhIiwidXNlcl9pZCI6Miwicm9sZXMiOlsiYWRtaW4iXSwiaWF0IjoxNzAyOTUzMjc4LCJleHAiOjE3MzQ0ODkyNzh9.Q8LzR-mKCMLU29eNMmljDcBxeCbXQEwg5_q4EBwZANU','2024-12-18 02:34:38','2023-12-19 02:34:38'),(117,2,'eyJhbGciOiJIUzI1NiIsInR5cCI6IkpXVCJ9.eyJucnAiOiI1MDI0MjAxMDIzIiwibmFtZSI6IkRlc2lhbmEgRml0cmlhIiwidXNlcl9pZCI6Miwicm9sZXMiOlsiYWRtaW4iXSwiaWF0IjoxNzAyOTUzNjg2LCJleHAiOjE3MzQ0ODk2ODZ9.sEyT2ttWhrBterk4g9hoZT6st0ujL0iY6tMCLB06D4k','2024-12-18 02:41:26','2023-12-19 02:41:26'),(118,2,'eyJhbGciOiJIUzI1NiIsInR5cCI6IkpXVCJ9.eyJucnAiOiI1MDI0MjAxMDIzIiwibmFtZSI6IkRlc2lhbmEgRml0cmlhIiwidXNlcl9pZCI6Miwicm9sZXMiOlsiYWRtaW4iXSwiaWF0IjoxNzAyOTU0MDkxLCJleHAiOjE3MzQ0OTAwOTF9.psV0t577JBhNf7nAZzCSvKy8CrdaxPwr5G_ExxolK0k','2024-12-18 02:48:11','2023-12-19 02:48:11'),(119,2,'eyJhbGciOiJIUzI1NiIsInR5cCI6IkpXVCJ9.eyJucnAiOiI1MDI0MjAxMDIzIiwibmFtZSI6IkRlc2lhbmEgRml0cmlhIiwidXNlcl9pZCI6Miwicm9sZXMiOlsiYWRtaW4iXSwiaWF0IjoxNzAyOTU0MjE4LCJleHAiOjE3MzQ0OTAyMTh9.wNp9UtIPSi_DTnlvROgGCb2ZQ-BxQZf0j4SwmoXsDgc','2024-12-18 02:50:18','2023-12-19 02:50:18'),(120,2,'eyJhbGciOiJIUzI1NiIsInR5cCI6IkpXVCJ9.eyJucnAiOiI1MDI0MjAxMDIzIiwibmFtZSI6IkRlc2lhbmEgRml0cmlhIiwidXNlcl9pZCI6Miwicm9sZXMiOlsiYWRtaW4iXSwiaWF0IjoxNzAyOTU5OTc0LCJleHAiOjE3MzQ0OTU5NzR9.hvujvPcKcGmPujyk4tDs8RCJVQ0-LobNaVtaNq27Ybw','2024-12-18 04:26:14','2023-12-19 04:26:14'),(121,2,'eyJhbGciOiJIUzI1NiIsInR5cCI6IkpXVCJ9.eyJucnAiOiI1MDI0MjAxMDIzIiwibmFtZSI6IkRlc2lhbmEgRml0cmlhIiwidXNlcl9pZCI6Miwicm9sZXMiOlsiYWRtaW4iXSwiaWF0IjoxNzAyOTU5OTc3LCJleHAiOjE3MzQ0OTU5Nzd9.4mcv3vU29yFT2qz_BL6Zh4kuC7xuC2OnM3HMoieqorM','2024-12-18 04:26:17','2023-12-19 04:26:17'),(122,2,'eyJhbGciOiJIUzI1NiIsInR5cCI6IkpXVCJ9.eyJucnAiOiI1MDI0MjAxMDIzIiwibmFtZSI6IkRlc2lhbmEgRml0cmlhIiwidXNlcl9pZCI6Miwicm9sZXMiOlsiYWRtaW4iXSwiaWF0IjoxNzAyOTU5OTgyLCJleHAiOjE3MzQ0OTU5ODJ9.FYNOZSP2HSNWpe9KjsGgNJYJoHW5FwZoitmTtZc3oNI','2024-12-18 04:26:22','2023-12-19 04:26:22'),(123,2,'eyJhbGciOiJIUzI1NiIsInR5cCI6IkpXVCJ9.eyJucnAiOiI1MDI0MjAxMDIzIiwibmFtZSI6IkRlc2lhbmEgRml0cmlhIiwidXNlcl9pZCI6Miwicm9sZXMiOlsiYWRtaW4iXSwiaWF0IjoxNzAyOTU5OTgzLCJleHAiOjE3MzQ0OTU5ODN9.dqQ19oEppp3VHwtY7YebsjUTVH1mcedeZXC3XpH36ic','2024-12-18 04:26:23','2023-12-19 04:26:23'),(124,2,'eyJhbGciOiJIUzI1NiIsInR5cCI6IkpXVCJ9.eyJucnAiOiI1MDI0MjAxMDIzIiwibmFtZSI6IkRlc2lhbmEgRml0cmlhIiwidXNlcl9pZCI6Miwicm9sZXMiOlsiYWRtaW4iXSwiaWF0IjoxNzAyOTU5OTg0LCJleHAiOjE3MzQ0OTU5ODR9.TbCBhM40fD5uUJX6-ZL-HVc8tAqPbgxshsFfQ7eWj3I','2024-12-18 04:26:24','2023-12-19 04:26:24'),(125,2,'eyJhbGciOiJIUzI1NiIsInR5cCI6IkpXVCJ9.eyJucnAiOiI1MDI0MjAxMDIzIiwibmFtZSI6IkRlc2lhbmEgRml0cmlhIiwidXNlcl9pZCI6Miwicm9sZXMiOlsiYWRtaW4iXSwiaWF0IjoxNzAyOTU5OTg0LCJleHAiOjE3MzQ0OTU5ODR9.TbCBhM40fD5uUJX6-ZL-HVc8tAqPbgxshsFfQ7eWj3I','2024-12-18 04:26:24','2023-12-19 04:26:24'),(126,2,'eyJhbGciOiJIUzI1NiIsInR5cCI6IkpXVCJ9.eyJucnAiOiI1MDI0MjAxMDIzIiwibmFtZSI6IkRlc2lhbmEgRml0cmlhIiwidXNlcl9pZCI6Miwicm9sZXMiOlsiYWRtaW4iXSwiaWF0IjoxNzAyOTU5OTg0LCJleHAiOjE3MzQ0OTU5ODR9.TbCBhM40fD5uUJX6-ZL-HVc8tAqPbgxshsFfQ7eWj3I','2024-12-18 04:26:24','2023-12-19 04:26:24'),(127,2,'eyJhbGciOiJIUzI1NiIsInR5cCI6IkpXVCJ9.eyJucnAiOiI1MDI0MjAxMDIzIiwibmFtZSI6IkRlc2lhbmEgRml0cmlhIiwidXNlcl9pZCI6Miwicm9sZXMiOlsiYWRtaW4iXSwiaWF0IjoxNzAyOTU5OTg1LCJleHAiOjE3MzQ0OTU5ODV9.KXw8NKiF3z21upWmJ0i3xP3RHfW2qqX_kVAVMGYC7Uk','2024-12-18 04:26:25','2023-12-19 04:26:25'),(128,2,'eyJhbGciOiJIUzI1NiIsInR5cCI6IkpXVCJ9.eyJucnAiOiI1MDI0MjAxMDIzIiwibmFtZSI6IkRlc2lhbmEgRml0cmlhIiwidXNlcl9pZCI6Miwicm9sZXMiOlsiYWRtaW4iXSwiaWF0IjoxNzAyOTU5OTg1LCJleHAiOjE3MzQ0OTU5ODV9.KXw8NKiF3z21upWmJ0i3xP3RHfW2qqX_kVAVMGYC7Uk','2024-12-18 04:26:25','2023-12-19 04:26:25'),(129,2,'eyJhbGciOiJIUzI1NiIsInR5cCI6IkpXVCJ9.eyJucnAiOiI1MDI0MjAxMDIzIiwibmFtZSI6IkRlc2lhbmEgRml0cmlhIiwidXNlcl9pZCI6Miwicm9sZXMiOlsiYWRtaW4iXSwiaWF0IjoxNzAyOTU5OTg2LCJleHAiOjE3MzQ0OTU5ODZ9.YNEkqLwljLxMVDXuwxBFTCFBH1tGLvUVt9O-MtraqfA','2024-12-18 04:26:26','2023-12-19 04:26:26'),(130,2,'eyJhbGciOiJIUzI1NiIsInR5cCI6IkpXVCJ9.eyJucnAiOiI1MDI0MjAxMDIzIiwibmFtZSI6IkRlc2lhbmEgRml0cmlhIiwidXNlcl9pZCI6Miwicm9sZXMiOlsiYWRtaW4iXSwiaWF0IjoxNzAyOTU5OTg2LCJleHAiOjE3MzQ0OTU5ODZ9.YNEkqLwljLxMVDXuwxBFTCFBH1tGLvUVt9O-MtraqfA','2024-12-18 04:26:26','2023-12-19 04:26:26'),(131,2,'eyJhbGciOiJIUzI1NiIsInR5cCI6IkpXVCJ9.eyJucnAiOiI1MDI0MjAxMDIzIiwibmFtZSI6IkRlc2lhbmEgRml0cmlhIiwidXNlcl9pZCI6Miwicm9sZXMiOlsiYWRtaW4iXSwiaWF0IjoxNzAyOTU5OTg2LCJleHAiOjE3MzQ0OTU5ODZ9.YNEkqLwljLxMVDXuwxBFTCFBH1tGLvUVt9O-MtraqfA','2024-12-18 04:26:26','2023-12-19 04:26:26'),(132,2,'eyJhbGciOiJIUzI1NiIsInR5cCI6IkpXVCJ9.eyJucnAiOiI1MDI0MjAxMDIzIiwibmFtZSI6IkRlc2lhbmEgRml0cmlhIiwidXNlcl9pZCI6Miwicm9sZXMiOlsiYWRtaW4iXSwiaWF0IjoxNzAyOTU5OTg3LCJleHAiOjE3MzQ0OTU5ODd9.grG0YOAO6iTkfqTeAL9PBq8AW9fxazrUyNPYzmZlGSU','2024-12-18 04:26:27','2023-12-19 04:26:27'),(133,2,'eyJhbGciOiJIUzI1NiIsInR5cCI6IkpXVCJ9.eyJucnAiOiI1MDI0MjAxMDIzIiwibmFtZSI6IkRlc2lhbmEgRml0cmlhIiwidXNlcl9pZCI6Miwicm9sZXMiOlsiYWRtaW4iXSwiaWF0IjoxNzAyOTU5OTg4LCJleHAiOjE3MzQ0OTU5ODh9.fYl5vNEBC3M34PMkvhY3WHWQ4pyrFR1JcKdmFSVAVxA','2024-12-18 04:26:28','2023-12-19 04:26:28'),(134,2,'eyJhbGciOiJIUzI1NiIsInR5cCI6IkpXVCJ9.eyJucnAiOiI1MDI0MjAxMDIzIiwibmFtZSI6IkRlc2lhbmEgRml0cmlhIiwidXNlcl9pZCI6Miwicm9sZXMiOlsiYWRtaW4iXSwiaWF0IjoxNzAyOTU5OTk2LCJleHAiOjE3MzQ0OTU5OTZ9.7X-yvP67sakBYC6MuUVL1ioe6lqBlrmZdsqWrWJO5Js','2024-12-18 04:26:36','2023-12-19 04:26:36'),(135,2,'eyJhbGciOiJIUzI1NiIsInR5cCI6IkpXVCJ9.eyJucnAiOiI1MDI0MjAxMDIzIiwibmFtZSI6IkRlc2lhbmEgRml0cmlhIiwidXNlcl9pZCI6Miwicm9sZXMiOlsiYWRtaW4iXSwiaWF0IjoxNzAyOTYwMDE2LCJleHAiOjE3MzQ0OTYwMTZ9.3NqO6V9dD07CZibEJ15mbgM7iPKFP_oCVpObrKEqq9I','2024-12-18 04:26:56','2023-12-19 04:26:56'),(136,2,'eyJhbGciOiJIUzI1NiIsInR5cCI6IkpXVCJ9.eyJucnAiOiI1MDI0MjAxMDIzIiwibmFtZSI6IkRlc2lhbmEgRml0cmlhIiwidXNlcl9pZCI6Miwicm9sZXMiOlsiYWRtaW4iXSwiaWF0IjoxNzAyOTYwMDMwLCJleHAiOjE3MzQ0OTYwMzB9.uRPQ8fsDT0vAZDPBqd7-PMu7LRwCijv3DncIIvKe7IM','2024-12-18 04:27:10','2023-12-19 04:27:10'),(137,2,'eyJhbGciOiJIUzI1NiIsInR5cCI6IkpXVCJ9.eyJucnAiOiI1MDI0MjAxMDIzIiwibmFtZSI6IkRlc2lhbmEgRml0cmlhIiwidXNlcl9pZCI6Miwicm9sZXMiOlsiYWRtaW4iXSwiaWF0IjoxNzAyOTYwMDkwLCJleHAiOjE3MzQ0OTYwOTB9.FhGirpJoF3OH8uHr0zzweAcQeMQN1yR6ZsPOpjpodzg','2024-12-18 04:28:10','2023-12-19 04:28:10'),(138,2,'eyJhbGciOiJIUzI1NiIsInR5cCI6IkpXVCJ9.eyJucnAiOiI1MDI0MjAxMDIzIiwibmFtZSI6IkRlc2lhbmEgRml0cmlhIiwidXNlcl9pZCI6Miwicm9sZXMiOlsiYWRtaW4iXSwiaWF0IjoxNzAyOTYwMDkyLCJleHAiOjE3MzQ0OTYwOTJ9.Aa2oCRwsfe2qzFAmIzclvvkGJuBhozDF2s8BLV6BSww','2024-12-18 04:28:12','2023-12-19 04:28:12'),(139,2,'eyJhbGciOiJIUzI1NiIsInR5cCI6IkpXVCJ9.eyJucnAiOiI1MDI0MjAxMDIzIiwibmFtZSI6IkRlc2lhbmEgRml0cmlhIiwidXNlcl9pZCI6Miwicm9sZXMiOlsiYWRtaW4iXSwiaWF0IjoxNzAyOTYwMTgwLCJleHAiOjE3MzQ0OTYxODB9.iMbcGuOVA-3hIDTMvFEqcN0Og0wF6N1r1BANYkJRh8Q','2024-12-18 04:29:40','2023-12-19 04:29:40'),(140,2,'eyJhbGciOiJIUzI1NiIsInR5cCI6IkpXVCJ9.eyJucnAiOiI1MDI0MjAxMDIzIiwibmFtZSI6IkRlc2lhbmEgRml0cmlhIiwidXNlcl9pZCI6Miwicm9sZXMiOlsiYWRtaW4iXSwiaWF0IjoxNzAyOTYwMzM5LCJleHAiOjE3MzQ0OTYzMzl9.b1k0NALsEhgHkCZGSG3kKEXcqIZ9MOChU648d7IlUNg','2024-12-18 04:32:19','2023-12-19 04:32:19'),(141,2,'eyJhbGciOiJIUzI1NiIsInR5cCI6IkpXVCJ9.eyJucnAiOiI1MDI0MjAxMDIzIiwibmFtZSI6IkRlc2lhbmEgRml0cmlhIiwidXNlcl9pZCI6Miwicm9sZXMiOlsiYWRtaW4iXSwiaWF0IjoxNzAyOTYwNDU4LCJleHAiOjE3MzQ0OTY0NTh9.u261UNFaB55h5ljBjCysLOJnSJa60eaV1h1wj29edaI','2024-12-18 04:34:18','2023-12-19 04:34:18'),(142,2,'eyJhbGciOiJIUzI1NiIsInR5cCI6IkpXVCJ9.eyJucnAiOiI1MDI0MjAxMDIzIiwibmFtZSI6IkRlc2lhbmEgRml0cmlhIiwidXNlcl9pZCI6Miwicm9sZXMiOlsiYWRtaW4iXSwiaWF0IjoxNzAyOTYwNDYwLCJleHAiOjE3MzQ0OTY0NjB9.gGf07dp1If-XfWUqxBy8Q-E97KME0qvteEdmkIx-ptI','2024-12-18 04:34:20','2023-12-19 04:34:20'),(143,2,'eyJhbGciOiJIUzI1NiIsInR5cCI6IkpXVCJ9.eyJucnAiOiI1MDI0MjAxMDIzIiwibmFtZSI6IkRlc2lhbmEgRml0cmlhIiwidXNlcl9pZCI6Miwicm9sZXMiOlsiYWRtaW4iXSwiaWF0IjoxNzAzMjU2Mzg2LCJleHAiOjE3MzQ3OTIzODZ9._u4xaaxMCLiuf-nqY8LF2IO3L2IGSazZty7agMTnsw4','2024-12-21 14:46:26','2023-12-22 14:46:26'),(144,2,'eyJhbGciOiJIUzI1NiIsInR5cCI6IkpXVCJ9.eyJucnAiOiI1MDI0MjAxMDIzIiwibmFtZSI6IkRlc2lhbmEgRml0cmlhIiwidXNlcl9pZCI6Miwicm9sZXMiOlsiYWRtaW4iXSwiaWF0IjoxNzAzMjU2Mzg5LCJleHAiOjE3MzQ3OTIzODl9.aiphc1ZFuWvzH8SM0jYYIfumXvFn43ECQwA2wnw0PKc','2024-12-21 14:46:29','2023-12-22 14:46:29'),(145,2,'eyJhbGciOiJIUzI1NiIsInR5cCI6IkpXVCJ9.eyJucnAiOiI1MDI0MjAxMDIzIiwibmFtZSI6IkRlc2lhbmEgRml0cmlhIiwidXNlcl9pZCI6Miwicm9sZXMiOlsiYWRtaW4iXSwiaWF0IjoxNzAzMjU2Mzk1LCJleHAiOjE3MzQ3OTIzOTV9.SegQw-Wjd92sB9uucbNYWqJu6NXZhRkIdHKIfB1DxZI','2024-12-21 14:46:35','2023-12-22 14:46:35'),(146,2,'eyJhbGciOiJIUzI1NiIsInR5cCI6IkpXVCJ9.eyJucnAiOiI1MDI0MjAxMDIzIiwibmFtZSI6IkRlc2lhbmEgRml0cmlhIiwidXNlcl9pZCI6Miwicm9sZXMiOlsiYWRtaW4iXSwiaWF0IjoxNzAzMjU2NDExLCJleHAiOjE3MzQ3OTI0MTF9.2bYmfA3ODp72XpnNR9FQ0sSA27dGHtRTPzTsnxktKYs','2024-12-21 14:46:51','2023-12-22 14:46:51'),(147,6,'eyJhbGciOiJIUzI1NiIsInR5cCI6IkpXVCJ9.eyJucnAiOiI1MDI0MjAxMDE3IiwibmFtZSI6IkpvZWwgTmFwaXR1cHVsdSIsInVzZXJfaWQiOjYsInJvbGVzIjpbInByYWt0aWthbiJdLCJpYXQiOjE3MDMyNTY0MjEsImV4cCI6MTczNDc5MjQyMX0.yTR_e7LXo_Rg9uyz9RhZfwLlU6vfDmwhhJZ-wlw0bvY','2024-12-21 14:47:01','2023-12-22 14:47:01'),(148,2,'eyJhbGciOiJIUzI1NiIsInR5cCI6IkpXVCJ9.eyJucnAiOiI1MDI0MjAxMDIzIiwibmFtZSI6IkRlc2lhbmEgRml0cmlhIiwidXNlcl9pZCI6Miwicm9sZXMiOlsiYWRtaW4iXSwiaWF0IjoxNzAzMjU2NjA1LCJleHAiOjE3MzQ3OTI2MDV9.vueJMrXwGYssTMUUdHSWtJBwQHPuszCZetdqnUiCM-Y','2024-12-21 14:50:05','2023-12-22 14:50:05'),(149,2,'eyJhbGciOiJIUzI1NiIsInR5cCI6IkpXVCJ9.eyJucnAiOiI1MDI0MjAxMDIzIiwibmFtZSI6IkRlc2lhbmEgRml0cmlhIiwidXNlcl9pZCI6Miwicm9sZXMiOlsiYWRtaW4iXSwiaWF0IjoxNzAzMjU2Njg1LCJleHAiOjE3MzQ3OTI2ODV9.tJEaeYH94PcPhU7yQxt1W43HiZgapiqq_ZJLiREEtqc','2024-12-21 14:51:25','2023-12-22 14:51:25'),(150,6,'eyJhbGciOiJIUzI1NiIsInR5cCI6IkpXVCJ9.eyJucnAiOiI1MDI0MjAxMDE3IiwibmFtZSI6IkpvZWwgTmFwaXR1cHVsdSIsInVzZXJfaWQiOjYsInJvbGVzIjpbInByYWt0aWthbiJdLCJpYXQiOjE3MDM2NjM2ODcsImV4cCI6MTczNTE5OTY4N30.B1c2NEEF20rkMboY8g4-tyRNd-Kg2QVCQDzzLmf8ZQ0','2024-12-26 07:54:47','2023-12-27 07:54:47'),(151,2,'eyJhbGciOiJIUzI1NiIsInR5cCI6IkpXVCJ9.eyJucnAiOiI1MDI0MjAxMDIzIiwibmFtZSI6IkRlc2lhbmEgRml0cmlhIiwidXNlcl9pZCI6Miwicm9sZXMiOlsiYWRtaW4iXSwiaWF0IjoxNzAzNjYzNzQxLCJleHAiOjE3MzUxOTk3NDF9.Lu8ljdu5B4Xr0GUgN7aaADWUBkHlFnG4BWpl0y8D-KY','2024-12-26 07:55:41','2023-12-27 07:55:41'),(152,3,'eyJhbGciOiJIUzI1NiIsInR5cCI6IkpXVCJ9.eyJucnAiOiI1MDI0MjAxMDQ2IiwibmFtZSI6IkZhaXNhbCBUaGFyaXEiLCJ1c2VyX2lkIjozLCJyb2xlcyI6WyJwcmFrdGlrYW4iLCJhc2lzdGVuIl0sImlhdCI6MTcwMzY2NDEzNiwiZXhwIjoxNzM1MjAwMTM2fQ.dp-jsx3cJ65dqfLmRqm_ZCo7FyBjLTOYtdMtIJu1Nb0','2024-12-26 08:02:16','2023-12-27 08:02:16'),(153,3,'eyJhbGciOiJIUzI1NiIsInR5cCI6IkpXVCJ9.eyJucnAiOiI1MDI0MjAxMDQ2IiwibmFtZSI6IkZhaXNhbCBUaGFyaXEiLCJ1c2VyX2lkIjozLCJyb2xlcyI6WyJwcmFrdGlrYW4iLCJhc2lzdGVuIl0sImlhdCI6MTcwMzY2NDI5OCwiZXhwIjoxNzM1MjAwMjk4fQ.FrvfzoTs1v-fhXrRKSJhmYZ1S0qw_QKWu2DaIL_IcZY','2024-12-26 08:04:58','2023-12-27 08:04:58'),(154,6,'eyJhbGciOiJIUzI1NiIsInR5cCI6IkpXVCJ9.eyJucnAiOiI1MDI0MjAxMDE3IiwibmFtZSI6IkpvZWwgTmFwaXR1cHVsdSIsInVzZXJfaWQiOjYsInJvbGVzIjpbInByYWt0aWthbiJdLCJpYXQiOjE3MDM2Njc5MzksImV4cCI6MTczNTIwMzkzOX0.Zn_-oxqBxW_eRkfdsX2A49zMJfRofdcz7tjzdVUN5HM','2024-12-26 09:05:39','2023-12-27 09:05:39'),(155,2,'eyJhbGciOiJIUzI1NiIsInR5cCI6IkpXVCJ9.eyJucnAiOiI1MDI0MjAxMDIzIiwibmFtZSI6IkRlc2lhbmEgRml0cmlhIiwidXNlcl9pZCI6Miwicm9sZXMiOlsiYWRtaW4iXSwiaWF0IjoxNzAzNjY3OTczLCJleHAiOjE3MzUyMDM5NzN9._5DECaj-h0-oja80Ict_SZMr1nI_9fIsQebcWfBTNw8','2024-12-26 09:06:13','2023-12-27 09:06:13'),(158,6,'eyJhbGciOiJIUzI1NiIsInR5cCI6IkpXVCJ9.eyJucnAiOiI1MDI0MjAxMDE3IiwibmFtZSI6IkpvZWwgTmFwaXR1cHVsdSIsInVzZXJfaWQiOjYsInJvbGVzIjpbInByYWt0aWthbiJdLCJpYXQiOjE3MDM2NzEzOTEsImV4cCI6MTczNTIwNzM5MX0.LdH8pH_Vk_XPEVVBfqvhQKfHXMgWQGzMuvrI6GDpSjc','2024-12-26 10:03:11','2023-12-27 10:03:11'),(159,2,'eyJhbGciOiJIUzI1NiIsInR5cCI6IkpXVCJ9.eyJucnAiOiI1MDI0MjAxMDIzIiwibmFtZSI6IkRlc2lhbmEgRml0cmlhIiwidXNlcl9pZCI6Miwicm9sZXMiOlsiYWRtaW4iXSwiaWF0IjoxNzAzNzUwOTAxLCJleHAiOjE3MzUyODY5MDF9.dvE_hNp1gLccD1DyW4oXO4FukXt_wfYEC2qH45jL6ig','2024-12-27 08:08:21','2023-12-28 08:08:21'),(161,3,'eyJhbGciOiJIUzI1NiIsInR5cCI6IkpXVCJ9.eyJucnAiOiI1MDI0MjAxMDQ2IiwibmFtZSI6IkZhaXNhbCBUaGFyaXEiLCJ1c2VyX2lkIjozLCJyb2xlcyI6WyJwcmFrdGlrYW4iLCJhc2lzdGVuIl0sImlhdCI6MTcwMzc1MDkyMCwiZXhwIjoxNzM1Mjg2OTIwfQ.-xy1uOa511m9CrSX-TpbKtl1F-sDkGLnQhnRfJNBapg','2024-12-27 08:08:40','2023-12-28 08:08:40'),(163,3,'eyJhbGciOiJIUzI1NiIsInR5cCI6IkpXVCJ9.eyJucnAiOiI1MDI0MjAxMDQ2IiwibmFtZSI6IkZhaXNhbCBUaGFyaXEiLCJ1c2VyX2lkIjozLCJyb2xlcyI6WyJwcmFrdGlrYW4iLCJhc2lzdGVuIl0sImlhdCI6MTcwMzc1NDA4MiwiZXhwIjoxNzM1MjkwMDgyfQ.k9RMECkWAXQU4Yf4yqA0c7DnVF2YgSO25gZbswZOUW4','2024-12-27 09:01:22','2023-12-28 09:01:22'),(166,2,'eyJhbGciOiJIUzI1NiIsInR5cCI6IkpXVCJ9.eyJucnAiOiI1MDI0MjAxMDIzIiwibmFtZSI6IkRlc2lhbmEgRml0cmlhIiwidXNlcl9pZCI6Miwicm9sZXMiOlsiYWRtaW4iXSwiaWF0IjoxNzAzODQzNzQzLCJleHAiOjE3MzUzNzk3NDN9.2Bz5-DgQ_-cEYs_W9Q85D0c4A8GT_65qUJHgXZbQM2Y','2024-12-28 09:55:43','2023-12-29 09:55:43'),(167,6,'eyJhbGciOiJIUzI1NiIsInR5cCI6IkpXVCJ9.eyJucnAiOiI1MDI0MjAxMDE3IiwibmFtZSI6IkpvZWwgTmFwaXR1cHVsdSIsInVzZXJfaWQiOjYsInJvbGVzIjpbInByYWt0aWthbiJdLCJpYXQiOjE3MDM4NDQ2MDUsImV4cCI6MTczNTM4MDYwNX0.QaFc24HD006RBmAW6Lh8gTTdUiXtB0bA8XKPE6nRfFQ','2024-12-28 10:10:05','2023-12-29 10:10:05'),(168,6,'eyJhbGciOiJIUzI1NiIsInR5cCI6IkpXVCJ9.eyJucnAiOiI1MDI0MjAxMDE3IiwibmFtZSI6IkpvZWwgTmFwaXR1cHVsdSIsInVzZXJfaWQiOjYsInJvbGVzIjpbInByYWt0aWthbiJdLCJpYXQiOjE3MDM4NDUwMTksImV4cCI6MTczNTM4MTAxOX0.z4IhsCmRHkw5CK6e-Dlp_1HN2TASW3vat5AuLmtXWVk','2024-12-28 10:16:59','2023-12-29 10:16:59'),(169,6,'eyJhbGciOiJIUzI1NiIsInR5cCI6IkpXVCJ9.eyJucnAiOiI1MDI0MjAxMDE3IiwibmFtZSI6IkpvZWwgTmFwaXR1cHVsdSIsInVzZXJfaWQiOjYsInJvbGVzIjpbInByYWt0aWthbiJdLCJpYXQiOjE3MDM4NDU2MzEsImV4cCI6MTczNTM4MTYzMX0.ljeBrLSLVt8nomeXvH9yb7dq4IazcYShxmOz_kzuZgc','2024-12-28 10:27:11','2023-12-29 10:27:11'),(170,6,'eyJhbGciOiJIUzI1NiIsInR5cCI6IkpXVCJ9.eyJucnAiOiI1MDI0MjAxMDE3IiwibmFtZSI6IkpvZWwgTmFwaXR1cHVsdSIsInVzZXJfaWQiOjYsInJvbGVzIjpbInByYWt0aWthbiJdLCJpYXQiOjE3MDM4NDU2NDEsImV4cCI6MTczNTM4MTY0MX0.frhjdbIKjGj8NOaRsovIYUaDrvgXvBZsNcdLdEq1vXg','2024-12-28 10:27:21','2023-12-29 10:27:21'),(171,6,'eyJhbGciOiJIUzI1NiIsInR5cCI6IkpXVCJ9.eyJucnAiOiI1MDI0MjAxMDE3IiwibmFtZSI6IkpvZWwgTmFwaXR1cHVsdSIsInVzZXJfaWQiOjYsInJvbGVzIjpbInByYWt0aWthbiJdLCJpYXQiOjE3MDM4NDU2NjQsImV4cCI6MTczNTM4MTY2NH0.xK7Qg4a76tJ-wxxM6dYqZjWky2rfUBuecd4-ABNsFIE','2024-12-28 10:27:44','2023-12-29 10:27:44'),(172,6,'eyJhbGciOiJIUzI1NiIsInR5cCI6IkpXVCJ9.eyJucnAiOiI1MDI0MjAxMDE3IiwibmFtZSI6IkpvZWwgTmFwaXR1cHVsdSIsInVzZXJfaWQiOjYsInJvbGVzIjpbInByYWt0aWthbiJdLCJpYXQiOjE3MDM4NDU2ODIsImV4cCI6MTczNTM4MTY4Mn0.5tNeakc_tJNh1bR2IbaYKDpjU2-hRswcDxKxMbQ1v9A','2024-12-28 10:28:02','2023-12-29 10:28:02'),(173,6,'eyJhbGciOiJIUzI1NiIsInR5cCI6IkpXVCJ9.eyJucnAiOiI1MDI0MjAxMDE3IiwibmFtZSI6IkpvZWwgTmFwaXR1cHVsdSIsInVzZXJfaWQiOjYsInJvbGVzIjpbInByYWt0aWthbiJdLCJpYXQiOjE3MDM4NDU2OTQsImV4cCI6MTczNTM4MTY5NH0.oEGqTf1CaNyLQRB45zbvYnt8mWCWIRfbWcUgFJumWSE','2024-12-28 10:28:14','2023-12-29 10:28:14'),(174,6,'eyJhbGciOiJIUzI1NiIsInR5cCI6IkpXVCJ9.eyJucnAiOiI1MDI0MjAxMDE3IiwibmFtZSI6IkpvZWwgTmFwaXR1cHVsdSIsInVzZXJfaWQiOjYsInJvbGVzIjpbInByYWt0aWthbiJdLCJpYXQiOjE3MDM4NDU2OTksImV4cCI6MTczNTM4MTY5OX0.90RIDWkBMYjYRdCPyDrcXr1arohEDVytKE0WVzu5I0Q','2024-12-28 10:28:19','2023-12-29 10:28:19'),(175,6,'eyJhbGciOiJIUzI1NiIsInR5cCI6IkpXVCJ9.eyJucnAiOiI1MDI0MjAxMDE3IiwibmFtZSI6IkpvZWwgTmFwaXR1cHVsdSIsInVzZXJfaWQiOjYsInJvbGVzIjpbInByYWt0aWthbiJdLCJpYXQiOjE3MDM4NDU3NDEsImV4cCI6MTczNTM4MTc0MX0.mXT5F5EQWLah9h89rP7CRp8FQidZwBVBLeSJ7EA3FIQ','2024-12-28 10:29:01','2023-12-29 10:29:01'),(176,6,'eyJhbGciOiJIUzI1NiIsInR5cCI6IkpXVCJ9.eyJucnAiOiI1MDI0MjAxMDE3IiwibmFtZSI6IkpvZWwgTmFwaXR1cHVsdSIsInVzZXJfaWQiOjYsInJvbGVzIjpbInByYWt0aWthbiJdLCJpYXQiOjE3MDM4NDU4OTMsImV4cCI6MTczNTM4MTg5M30.AP8Wnu_hMO52yfg_nOAMZ0J9pEmXEjwQSg5AYO59pFU','2024-12-28 10:31:33','2023-12-29 10:31:33'),(177,6,'eyJhbGciOiJIUzI1NiIsInR5cCI6IkpXVCJ9.eyJucnAiOiI1MDI0MjAxMDE3IiwibmFtZSI6IkpvZWwgTmFwaXR1cHVsdSIsInVzZXJfaWQiOjYsInJvbGVzIjpbInByYWt0aWthbiJdLCJpYXQiOjE3MDM4NDU5MTAsImV4cCI6MTczNTM4MTkxMH0.eThqsjRqEdlxopyALkCY4auIKKzOQUoNkSy84C6mGus','2024-12-28 10:31:50','2023-12-29 10:31:50'),(178,6,'eyJhbGciOiJIUzI1NiIsInR5cCI6IkpXVCJ9.eyJucnAiOiI1MDI0MjAxMDE3IiwibmFtZSI6IkpvZWwgTmFwaXR1cHVsdSIsInVzZXJfaWQiOjYsInJvbGVzIjpbInByYWt0aWthbiJdLCJpYXQiOjE3MDM4NDU5MTYsImV4cCI6MTczNTM4MTkxNn0.Izy4OpMcRV0wYcKk7-K1eo4dT7quRaeRrx73uWEnj8A','2024-12-28 10:31:56','2023-12-29 10:31:56'),(179,6,'eyJhbGciOiJIUzI1NiIsInR5cCI6IkpXVCJ9.eyJucnAiOiI1MDI0MjAxMDE3IiwibmFtZSI6IkpvZWwgTmFwaXR1cHVsdSIsInVzZXJfaWQiOjYsInJvbGVzIjpbInByYWt0aWthbiJdLCJpYXQiOjE3MDM4NDU5MjgsImV4cCI6MTczNTM4MTkyOH0.IWdSz3PpZ52ltli13JXnMh1XbXTTyOhQXunfFiDx1pA','2024-12-28 10:32:08','2023-12-29 10:32:08'),(180,6,'eyJhbGciOiJIUzI1NiIsInR5cCI6IkpXVCJ9.eyJucnAiOiI1MDI0MjAxMDE3IiwibmFtZSI6IkpvZWwgTmFwaXR1cHVsdSIsInVzZXJfaWQiOjYsInJvbGVzIjpbInByYWt0aWthbiJdLCJpYXQiOjE3MDM4NDU5NDMsImV4cCI6MTczNTM4MTk0M30.Ua7mY6SC6zpfFtebzy9VLzNSAbVOEsBxtlBLCMfBDQo','2024-12-28 10:32:23','2023-12-29 10:32:23'),(181,6,'eyJhbGciOiJIUzI1NiIsInR5cCI6IkpXVCJ9.eyJucnAiOiI1MDI0MjAxMDE3IiwibmFtZSI6IkpvZWwgTmFwaXR1cHVsdSIsInVzZXJfaWQiOjYsInJvbGVzIjpbInByYWt0aWthbiJdLCJpYXQiOjE3MDM4NDU5NjIsImV4cCI6MTczNTM4MTk2Mn0.JcDWfErfv_ctss3dAuGe2EiVpuAhpx3cRYBS2t_dhFM','2024-12-28 10:32:42','2023-12-29 10:32:42'),(182,6,'eyJhbGciOiJIUzI1NiIsInR5cCI6IkpXVCJ9.eyJucnAiOiI1MDI0MjAxMDE3IiwibmFtZSI6IkpvZWwgTmFwaXR1cHVsdSIsInVzZXJfaWQiOjYsInJvbGVzIjpbInByYWt0aWthbiJdLCJpYXQiOjE3MDM4NDU5NzAsImV4cCI6MTczNTM4MTk3MH0.Mf0MmwOv2Lvfr2UmHMS8egD0rlrVP7gZPdL2-M7IuoI','2024-12-28 10:32:50','2023-12-29 10:32:50'),(183,6,'eyJhbGciOiJIUzI1NiIsInR5cCI6IkpXVCJ9.eyJucnAiOiI1MDI0MjAxMDE3IiwibmFtZSI6IkpvZWwgTmFwaXR1cHVsdSIsInVzZXJfaWQiOjYsInJvbGVzIjpbInByYWt0aWthbiJdLCJpYXQiOjE3MDM4NDY1NzYsImV4cCI6MTczNTM4MjU3Nn0.yCKzMGurr8USthsF2ZSywNPg9zCsy6EfntOR7Eh2xGc','2024-12-28 10:42:56','2023-12-29 10:42:56'),(184,6,'eyJhbGciOiJIUzI1NiIsInR5cCI6IkpXVCJ9.eyJucnAiOiI1MDI0MjAxMDE3IiwibmFtZSI6IkpvZWwgTmFwaXR1cHVsdSIsInVzZXJfaWQiOjYsInJvbGVzIjpbInByYWt0aWthbiJdLCJpYXQiOjE3MDM4NDY1ODMsImV4cCI6MTczNTM4MjU4M30.8qcdiKxJ-yDEeF5dFt8wuD4Hs9oaLbkUfM8JKG_yG8U','2024-12-28 10:43:03','2023-12-29 10:43:03'),(185,6,'eyJhbGciOiJIUzI1NiIsInR5cCI6IkpXVCJ9.eyJucnAiOiI1MDI0MjAxMDE3IiwibmFtZSI6IkpvZWwgTmFwaXR1cHVsdSIsInVzZXJfaWQiOjYsInJvbGVzIjpbInByYWt0aWthbiJdLCJpYXQiOjE3MDM4NDY2MTUsImV4cCI6MTczNTM4MjYxNX0.bOcNRtXcWg56AWDhNWVVCvRQlZI5AOGmISlnQTMzBLQ','2024-12-28 10:43:35','2023-12-29 10:43:35'),(186,6,'eyJhbGciOiJIUzI1NiIsInR5cCI6IkpXVCJ9.eyJucnAiOiI1MDI0MjAxMDE3IiwibmFtZSI6IkpvZWwgTmFwaXR1cHVsdSIsInVzZXJfaWQiOjYsInJvbGVzIjpbInByYWt0aWthbiJdLCJpYXQiOjE3MDM4NDY2MzgsImV4cCI6MTczNTM4MjYzOH0.fm9-eg_NRGQd7nff4l0AJdZXIfBz1KjobcBa-DW_BPg','2024-12-28 10:43:58','2023-12-29 10:43:58'),(187,6,'eyJhbGciOiJIUzI1NiIsInR5cCI6IkpXVCJ9.eyJucnAiOiI1MDI0MjAxMDE3IiwibmFtZSI6IkpvZWwgTmFwaXR1cHVsdSIsInVzZXJfaWQiOjYsInJvbGVzIjpbInByYWt0aWthbiJdLCJpYXQiOjE3MDM4NDY2NTYsImV4cCI6MTczNTM4MjY1Nn0.b27xjjBavvs0hdhCJ_VGRVkDjWklVAwlzcRJkl5Tr80','2024-12-28 10:44:16','2023-12-29 10:44:16'),(188,6,'eyJhbGciOiJIUzI1NiIsInR5cCI6IkpXVCJ9.eyJucnAiOiI1MDI0MjAxMDE3IiwibmFtZSI6IkpvZWwgTmFwaXR1cHVsdSIsInVzZXJfaWQiOjYsInJvbGVzIjpbInByYWt0aWthbiJdLCJpYXQiOjE3MDM4NDY3OTUsImV4cCI6MTczNTM4Mjc5NX0.h3gCRq1rbqMLhbshUWKOAi4y6A1QrKF8KxGSBGfzjbU','2024-12-28 10:46:35','2023-12-29 10:46:35'),(189,6,'eyJhbGciOiJIUzI1NiIsInR5cCI6IkpXVCJ9.eyJucnAiOiI1MDI0MjAxMDE3IiwibmFtZSI6IkpvZWwgTmFwaXR1cHVsdSIsInVzZXJfaWQiOjYsInJvbGVzIjpbInByYWt0aWthbiJdLCJpYXQiOjE3MDM4NDY4MDAsImV4cCI6MTczNTM4MjgwMH0.u_dz6KA0TQK2JqYpHKrEnZr5E1nUZwuUeeePFpJA1o4','2024-12-28 10:46:40','2023-12-29 10:46:40'),(190,6,'eyJhbGciOiJIUzI1NiIsInR5cCI6IkpXVCJ9.eyJucnAiOiI1MDI0MjAxMDE3IiwibmFtZSI6IkpvZWwgTmFwaXR1cHVsdSIsInVzZXJfaWQiOjYsInJvbGVzIjpbInByYWt0aWthbiJdLCJpYXQiOjE3MDM4NDY4MDAsImV4cCI6MTczNTM4MjgwMH0.u_dz6KA0TQK2JqYpHKrEnZr5E1nUZwuUeeePFpJA1o4','2024-12-28 10:46:40','2023-12-29 10:46:40'),(191,6,'eyJhbGciOiJIUzI1NiIsInR5cCI6IkpXVCJ9.eyJucnAiOiI1MDI0MjAxMDE3IiwibmFtZSI6IkpvZWwgTmFwaXR1cHVsdSIsInVzZXJfaWQiOjYsInJvbGVzIjpbInByYWt0aWthbiJdLCJpYXQiOjE3MDM4NDY4MDEsImV4cCI6MTczNTM4MjgwMX0.MDj4-_rxOGQ0UALCgD9Mi67jDiKGGC7QHi6Fi3Lch1I','2024-12-28 10:46:41','2023-12-29 10:46:41'),(192,6,'eyJhbGciOiJIUzI1NiIsInR5cCI6IkpXVCJ9.eyJucnAiOiI1MDI0MjAxMDE3IiwibmFtZSI6IkpvZWwgTmFwaXR1cHVsdSIsInVzZXJfaWQiOjYsInJvbGVzIjpbInByYWt0aWthbiJdLCJpYXQiOjE3MDM4NDY4MDEsImV4cCI6MTczNTM4MjgwMX0.MDj4-_rxOGQ0UALCgD9Mi67jDiKGGC7QHi6Fi3Lch1I','2024-12-28 10:46:41','2023-12-29 10:46:41'),(193,6,'eyJhbGciOiJIUzI1NiIsInR5cCI6IkpXVCJ9.eyJucnAiOiI1MDI0MjAxMDE3IiwibmFtZSI6IkpvZWwgTmFwaXR1cHVsdSIsInVzZXJfaWQiOjYsInJvbGVzIjpbInByYWt0aWthbiJdLCJpYXQiOjE3MDM4NDY4MDIsImV4cCI6MTczNTM4MjgwMn0.EzQozC9ZjPipQyDmhT-DstJKOOsFIMNuNOoJs0vuNeI','2024-12-28 10:46:42','2023-12-29 10:46:42'),(194,6,'eyJhbGciOiJIUzI1NiIsInR5cCI6IkpXVCJ9.eyJucnAiOiI1MDI0MjAxMDE3IiwibmFtZSI6IkpvZWwgTmFwaXR1cHVsdSIsInVzZXJfaWQiOjYsInJvbGVzIjpbInByYWt0aWthbiJdLCJpYXQiOjE3MDM4NDY4MDIsImV4cCI6MTczNTM4MjgwMn0.EzQozC9ZjPipQyDmhT-DstJKOOsFIMNuNOoJs0vuNeI','2024-12-28 10:46:42','2023-12-29 10:46:42'),(195,6,'eyJhbGciOiJIUzI1NiIsInR5cCI6IkpXVCJ9.eyJucnAiOiI1MDI0MjAxMDE3IiwibmFtZSI6IkpvZWwgTmFwaXR1cHVsdSIsInVzZXJfaWQiOjYsInJvbGVzIjpbInByYWt0aWthbiJdLCJpYXQiOjE3MDM4NDY4MDMsImV4cCI6MTczNTM4MjgwM30.7EKVaygosI7QWd86k_DjY62bk9bokDESnvnRLd6tz3A','2024-12-28 10:46:43','2023-12-29 10:46:43'),(196,6,'eyJhbGciOiJIUzI1NiIsInR5cCI6IkpXVCJ9.eyJucnAiOiI1MDI0MjAxMDE3IiwibmFtZSI6IkpvZWwgTmFwaXR1cHVsdSIsInVzZXJfaWQiOjYsInJvbGVzIjpbInByYWt0aWthbiJdLCJpYXQiOjE3MDM4NDY4MDMsImV4cCI6MTczNTM4MjgwM30.7EKVaygosI7QWd86k_DjY62bk9bokDESnvnRLd6tz3A','2024-12-28 10:46:43','2023-12-29 10:46:43'),(197,6,'eyJhbGciOiJIUzI1NiIsInR5cCI6IkpXVCJ9.eyJucnAiOiI1MDI0MjAxMDE3IiwibmFtZSI6IkpvZWwgTmFwaXR1cHVsdSIsInVzZXJfaWQiOjYsInJvbGVzIjpbInByYWt0aWthbiJdLCJpYXQiOjE3MDM4NDY4MTUsImV4cCI6MTczNTM4MjgxNX0.qLHZuxBA5XRU0gmJhXfKypK6EqZjb1EDgY8tjJYFjJc','2024-12-28 10:46:55','2023-12-29 10:46:55'),(198,6,'eyJhbGciOiJIUzI1NiIsInR5cCI6IkpXVCJ9.eyJucnAiOiI1MDI0MjAxMDE3IiwibmFtZSI6IkpvZWwgTmFwaXR1cHVsdSIsInVzZXJfaWQiOjYsInJvbGVzIjpbInByYWt0aWthbiJdLCJpYXQiOjE3MDM4NDY4MjQsImV4cCI6MTczNTM4MjgyNH0.6T6jq68fRn5J2VZBBa0d2w47nU7AmdBGPUf6O-Mu1zM','2024-12-28 10:47:04','2023-12-29 10:47:04'),(199,6,'eyJhbGciOiJIUzI1NiIsInR5cCI6IkpXVCJ9.eyJucnAiOiI1MDI0MjAxMDE3IiwibmFtZSI6IkpvZWwgTmFwaXR1cHVsdSIsInVzZXJfaWQiOjYsInJvbGVzIjpbInByYWt0aWthbiJdLCJpYXQiOjE3MDM4NDY4NjgsImV4cCI6MTczNTM4Mjg2OH0.1_1z-4kS2mKEIjylMF9IVuj_SlJh9ocTDZG4GDteeGw','2024-12-28 10:47:48','2023-12-29 10:47:48'),(201,2,'eyJhbGciOiJIUzI1NiIsInR5cCI6IkpXVCJ9.eyJucnAiOiI1MDI0MjAxMDIzIiwibmFtZSI6IkRlc2lhbmEgRml0cmlhIiwidXNlcl9pZCI6Miwicm9sZXMiOlsiYWRtaW4iXSwiaWF0IjoxNzAzODQ3MDI4LCJleHAiOjE3MzUzODMwMjh9.cbh5uJTZZ8_R0UGWPPE5oGWz_k8-28oZzCqyy9B2Lag','2024-12-28 10:50:28','2023-12-29 10:50:28'),(202,6,'eyJhbGciOiJIUzI1NiIsInR5cCI6IkpXVCJ9.eyJucnAiOiI1MDI0MjAxMDE3IiwibmFtZSI6IkpvZWwgTmFwaXR1cHVsdSIsInVzZXJfaWQiOjYsInJvbGVzIjpbInByYWt0aWthbiJdLCJpYXQiOjE3MDM4NDcwNTAsImV4cCI6MTczNTM4MzA1MH0.Ag3548-b0SKo0dABEdoEYaoxl8eSLxNRBtE7OcArrgk','2024-12-28 10:50:50','2023-12-29 10:50:50'),(203,3,'eyJhbGciOiJIUzI1NiIsInR5cCI6IkpXVCJ9.eyJucnAiOiI1MDI0MjAxMDQ2IiwibmFtZSI6IkZhaXNhbCBUaGFyaXEiLCJ1c2VyX2lkIjozLCJyb2xlcyI6WyJwcmFrdGlrYW4iLCJhc2lzdGVuIl0sImlhdCI6MTcwMzg0NzA3OSwiZXhwIjoxNzM1MzgzMDc5fQ.JHaVtWaNA53qS3ballPS5kGCuOWbHcPKZzjBa6eJJQE','2024-12-28 10:51:19','2023-12-29 10:51:19'),(204,3,'eyJhbGciOiJIUzI1NiIsInR5cCI6IkpXVCJ9.eyJucnAiOiI1MDI0MjAxMDQ2IiwibmFtZSI6IkZhaXNhbCBUaGFyaXEiLCJ1c2VyX2lkIjozLCJyb2xlcyI6WyJwcmFrdGlrYW4iLCJhc2lzdGVuIl0sImlhdCI6MTcwMzg0NzEyNCwiZXhwIjoxNzM1MzgzMTI0fQ.NtmrNc7h9EkW7hHMTpzFdWZ_KGwTbOkJoYeD8-p0-9E','2024-12-28 10:52:04','2023-12-29 10:52:04'),(205,6,'eyJhbGciOiJIUzI1NiIsInR5cCI6IkpXVCJ9.eyJucnAiOiI1MDI0MjAxMDE3IiwibmFtZSI6IkpvZWwgTmFwaXR1cHVsdSIsInVzZXJfaWQiOjYsInJvbGVzIjpbInByYWt0aWthbiJdLCJpYXQiOjE3MDM4NTM2MzYsImV4cCI6MTczNTM4OTYzNn0.ItTo3BLDTf10TVefvNzHcN6IH-yp40M0jS57gMotQAs','2024-12-28 12:40:36','2023-12-29 12:40:36'),(206,6,'eyJhbGciOiJIUzI1NiIsInR5cCI6IkpXVCJ9.eyJucnAiOiI1MDI0MjAxMDE3IiwibmFtZSI6IkpvZWwgTmFwaXR1cHVsdSIsInVzZXJfaWQiOjYsInJvbGVzIjpbInByYWt0aWthbiJdLCJpYXQiOjE3MDM4NTM2NzUsImV4cCI6MTczNTM4OTY3NX0.4UvOthCxrnUatgf1e-Y1e86HtP8lbHvE2ZvExZ7U09o','2024-12-28 12:41:15','2023-12-29 12:41:15'),(207,3,'eyJhbGciOiJIUzI1NiIsInR5cCI6IkpXVCJ9.eyJucnAiOiI1MDI0MjAxMDQ2IiwibmFtZSI6IkZhaXNhbCBUaGFyaXEiLCJ1c2VyX2lkIjozLCJyb2xlcyI6WyJwcmFrdGlrYW4iLCJhc2lzdGVuIl0sImlhdCI6MTcwMzg1MzcxNywiZXhwIjoxNzM1Mzg5NzE3fQ.7OAcN91I2wFN8YSYr7wnk_hzVb5_yz5yqd1Lrn9OHO4','2024-12-28 12:41:57','2023-12-29 12:41:57'),(208,6,'eyJhbGciOiJIUzI1NiIsInR5cCI6IkpXVCJ9.eyJucnAiOiI1MDI0MjAxMDE3IiwibmFtZSI6IkpvZWwgTmFwaXR1cHVsdSIsInVzZXJfaWQiOjYsInJvbGVzIjpbInByYWt0aWthbiJdLCJpYXQiOjE3MDM4NTM3MzcsImV4cCI6MTczNTM4OTczN30.9Wcc3XTNXtMsSN4VoC8flxlvb_N8Gpv-06m-3Js8Rrs','2024-12-28 12:42:17','2023-12-29 12:42:17'),(209,6,'eyJhbGciOiJIUzI1NiIsInR5cCI6IkpXVCJ9.eyJucnAiOiI1MDI0MjAxMDE3IiwibmFtZSI6IkpvZWwgTmFwaXR1cHVsdSIsInVzZXJfaWQiOjYsInJvbGVzIjpbInByYWt0aWthbiJdLCJpYXQiOjE3MDM4NTM3NDksImV4cCI6MTczNTM4OTc0OX0.jc7P65Iaa0DaFefZSRZgDZiysTlx2ju8ZTwdLckQSj4','2024-12-28 12:42:29','2023-12-29 12:42:29'),(210,6,'eyJhbGciOiJIUzI1NiIsInR5cCI6IkpXVCJ9.eyJucnAiOiI1MDI0MjAxMDE3IiwibmFtZSI6IkpvZWwgTmFwaXR1cHVsdSIsInVzZXJfaWQiOjYsInJvbGVzIjpbInByYWt0aWthbiJdLCJpYXQiOjE3MDM4NTM5MTcsImV4cCI6MTczNTM4OTkxN30.GUIeMAZm6hITEjimOsnZTbcXA0Ra4zlgs6Nl7iRRrXI','2024-12-28 12:45:17','2023-12-29 12:45:17'),(211,6,'eyJhbGciOiJIUzI1NiIsInR5cCI6IkpXVCJ9.eyJucnAiOiI1MDI0MjAxMDE3IiwibmFtZSI6IkpvZWwgTmFwaXR1cHVsdSIsInVzZXJfaWQiOjYsInJvbGVzIjpbInByYWt0aWthbiJdLCJpYXQiOjE3MDM4NTQyMzIsImV4cCI6MTczNTM5MDIzMn0.K_xz-8COauKlKH3BMdmu1M1qal0I90tasd_Y8aIGonI','2024-12-28 12:50:32','2023-12-29 12:50:32'),(212,6,'eyJhbGciOiJIUzI1NiIsInR5cCI6IkpXVCJ9.eyJucnAiOiI1MDI0MjAxMDE3IiwibmFtZSI6IkpvZWwgTmFwaXR1cHVsdSIsInVzZXJfaWQiOjYsInJvbGVzIjpbInByYWt0aWthbiJdLCJpYXQiOjE3MDM4NTQyMzYsImV4cCI6MTczNTM5MDIzNn0.FLslZNgWlRedvVkRcOqXExUA8aXIfskq5XQEGvrUa7k','2024-12-28 12:50:36','2023-12-29 12:50:36'),(213,6,'eyJhbGciOiJIUzI1NiIsInR5cCI6IkpXVCJ9.eyJucnAiOiI1MDI0MjAxMDE3IiwibmFtZSI6IkpvZWwgTmFwaXR1cHVsdSIsInVzZXJfaWQiOjYsInJvbGVzIjpbInByYWt0aWthbiJdLCJpYXQiOjE3MDM4NTQzNTksImV4cCI6MTczNTM5MDM1OX0.RSMvtVvD5aABZYTbQKhKlpMECn-pk3_z3Kq4TfHSWA8','2024-12-28 12:52:39','2023-12-29 12:52:39'),(214,6,'eyJhbGciOiJIUzI1NiIsInR5cCI6IkpXVCJ9.eyJucnAiOiI1MDI0MjAxMDE3IiwibmFtZSI6IkpvZWwgTmFwaXR1cHVsdSIsInVzZXJfaWQiOjYsInJvbGVzIjpbInByYWt0aWthbiJdLCJpYXQiOjE3MDM4NTQ0NTQsImV4cCI6MTczNTM5MDQ1NH0.NpHz5OywUp8472SzyZvf0jfNTWYVO1EYuPh_q82Tpe8','2024-12-28 12:54:14','2023-12-29 12:54:14'),(215,6,'eyJhbGciOiJIUzI1NiIsInR5cCI6IkpXVCJ9.eyJucnAiOiI1MDI0MjAxMDE3IiwibmFtZSI6IkpvZWwgTmFwaXR1cHVsdSIsInVzZXJfaWQiOjYsInJvbGVzIjpbInByYWt0aWthbiJdLCJpYXQiOjE3MDM4NTQ0NzksImV4cCI6MTczNTM5MDQ3OX0.3yQIjbxwZ0ElEITGldiNviu77jxFG0ZE0WcitwJiHXs','2024-12-28 12:54:39','2023-12-29 12:54:39'),(216,6,'eyJhbGciOiJIUzI1NiIsInR5cCI6IkpXVCJ9.eyJucnAiOiI1MDI0MjAxMDE3IiwibmFtZSI6IkpvZWwgTmFwaXR1cHVsdSIsInVzZXJfaWQiOjYsInJvbGVzIjpbInByYWt0aWthbiJdLCJpYXQiOjE3MDM4NTQ4MTgsImV4cCI6MTczNTM5MDgxOH0.RFzt9iBhUOXFa3kZBls2rPrPdWm3r_D3eH2jaiArHjw','2024-12-28 13:00:18','2023-12-29 13:00:18'),(217,6,'eyJhbGciOiJIUzI1NiIsInR5cCI6IkpXVCJ9.eyJucnAiOiI1MDI0MjAxMDE3IiwibmFtZSI6IkpvZWwgTmFwaXR1cHVsdSIsInVzZXJfaWQiOjYsInJvbGVzIjpbInByYWt0aWthbiJdLCJpYXQiOjE3MDM4NTQ4NjMsImV4cCI6MTczNTM5MDg2M30.TC3ws3DhRDPLCBRWL_uL-JI0A0nJyiFLvGeqEx-gvAI','2024-12-28 13:01:03','2023-12-29 13:01:03'),(218,6,'eyJhbGciOiJIUzI1NiIsInR5cCI6IkpXVCJ9.eyJucnAiOiI1MDI0MjAxMDE3IiwibmFtZSI6IkpvZWwgTmFwaXR1cHVsdSIsInVzZXJfaWQiOjYsInJvbGVzIjpbInByYWt0aWthbiJdLCJpYXQiOjE3MDM4NTQ4OTYsImV4cCI6MTczNTM5MDg5Nn0.U6SxN8z9bcd1ifDEToCTcDSaRcyIgosLPt_zjUjKMR4','2024-12-28 13:01:36','2023-12-29 13:01:36'),(219,6,'eyJhbGciOiJIUzI1NiIsInR5cCI6IkpXVCJ9.eyJucnAiOiI1MDI0MjAxMDE3IiwibmFtZSI6IkpvZWwgTmFwaXR1cHVsdSIsInVzZXJfaWQiOjYsInJvbGVzIjpbInByYWt0aWthbiJdLCJpYXQiOjE3MDM4NTQ5NjUsImV4cCI6MTczNTM5MDk2NX0.eTnz3JgYvyF0NNgdoL6RV6UpOvCRwuCAFwjooY0Reg8','2024-12-28 13:02:45','2023-12-29 13:02:45'),(220,6,'eyJhbGciOiJIUzI1NiIsInR5cCI6IkpXVCJ9.eyJucnAiOiI1MDI0MjAxMDE3IiwibmFtZSI6IkpvZWwgTmFwaXR1cHVsdSIsInVzZXJfaWQiOjYsInJvbGVzIjpbInByYWt0aWthbiJdLCJpYXQiOjE3MDM4NTUwNDYsImV4cCI6MTczNTM5MTA0Nn0.0MfJB1OgwEe5SUuRHTPXOzdc1_K3e00D6l8Qi_n5sD0','2024-12-28 13:04:06','2023-12-29 13:04:06'),(222,2,'eyJhbGciOiJIUzI1NiIsInR5cCI6IkpXVCJ9.eyJucnAiOiI1MDI0MjAxMDIzIiwibmFtZSI6IkRlc2lhbmEgRml0cmlhIiwidXNlcl9pZCI6Miwicm9sZXMiOlsiYWRtaW4iXSwiaWF0IjoxNzAzODU1NTA4LCJleHAiOjE3MzUzOTE1MDh9.USGMrx88LYOITI4eVWG8wMfkpwQnJFyeOR2YrZsVB-A','2024-12-28 13:11:48','2023-12-29 13:11:48'),(223,2,'eyJhbGciOiJIUzI1NiIsInR5cCI6IkpXVCJ9.eyJucnAiOiI1MDI0MjAxMDIzIiwibmFtZSI6IkRlc2lhbmEgRml0cmlhIiwidXNlcl9pZCI6Miwicm9sZXMiOlsiYWRtaW4iXSwiaWF0IjoxNzAzODU1NTk3LCJleHAiOjE3MzUzOTE1OTd9.0n_BR2aP-H1Z0NwWhzMYvxPR73w98zN5K7NeFHMqQus','2024-12-28 13:13:17','2023-12-29 13:13:17'),(224,2,'eyJhbGciOiJIUzI1NiIsInR5cCI6IkpXVCJ9.eyJucnAiOiI1MDI0MjAxMDIzIiwibmFtZSI6IkRlc2lhbmEgRml0cmlhIiwidXNlcl9pZCI6Miwicm9sZXMiOlsiYWRtaW4iXSwiaWF0IjoxNzAzODU1NjIyLCJleHAiOjE3MzUzOTE2MjJ9.QJijSZNgbXxZLFMdRah7r85gzq0z-aDwWx6-G87agy8','2024-12-28 13:13:42','2023-12-29 13:13:42'),(225,6,'eyJhbGciOiJIUzI1NiIsInR5cCI6IkpXVCJ9.eyJucnAiOiI1MDI0MjAxMDE3IiwibmFtZSI6IkpvZWwgTmFwaXR1cHVsdSIsInVzZXJfaWQiOjYsInJvbGVzIjpbInByYWt0aWthbiJdLCJpYXQiOjE3MDM4NTYyMzksImV4cCI6MTczNTM5MjIzOX0.fb_ncg3MuyQ-6LTP9UCwdMpOjfSRCEOQyhQrVXXrlVw','2024-12-28 13:23:59','2023-12-29 13:23:59'),(226,6,'eyJhbGciOiJIUzI1NiIsInR5cCI6IkpXVCJ9.eyJucnAiOiI1MDI0MjAxMDE3IiwibmFtZSI6IkpvZWwgTmFwaXR1cHVsdSIsInVzZXJfaWQiOjYsInJvbGVzIjpbInByYWt0aWthbiJdLCJpYXQiOjE3MDM4NTYyOTEsImV4cCI6MTczNTM5MjI5MX0.284kXyXGUu1_I2anvy11qdau2lmPus5uzZKlC7jOXNE','2024-12-28 13:24:51','2023-12-29 13:24:51'),(227,2,'eyJhbGciOiJIUzI1NiIsInR5cCI6IkpXVCJ9.eyJucnAiOiI1MDI0MjAxMDIzIiwibmFtZSI6IkRlc2lhbmEgRml0cmlhIiwidXNlcl9pZCI6Miwicm9sZXMiOlsiYWRtaW4iXSwiaWF0IjoxNzAzODU2MzQ5LCJleHAiOjE3MzUzOTIzNDl9.cTBjL3XD9jJOAHVo3O5AznHhiP77xTEuxZviXFRrlrY','2024-12-28 13:25:49','2023-12-29 13:25:49'),(228,11,'eyJhbGciOiJIUzI1NiIsInR5cCI6IkpXVCJ9.eyJucnAiOiI1MDI5MjAxMDAxIiwibmFtZSI6InRlc3RCYW5nIiwidXNlcl9pZCI6MTEsInJvbGVzIjpbInByYWt0aWthbiJdLCJpYXQiOjE3MDM4NjIwNzUsImV4cCI6MTczNTM5ODA3NX0.rqpnMr6eohXfPrAqQGFaAofMndTcY4m3jvadPfbMymA','2024-12-28 15:01:15','2023-12-29 15:01:15'),(229,6,'eyJhbGciOiJIUzI1NiIsInR5cCI6IkpXVCJ9.eyJucnAiOiI1MDI0MjAxMDE3IiwibmFtZSI6IkpvZWwgTmFwaXR1cHVsdSIsInVzZXJfaWQiOjYsInJvbGVzIjpbInByYWt0aWthbiJdLCJpYXQiOjE3MDM4NzMwMDQsImV4cCI6MTczNTQwOTAwNH0.Vo1_MVSp8Nn-aOiQql-TuSS9gPNSTOQg7eXlzHKNO80','2024-12-28 18:03:24','2023-12-29 18:03:24'),(230,12,'eyJhbGciOiJIUzI1NiIsInR5cCI6IkpXVCJ9.eyJucnAiOiI1MDI2MjIxMDkwIiwibmFtZSI6ImR6YWt5IiwidXNlcl9pZCI6MTIsInJvbGVzIjpbInByYWt0aWthbiJdLCJpYXQiOjE3MDM4NzU2ODgsImV4cCI6MTczNTQxMTY4OH0.gPd82bydifDBY8_flFqm2NmIDuJeYfG8bVNjA0l6fmc','2024-12-28 18:48:08','2023-12-29 18:48:08'),(231,12,'eyJhbGciOiJIUzI1NiIsInR5cCI6IkpXVCJ9.eyJucnAiOiI1MDI2MjIxMDkwIiwibmFtZSI6ImR6YWt5IiwidXNlcl9pZCI6MTIsInJvbGVzIjpbInByYWt0aWthbiJdLCJpYXQiOjE3MDM4NzU2OTIsImV4cCI6MTczNTQxMTY5Mn0.JBLYAMOTClNWgjqhduCaOqC_cKmmmllysX7dgtMrGl0','2024-12-28 18:48:12','2023-12-29 18:48:12'),(232,13,'eyJhbGciOiJIUzI1NiIsInR5cCI6IkpXVCJ9.eyJucnAiOiI1MDI0MjAxMDY4IiwibmFtZSI6InJ1a3kiLCJ1c2VyX2lkIjoxMywicm9sZXMiOlsicHJha3Rpa2FuIl0sImlhdCI6MTcwMzg3NTgxNSwiZXhwIjoxNzM1NDExODE1fQ.SLMYKcDzkOTe6sNHClXH__heE9q9nBvSGDvVMQ4teKU','2024-12-28 18:50:15','2023-12-29 18:50:15'),(233,12,'eyJhbGciOiJIUzI1NiIsInR5cCI6IkpXVCJ9.eyJucnAiOiI1MDI2MjIxMDkwIiwibmFtZSI6ImR6YWt5IiwidXNlcl9pZCI6MTIsInJvbGVzIjpbInByYWt0aWthbiJdLCJpYXQiOjE3MDM4NzYwNTgsImV4cCI6MTczNTQxMjA1OH0.3gllTwyoMsPvfb7B-WFiwnGl-J84ICZ9K8JYJxY8_o0','2024-12-28 18:54:18','2023-12-29 18:54:18'),(234,12,'eyJhbGciOiJIUzI1NiIsInR5cCI6IkpXVCJ9.eyJucnAiOiI1MDI2MjIxMDkwIiwibmFtZSI6ImR6YWt5IiwidXNlcl9pZCI6MTIsInJvbGVzIjpbInByYWt0aWthbiJdLCJpYXQiOjE3MDM4NzY5MjksImV4cCI6MTczNTQxMjkyOX0.vo8i1jwHTqpetCocxeJRVrRcQbkk9PeGRoEWbahI35Q','2024-12-28 19:08:49','2023-12-29 19:08:49'),(235,12,'eyJhbGciOiJIUzI1NiIsInR5cCI6IkpXVCJ9.eyJucnAiOiI1MDI2MjIxMDkwIiwibmFtZSI6ImR6YWt5IiwidXNlcl9pZCI6MTIsInJvbGVzIjpbInByYWt0aWthbiJdLCJpYXQiOjE3MDM4NzcxMjEsImV4cCI6MTczNTQxMzEyMX0.KGChXBuJlQbxeQ-dzyKfp0LOm0BUG6t9KMerwpn0oKw','2024-12-28 19:12:01','2023-12-29 19:12:01'),(236,12,'eyJhbGciOiJIUzI1NiIsInR5cCI6IkpXVCJ9.eyJucnAiOiI1MDI2MjIxMDkwIiwibmFtZSI6ImR6YWt5IiwidXNlcl9pZCI6MTIsInJvbGVzIjpbInByYWt0aWthbiJdLCJpYXQiOjE3MDM4Nzc2ODIsImV4cCI6MTczNTQxMzY4Mn0.WhPFkSMKfvmqwj1zj9NRp6Hniv3l8bD1HmKSgFs2sr8','2024-12-28 19:21:22','2023-12-29 19:21:22'),(237,12,'eyJhbGciOiJIUzI1NiIsInR5cCI6IkpXVCJ9.eyJucnAiOiI1MDI2MjIxMDkwIiwibmFtZSI6ImR6YWt5IiwidXNlcl9pZCI6MTIsInJvbGVzIjpbInByYWt0aWthbiJdLCJpYXQiOjE3MDM4Nzc4MjUsImV4cCI6MTczNTQxMzgyNX0.1IApqzd7kJaK8gm779y6B_20dC8AuN1y3NwxXanxow8','2024-12-28 19:23:45','2023-12-29 19:23:45'),(238,12,'eyJhbGciOiJIUzI1NiIsInR5cCI6IkpXVCJ9.eyJucnAiOiI1MDI2MjIxMDkwIiwibmFtZSI6ImR6YWt5IiwidXNlcl9pZCI6MTIsInJvbGVzIjpbInByYWt0aWthbiJdLCJpYXQiOjE3MDM4Nzg4NTUsImV4cCI6MTczNTQxNDg1NX0.lJMCAXtAG6WHfs6l5cRILP33eG---Kj0Pm3e7ETetOM','2024-12-28 19:40:55','2023-12-29 19:40:55'),(239,13,'eyJhbGciOiJIUzI1NiIsInR5cCI6IkpXVCJ9.eyJucnAiOiI1MDI0MjAxMDY4IiwibmFtZSI6InJ1a3kiLCJ1c2VyX2lkIjoxMywicm9sZXMiOlsicHJha3Rpa2FuIl0sImlhdCI6MTcwMzg3ODk5MCwiZXhwIjoxNzM1NDE0OTkwfQ.mKyLCuIIchgRWJgRx8NaAHmqCLW9ajrLGozcjP0ZOcI','2024-12-28 19:43:10','2023-12-29 19:43:10'),(240,13,'eyJhbGciOiJIUzI1NiIsInR5cCI6IkpXVCJ9.eyJucnAiOiI1MDI0MjAxMDY4IiwibmFtZSI6InJ1a3kiLCJ1c2VyX2lkIjoxMywicm9sZXMiOlsicHJha3Rpa2FuIl0sImlhdCI6MTcwMzg3OTAzMCwiZXhwIjoxNzM1NDE1MDMwfQ.E22tfEJhlOkpvtOHirM8AXCOfficIQZKQ4WDqtwkO_s','2024-12-28 19:43:50','2023-12-29 19:43:50'),(241,12,'eyJhbGciOiJIUzI1NiIsInR5cCI6IkpXVCJ9.eyJucnAiOiI1MDI2MjIxMDkwIiwibmFtZSI6ImR6YWt5IiwidXNlcl9pZCI6MTIsInJvbGVzIjpbInByYWt0aWthbiJdLCJpYXQiOjE3MDM4NzkwNTQsImV4cCI6MTczNTQxNTA1NH0.FwrnkNHIzrEEbCFD46P0Oo8j4HBJyqMwvr7QQb-XsT4','2024-12-28 19:44:14','2023-12-29 19:44:14'),(242,12,'eyJhbGciOiJIUzI1NiIsInR5cCI6IkpXVCJ9.eyJucnAiOiI1MDI2MjIxMDkwIiwibmFtZSI6ImR6YWt5IiwidXNlcl9pZCI6MTIsInJvbGVzIjpbInByYWt0aWthbiJdLCJpYXQiOjE3MDM4NzkwOTIsImV4cCI6MTczNTQxNTA5Mn0.vq4keC_DSSr36RfYzMHRTHkn2E8bc-lVz0R1M3P_cmQ','2024-12-28 19:44:52','2023-12-29 19:44:52'),(243,12,'eyJhbGciOiJIUzI1NiIsInR5cCI6IkpXVCJ9.eyJucnAiOiI1MDI2MjIxMDkwIiwibmFtZSI6ImR6YWt5IiwidXNlcl9pZCI6MTIsInJvbGVzIjpbInByYWt0aWthbiJdLCJpYXQiOjE3MDM4NzkxNTgsImV4cCI6MTczNTQxNTE1OH0.OZ5fIlDkJZSj3ZVdprtgP4I9h39i4eJlSliHTcnDDCE','2024-12-28 19:45:58','2023-12-29 19:45:58'),(244,12,'eyJhbGciOiJIUzI1NiIsInR5cCI6IkpXVCJ9.eyJucnAiOiI1MDI2MjIxMDkwIiwibmFtZSI6ImR6YWt5IiwidXNlcl9pZCI6MTIsInJvbGVzIjpbInByYWt0aWthbiJdLCJpYXQiOjE3MDM4NzkxODAsImV4cCI6MTczNTQxNTE4MH0.Sp3PQfZJcIqfGuYV5aDSHtNWsU5VmsAr2U1Yy546MCA','2024-12-28 19:46:20','2023-12-29 19:46:20'),(245,12,'eyJhbGciOiJIUzI1NiIsInR5cCI6IkpXVCJ9.eyJucnAiOiI1MDI2MjIxMDkwIiwibmFtZSI6ImR6YWt5IiwidXNlcl9pZCI6MTIsInJvbGVzIjpbInByYWt0aWthbiJdLCJpYXQiOjE3MDM4NzkyMzEsImV4cCI6MTczNTQxNTIzMX0.L9gG4C5TBskHeGAHkjxfF4sThmKQlTqEmDJFkI3LCdE','2024-12-28 19:47:11','2023-12-29 19:47:11'),(246,12,'eyJhbGciOiJIUzI1NiIsInR5cCI6IkpXVCJ9.eyJucnAiOiI1MDI2MjIxMDkwIiwibmFtZSI6ImR6YWt5IiwidXNlcl9pZCI6MTIsInJvbGVzIjpbInByYWt0aWthbiJdLCJpYXQiOjE3MDM4NzkyODcsImV4cCI6MTczNTQxNTI4N30.TgLNPRFKob9jlMsQ1my6emGZltliehRkgATiN2oKVJA','2024-12-28 19:48:07','2023-12-29 19:48:07'),(247,12,'eyJhbGciOiJIUzI1NiIsInR5cCI6IkpXVCJ9.eyJucnAiOiI1MDI2MjIxMDkwIiwibmFtZSI6ImR6YWt5IiwidXNlcl9pZCI6MTIsInJvbGVzIjpbInByYWt0aWthbiJdLCJpYXQiOjE3MDM4NzkzMzEsImV4cCI6MTczNTQxNTMzMX0.151-eR_S8f_AYj_Tlr3C_a0oaJY4kMZ28UOmU117vHU','2024-12-28 19:48:51','2023-12-29 19:48:51'),(248,12,'eyJhbGciOiJIUzI1NiIsInR5cCI6IkpXVCJ9.eyJucnAiOiI1MDI2MjIxMDkwIiwibmFtZSI6ImR6YWt5IiwidXNlcl9pZCI6MTIsInJvbGVzIjpbInByYWt0aWthbiJdLCJpYXQiOjE3MDM4NzkzNzIsImV4cCI6MTczNTQxNTM3Mn0.H0iKvRTdortNWSnBIoiavSyTE1NaMbtXA2r_GVLn1Og','2024-12-28 19:49:32','2023-12-29 19:49:32'),(249,12,'eyJhbGciOiJIUzI1NiIsInR5cCI6IkpXVCJ9.eyJucnAiOiI1MDI2MjIxMDkwIiwibmFtZSI6ImR6YWt5IiwidXNlcl9pZCI6MTIsInJvbGVzIjpbInByYWt0aWthbiJdLCJpYXQiOjE3MDM4Nzk0NjgsImV4cCI6MTczNTQxNTQ2OH0.hfGG1p409ci3F3oYgF3Oz5VkVOgHNUBBUtytnUwqqz4','2024-12-28 19:51:08','2023-12-29 19:51:08'),(250,14,'eyJhbGciOiJIUzI1NiIsInR5cCI6IkpXVCJ9.eyJucnAiOiI1MDI2MjIxMDg1IiwibmFtZSI6ImR6YWt5MiIsInVzZXJfaWQiOjE0LCJyb2xlcyI6WyJwcmFrdGlrYW4iXSwiaWF0IjoxNzAzODc5ODc1LCJleHAiOjE3MzU0MTU4NzV9.3Zz_teOB9Qw8_ueeZHAujRSp0EvWh4D4iroRshRrESw','2024-12-28 19:57:55','2023-12-29 19:57:55'),(251,14,'eyJhbGciOiJIUzI1NiIsInR5cCI6IkpXVCJ9.eyJucnAiOiI1MDI2MjIxMDg1IiwibmFtZSI6ImR6YWt5MiIsInVzZXJfaWQiOjE0LCJyb2xlcyI6WyJwcmFrdGlrYW4iXSwiaWF0IjoxNzAzODc5OTI1LCJleHAiOjE3MzU0MTU5MjV9.oC5lZOHoUYfN1MzUE7WXTfYM5iPo3xlsHjDjas4DWHM','2024-12-28 19:58:45','2023-12-29 19:58:45'),(252,14,'eyJhbGciOiJIUzI1NiIsInR5cCI6IkpXVCJ9.eyJucnAiOiI1MDI2MjIxMDg1IiwibmFtZSI6ImR6YWt5MiIsInVzZXJfaWQiOjE0LCJyb2xlcyI6WyJwcmFrdGlrYW4iXSwiaWF0IjoxNzAzODc5OTY5LCJleHAiOjE3MzU0MTU5Njl9.F8x_nvF582GLl2NFXYL1E7B7eR0c8jU-MNGdEqNLPSA','2024-12-28 19:59:29','2023-12-29 19:59:29'),(253,2,'eyJhbGciOiJIUzI1NiIsInR5cCI6IkpXVCJ9.eyJucnAiOiI1MDI0MjAxMDIzIiwibmFtZSI6IkRlc2lhbmEgRml0cmlhIiwidXNlcl9pZCI6Miwicm9sZXMiOlsiYWRtaW4iXSwiaWF0IjoxNzAzODgwMDcwLCJleHAiOjE3MzU0MTYwNzB9.rxaanR27eEIsvrgHpxD_z2gkMxpKhDbZRfYw4fNFgLA','2024-12-28 20:01:10','2023-12-29 20:01:10'),(254,2,'eyJhbGciOiJIUzI1NiIsInR5cCI6IkpXVCJ9.eyJucnAiOiI1MDI0MjAxMDIzIiwibmFtZSI6IkRlc2lhbmEgRml0cmlhIiwidXNlcl9pZCI6Miwicm9sZXMiOlsiYWRtaW4iXSwiaWF0IjoxNzAzODgwNDQyLCJleHAiOjE3MzU0MTY0NDJ9.day1bGrVZiQ-3q-kLiR2EaY8ILB4Qq1WEsrbH6gnrdc','2024-12-28 20:07:22','2023-12-29 20:07:22'),(255,2,'eyJhbGciOiJIUzI1NiIsInR5cCI6IkpXVCJ9.eyJucnAiOiI1MDI0MjAxMDIzIiwibmFtZSI6IkRlc2lhbmEgRml0cmlhIiwidXNlcl9pZCI6Miwicm9sZXMiOlsiYWRtaW4iXSwiaWF0IjoxNzAzOTEyNjM3LCJleHAiOjE3MzU0NDg2Mzd9.yeIx8og2wa09e5LW7rXtt4wvioiuNZgCSQ2fmh2tzMY','2024-12-29 05:03:57','2023-12-30 05:03:57'),(256,6,'eyJhbGciOiJIUzI1NiIsInR5cCI6IkpXVCJ9.eyJucnAiOiI1MDI0MjAxMDE3IiwibmFtZSI6IkpvZWwgTmFwaXR1cHVsdSIsInVzZXJfaWQiOjYsInJvbGVzIjpbInByYWt0aWthbiJdLCJpYXQiOjE3MDM5MTU2MTgsImV4cCI6MTczNTQ1MTYxOH0.ZhyxwfZsZx2aybI5aZgm80BXGN1CODGcns9gfptqzxw','2024-12-29 05:53:38','2023-12-30 05:53:38'),(258,6,'eyJhbGciOiJIUzI1NiIsInR5cCI6IkpXVCJ9.eyJucnAiOiI1MDI0MjAxMDE3IiwibmFtZSI6IkpvZWwgTmFwaXR1cHVsdSIsInVzZXJfaWQiOjYsInJvbGVzIjpbInByYWt0aWthbiJdLCJpYXQiOjE3MDM5MTYxNjQsImV4cCI6MTczNTQ1MjE2NH0.dGhUtEr9mM-ovv9GlC4MGb4gTRqYKpbrq_crwy96V9E','2024-12-29 06:02:44','2023-12-30 06:02:44'),(259,13,'eyJhbGciOiJIUzI1NiIsInR5cCI6IkpXVCJ9.eyJucnAiOiI1MDI0MjAxMDY4IiwibmFtZSI6InJ1a3kiLCJ1c2VyX2lkIjoxMywicm9sZXMiOlsicHJha3Rpa2FuIl0sImlhdCI6MTcwMzkxODU0MSwiZXhwIjoxNzM1NDU0NTQxfQ.vtNPb6vV091zTbvT0BXic9BwdwmgjUmAPqqOpOkLXh0','2024-12-29 06:42:21','2023-12-30 06:42:21'),(261,6,'eyJhbGciOiJIUzI1NiIsInR5cCI6IkpXVCJ9.eyJucnAiOiI1MDI0MjAxMDE3IiwibmFtZSI6IkpvZWwgTmFwaXR1cHVsdSIsInVzZXJfaWQiOjYsInJvbGVzIjpbInByYWt0aWthbiJdLCJpYXQiOjE3MDM5MjQ5NTcsImV4cCI6MTczNTQ2MDk1N30.y-nxOBEsMdhGA4c7tU3m1tLcywhICqUov8AmboS9P3k','2024-12-29 08:29:17','2023-12-30 08:29:17'),(262,6,'eyJhbGciOiJIUzI1NiIsInR5cCI6IkpXVCJ9.eyJucnAiOiI1MDI0MjAxMDE3IiwibmFtZSI6IkpvZWwgTmFwaXR1cHVsdSIsInVzZXJfaWQiOjYsInJvbGVzIjpbInByYWt0aWthbiJdLCJpYXQiOjE3MDM5MjUxNzMsImV4cCI6MTczNTQ2MTE3M30.sE797bh3GR6Tkb0rlUwWgfhOOAU9UqWfxcESAlytLRw','2024-12-29 08:32:53','2023-12-30 08:32:53'),(263,2,'eyJhbGciOiJIUzI1NiIsInR5cCI6IkpXVCJ9.eyJucnAiOiI1MDI0MjAxMDIzIiwibmFtZSI6IkRlc2lhbmEgRml0cmlhIiwidXNlcl9pZCI6Miwicm9sZXMiOlsiYWRtaW4iXSwiaWF0IjoxNzAzOTQ3MDc0LCJleHAiOjE3MzU0ODMwNzR9.vU60uOi45jLa9JYIwrBwqxJuembBWB_jMegzTvETbU0','2024-12-29 14:37:54','2023-12-30 14:37:54'),(264,2,'eyJhbGciOiJIUzI1NiIsInR5cCI6IkpXVCJ9.eyJucnAiOiI1MDI0MjAxMDIzIiwibmFtZSI6IkRlc2lhbmEgRml0cmlhIiwidXNlcl9pZCI6Miwicm9sZXMiOlsiYWRtaW4iXSwiaWF0IjoxNzAzOTQ3OTI5LCJleHAiOjE3MzU0ODM5Mjl9.XXeR1ePkX2rBBfgny_YETFKhRbeC6gJoO2IqdKe91So','2024-12-29 14:52:09','2023-12-30 14:52:09'),(265,13,'eyJhbGciOiJIUzI1NiIsInR5cCI6IkpXVCJ9.eyJucnAiOiI1MDI0MjAxMDY4IiwibmFtZSI6InJ1a3kiLCJ1c2VyX2lkIjoxMywicm9sZXMiOlsicHJha3Rpa2FuIl0sImlhdCI6MTcwMzk0ODQwMywiZXhwIjoxNzM1NDg0NDAzfQ.Z72-2bQDblsjVuuSigX_f84U-KjCEuL3nOEKYile6Zw','2024-12-29 15:00:03','2023-12-30 15:00:03'),(266,12,'eyJhbGciOiJIUzI1NiIsInR5cCI6IkpXVCJ9.eyJucnAiOiI1MDI2MjIxMDkwIiwibmFtZSI6ImR6YWt5IiwidXNlcl9pZCI6MTIsInJvbGVzIjpbInByYWt0aWthbiJdLCJpYXQiOjE3MDM5NTE2MDAsImV4cCI6MTczNTQ4NzYwMH0.9DrPU-FdJzZRod0hZOVjdxZYPiEYfdwcqXrURL9JjPk','2024-12-29 15:53:20','2023-12-30 15:53:20'),(267,6,'eyJhbGciOiJIUzI1NiIsInR5cCI6IkpXVCJ9.eyJucnAiOiI1MDI0MjAxMDE3IiwibmFtZSI6IkpvZWwgTmFwaXR1cHVsdSIsInVzZXJfaWQiOjYsInJvbGVzIjpbInByYWt0aWthbiJdLCJpYXQiOjE3MDM5NTUwMjgsImV4cCI6MTczNTQ5MTAyOH0.StKB76DCst4N4rWLOqDQtHxpysIDoYU8JxnqT4G_Zok','2024-12-29 16:50:28','2023-12-30 16:50:28'),(268,6,'eyJhbGciOiJIUzI1NiIsInR5cCI6IkpXVCJ9.eyJucnAiOiI1MDI0MjAxMDE3IiwibmFtZSI6IkpvZWwgTmFwaXR1cHVsdSIsInVzZXJfaWQiOjYsInJvbGVzIjpbInByYWt0aWthbiJdLCJpYXQiOjE3MDM5NTU0NzcsImV4cCI6MTczNTQ5MTQ3N30.ShrLgDGpRcMIO9oYlYjsdKaGeNYdabCmzv4M_MStWtg','2024-12-29 16:57:57','2023-12-30 16:57:57'),(269,6,'eyJhbGciOiJIUzI1NiIsInR5cCI6IkpXVCJ9.eyJucnAiOiI1MDI0MjAxMDE3IiwibmFtZSI6IkpvZWwgTmFwaXR1cHVsdSIsInVzZXJfaWQiOjYsInJvbGVzIjpbInByYWt0aWthbiJdLCJpYXQiOjE3MDM5NTk4MTMsImV4cCI6MTczNTQ5NTgxM30.DBRLfWqCjWBLnb6Wd_mFl5xlxfHg3fiwkmo5gF0KrWs','2024-12-29 18:10:13','2023-12-30 18:10:13'),(270,6,'eyJhbGciOiJIUzI1NiIsInR5cCI6IkpXVCJ9.eyJucnAiOiI1MDI0MjAxMDE3IiwibmFtZSI6IkpvZWwgTmFwaXR1cHVsdSIsInVzZXJfaWQiOjYsInJvbGVzIjpbInByYWt0aWthbiJdLCJpYXQiOjE3MDM5NjAyOTksImV4cCI6MTczNTQ5NjI5OX0.YUz-Z0gZoGcqsD_QtKl_wWga4S6Po3NxlDr6jBs1ZVs','2024-12-29 18:18:19','2023-12-30 18:18:19'),(271,6,'eyJhbGciOiJIUzI1NiIsInR5cCI6IkpXVCJ9.eyJucnAiOiI1MDI0MjAxMDE3IiwibmFtZSI6IkpvZWwgTmFwaXR1cHVsdSIsInVzZXJfaWQiOjYsInJvbGVzIjpbInByYWt0aWthbiJdLCJpYXQiOjE3MDM5NjEzMTEsImV4cCI6MTczNTQ5NzMxMX0.aP1e19oa7bXJDeE5f5j6i0Aq_cgkLOC_YIgIDN8JVOo','2024-12-29 18:35:11','2023-12-30 18:35:11'),(272,2,'eyJhbGciOiJIUzI1NiIsInR5cCI6IkpXVCJ9.eyJucnAiOiI1MDI0MjAxMDIzIiwibmFtZSI6IkRlc2lhbmEgRml0cmlhIiwidXNlcl9pZCI6Miwicm9sZXMiOlsiYWRtaW4iXSwiaWF0IjoxNzAzOTYxNDk4LCJleHAiOjE3MzU0OTc0OTh9.s5eULnLYJC1F-ycqCjalRWO-1TyHMOFLwcP2BeFtrdY','2024-12-29 18:38:18','2023-12-30 18:38:18'),(273,13,'eyJhbGciOiJIUzI1NiIsInR5cCI6IkpXVCJ9.eyJucnAiOiI1MDI0MjAxMDY4IiwibmFtZSI6InJ1a3kiLCJ1c2VyX2lkIjoxMywicm9sZXMiOlsicHJha3Rpa2FuIl0sImlhdCI6MTcwMzk5OTk0NSwiZXhwIjoxNzM1NTM1OTQ1fQ.okgsUY1mQxQi3d4w5jD8SkgI65Xmq1sMOWfyT9Kc3D0','2024-12-30 05:19:05','2023-12-31 05:19:05'),(274,3,'eyJhbGciOiJIUzI1NiIsInR5cCI6IkpXVCJ9.eyJucnAiOiI1MDI0MjAxMDQ2IiwibmFtZSI6IkZhaXNhbCBUaGFyaXEiLCJ1c2VyX2lkIjozLCJyb2xlcyI6WyJwcmFrdGlrYW4iLCJhc2lzdGVuIl0sImlhdCI6MTcwNDAxMTA1MSwiZXhwIjoxNzM1NTQ3MDUxfQ.6DliGIpnpvjVcAhyI__6Nuv9DvnaknbYgYeIQO2ZoAM','2024-12-30 08:24:11','2023-12-31 08:24:11'),(275,3,'eyJhbGciOiJIUzI1NiIsInR5cCI6IkpXVCJ9.eyJucnAiOiI1MDI0MjAxMDQ2IiwibmFtZSI6IkZhaXNhbCBUaGFyaXEiLCJ1c2VyX2lkIjozLCJyb2xlcyI6WyJwcmFrdGlrYW4iLCJhc2lzdGVuIl0sImlhdCI6MTcwNDAxMTEyNiwiZXhwIjoxNzM1NTQ3MTI2fQ.smDlWAXR1WVt-vwW0tf09PB0Kb0K6h1UToKDcmSe4kY','2024-12-30 08:25:26','2023-12-31 08:25:26'),(276,3,'eyJhbGciOiJIUzI1NiIsInR5cCI6IkpXVCJ9.eyJucnAiOiI1MDI0MjAxMDQ2IiwibmFtZSI6IkZhaXNhbCBUaGFyaXEiLCJ1c2VyX2lkIjozLCJyb2xlcyI6WyJwcmFrdGlrYW4iLCJhc2lzdGVuIl0sImlhdCI6MTcwNDAxMTE4MywiZXhwIjoxNzM1NTQ3MTgzfQ.zabVBNkwAitxVV7R82mtjHV3xIpGaSlopAVk4AoVSxA','2024-12-30 08:26:23','2023-12-31 08:26:23'),(277,3,'eyJhbGciOiJIUzI1NiIsInR5cCI6IkpXVCJ9.eyJucnAiOiI1MDI0MjAxMDQ2IiwibmFtZSI6IkZhaXNhbCBUaGFyaXEiLCJ1c2VyX2lkIjozLCJyb2xlcyI6WyJwcmFrdGlrYW4iLCJhc2lzdGVuIl0sImlhdCI6MTcwNDAxMTIxNSwiZXhwIjoxNzM1NTQ3MjE1fQ.sJHipPzwbACAn9pccddoV6ra2U-03YPB101I0T3OGso','2024-12-30 08:26:55','2023-12-31 08:26:55'),(278,12,'eyJhbGciOiJIUzI1NiIsInR5cCI6IkpXVCJ9.eyJucnAiOiI1MDI2MjIxMDkwIiwibmFtZSI6ImR6YWt5IiwidXNlcl9pZCI6MTIsInJvbGVzIjpbInByYWt0aWthbiJdLCJpYXQiOjE3MDQwMjkyNTYsImV4cCI6MTczNTU2NTI1Nn0.Q44uj5nBTaXNSoG0F_AvfNeldTkq0uV95u16SEfjMCE','2024-12-30 13:27:36','2023-12-31 13:27:36'),(279,12,'eyJhbGciOiJIUzI1NiIsInR5cCI6IkpXVCJ9.eyJucnAiOiI1MDI2MjIxMDkwIiwibmFtZSI6ImR6YWt5IiwidXNlcl9pZCI6MTIsInJvbGVzIjpbInByYWt0aWthbiJdLCJpYXQiOjE3MDQwMjk0NjIsImV4cCI6MTczNTU2NTQ2Mn0.DHY_Toqexh35fcQp-7PXbaOc_f-zb3gJ_irbGUac-ns','2024-12-30 13:31:02','2023-12-31 13:31:02'),(280,2,'eyJhbGciOiJIUzI1NiIsInR5cCI6IkpXVCJ9.eyJucnAiOiI1MDI0MjAxMDIzIiwibmFtZSI6IkRlc2lhbmEgRml0cmlhIiwidXNlcl9pZCI6Miwicm9sZXMiOlsiYWRtaW4iXSwiaWF0IjoxNzA0MDMwNDU1LCJleHAiOjE3MzU1NjY0NTV9.kO-hFCP9NvekUuHgBFuLrakoG3or0G9MjhjPWozuq-s','2024-12-30 13:47:35','2023-12-31 13:47:35'),(281,13,'eyJhbGciOiJIUzI1NiIsInR5cCI6IkpXVCJ9.eyJucnAiOiI1MDI0MjAxMDY4IiwibmFtZSI6InJ1a3kiLCJ1c2VyX2lkIjoxMywicm9sZXMiOlsicHJha3Rpa2FuIl0sImlhdCI6MTcwNDAzMDUxOSwiZXhwIjoxNzM1NTY2NTE5fQ.9v-mxGtqtxGAOqWDhLrPN9Mi9b2WvPn094mkspRyS7E','2024-12-30 13:48:39','2023-12-31 13:48:39'),(282,3,'eyJhbGciOiJIUzI1NiIsInR5cCI6IkpXVCJ9.eyJucnAiOiI1MDI0MjAxMDQ2IiwibmFtZSI6IkZhaXNhbCBUaGFyaXEiLCJ1c2VyX2lkIjozLCJyb2xlcyI6WyJwcmFrdGlrYW4iLCJhc2lzdGVuIl0sImlhdCI6MTcwNDAzMDU5MCwiZXhwIjoxNzM1NTY2NTkwfQ.lOoI-hBK1tY-3KKln9JRXcXNfBo5W3MGxlHTsZUAb5c','2024-12-30 13:49:50','2023-12-31 13:49:50'),(283,6,'eyJhbGciOiJIUzI1NiIsInR5cCI6IkpXVCJ9.eyJucnAiOiI1MDI0MjAxMDE3IiwibmFtZSI6IkpvZWwgTmFwaXR1cHVsdSIsInVzZXJfaWQiOjYsInJvbGVzIjpbInByYWt0aWthbiJdLCJpYXQiOjE3MDQwMzA3MDAsImV4cCI6MTczNTU2NjcwMH0.9cHPPo6mN6jNd8YpHqzsLcMSh0aymtB7aIS2HLvnhng','2024-12-30 13:51:40','2023-12-31 13:51:40'),(284,2,'eyJhbGciOiJIUzI1NiIsInR5cCI6IkpXVCJ9.eyJucnAiOiI1MDI0MjAxMDIzIiwibmFtZSI6IkRlc2lhbmEgRml0cmlhIiwidXNlcl9pZCI6Miwicm9sZXMiOlsiYWRtaW4iXSwiaWF0IjoxNzA0MDMwNzMwLCJleHAiOjE3MzU1NjY3MzB9.tNUNSGJZZdPWvfc48hi2wCqYNB3TwvQppzTtuadkbhE','2024-12-30 13:52:10','2023-12-31 13:52:10'),(285,2,'eyJhbGciOiJIUzI1NiIsInR5cCI6IkpXVCJ9.eyJucnAiOiI1MDI0MjAxMDIzIiwibmFtZSI6IkRlc2lhbmEgRml0cmlhIiwidXNlcl9pZCI6Miwicm9sZXMiOlsiYWRtaW4iXSwiaWF0IjoxNzA0MDMwNzUzLCJleHAiOjE3MzU1NjY3NTN9.sNmzceI8yetyhCHGFYcNBlkUizREpR2EzRkPkwRXXyY','2024-12-30 13:52:33','2023-12-31 13:52:33'),(286,2,'eyJhbGciOiJIUzI1NiIsInR5cCI6IkpXVCJ9.eyJucnAiOiI1MDI0MjAxMDIzIiwibmFtZSI6IkRlc2lhbmEgRml0cmlhIiwidXNlcl9pZCI6Miwicm9sZXMiOlsiYWRtaW4iXSwiaWF0IjoxNzA0MDM3NjM0LCJleHAiOjE3MzU1NzM2MzR9.Gxp5vW8ZXgY3trlV5KhmWYOocAjXnZRjQZQXTJ9XZf0','2024-12-30 15:47:14','2023-12-31 15:47:14'),(287,12,'eyJhbGciOiJIUzI1NiIsInR5cCI6IkpXVCJ9.eyJucnAiOiI1MDI2MjIxMDkwIiwibmFtZSI6ImR6YWt5IiwidXNlcl9pZCI6MTIsInJvbGVzIjpbInByYWt0aWthbiJdLCJpYXQiOjE3MDQwNjgwNzYsImV4cCI6MTczNTYwNDA3Nn0.AuSjJYWhBe003vglp_gaB3MLPfI0USlcjG88wMqf0VI','2024-12-31 00:14:36','2024-01-01 00:14:36'),(288,2,'eyJhbGciOiJIUzI1NiIsInR5cCI6IkpXVCJ9.eyJucnAiOiI1MDI0MjAxMDIzIiwibmFtZSI6IkRlc2lhbmEgRml0cmlhIiwidXNlcl9pZCI6Miwicm9sZXMiOlsiYWRtaW4iXSwiaWF0IjoxNzA0MDg5ODA5LCJleHAiOjE3MzU2MjU4MDl9.gHlrILiUPMs5yPpVZ2MHwc131_x5HCaMQVqfi1GwnUs','2024-12-31 06:16:49','2024-01-01 06:16:49'),(289,6,'eyJhbGciOiJIUzI1NiIsInR5cCI6IkpXVCJ9.eyJucnAiOiI1MDI0MjAxMDE3IiwibmFtZSI6IkpvZWwgTmFwaXR1cHVsdSIsInVzZXJfaWQiOjYsInJvbGVzIjpbInByYWt0aWthbiJdLCJpYXQiOjE3MDQwODk4OTEsImV4cCI6MTczNTYyNTg5MX0.EHMsODwT-Nusy_5Pwu_Xzl05AOrQqpe6MxKIyf3fV_s','2024-12-31 06:18:11','2024-01-01 06:18:11'),(290,3,'eyJhbGciOiJIUzI1NiIsInR5cCI6IkpXVCJ9.eyJucnAiOiI1MDI0MjAxMDQ2IiwibmFtZSI6IkZhaXNhbCBUaGFyaXEiLCJ1c2VyX2lkIjozLCJyb2xlcyI6WyJwcmFrdGlrYW4iLCJhc2lzdGVuIl0sImlhdCI6MTcwNDA5MDAzMCwiZXhwIjoxNzM1NjI2MDMwfQ.pYcsy0Q22uA8Nb8ozUUnGZupZahIyWJLJOr_-sCYYwE','2024-12-31 06:20:30','2024-01-01 06:20:30'),(291,6,'eyJhbGciOiJIUzI1NiIsInR5cCI6IkpXVCJ9.eyJucnAiOiI1MDI0MjAxMDE3IiwibmFtZSI6IkpvZWwgTmFwaXR1cHVsdSIsInVzZXJfaWQiOjYsInJvbGVzIjpbInByYWt0aWthbiJdLCJpYXQiOjE3MDQwOTAxMjAsImV4cCI6MTczNTYyNjEyMH0.1A0QhsBe4IEYSAoAdKpApzL52NgqNtCJSrWXk6kkVoA','2024-12-31 06:22:00','2024-01-01 06:22:00'),(292,12,'eyJhbGciOiJIUzI1NiIsInR5cCI6IkpXVCJ9.eyJucnAiOiI1MDI2MjIxMDkwIiwibmFtZSI6ImR6YWt5IiwidXNlcl9pZCI6MTIsInJvbGVzIjpbInByYWt0aWthbiJdLCJpYXQiOjE3MDQwOTAxNjUsImV4cCI6MTczNTYyNjE2NX0.iT139GHHRbWR2KkwRxcVwoHNxBDJ1gxy9bpEPSQkMWQ','2024-12-31 06:22:45','2024-01-01 06:22:45'),(293,2,'eyJhbGciOiJIUzI1NiIsInR5cCI6IkpXVCJ9.eyJucnAiOiI1MDI0MjAxMDIzIiwibmFtZSI6IkRlc2lhbmEgRml0cmlhIiwidXNlcl9pZCI6Miwicm9sZXMiOlsiYWRtaW4iXSwiaWF0IjoxNzA0MDkwMTc4LCJleHAiOjE3MzU2MjYxNzh9.p50O1mdiECOaoP-TY-z_mxYthI4mtfshr-dZe0VMBgA','2024-12-31 06:22:58','2024-01-01 06:22:58'),(294,3,'eyJhbGciOiJIUzI1NiIsInR5cCI6IkpXVCJ9.eyJucnAiOiI1MDI0MjAxMDQ2IiwibmFtZSI6IkZhaXNhbCBUaGFyaXEiLCJ1c2VyX2lkIjozLCJyb2xlcyI6WyJwcmFrdGlrYW4iLCJhc2lzdGVuIl0sImlhdCI6MTcwNDA5MDMxOCwiZXhwIjoxNzM1NjI2MzE4fQ.XuuPwfN_QbtXUtoNXPlIBm2aRl3Uzl8lKvSjWKfnKgU','2024-12-31 06:25:18','2024-01-01 06:25:18'),(295,2,'eyJhbGciOiJIUzI1NiIsInR5cCI6IkpXVCJ9.eyJucnAiOiI1MDI0MjAxMDIzIiwibmFtZSI6IkRlc2lhbmEgRml0cmlhIiwidXNlcl9pZCI6Miwicm9sZXMiOlsiYWRtaW4iXSwiaWF0IjoxNzA0MDkwMzI3LCJleHAiOjE3MzU2MjYzMjd9.Z6kGgZbAiDx5OqwABXqQb-fCDzrkobQR7HS3D-tNz1c','2024-12-31 06:25:27','2024-01-01 06:25:27'),(296,3,'eyJhbGciOiJIUzI1NiIsInR5cCI6IkpXVCJ9.eyJucnAiOiI1MDI0MjAxMDQ2IiwibmFtZSI6IkZhaXNhbCBUaGFyaXEiLCJ1c2VyX2lkIjozLCJyb2xlcyI6WyJwcmFrdGlrYW4iLCJhc2lzdGVuIl0sImlhdCI6MTcwNDA5MTE2MywiZXhwIjoxNzM1NjI3MTYzfQ.m8TTpZ11areDVCnt6XscXKRTYz55UFpox-hkmtePFdk','2024-12-31 06:39:23','2024-01-01 06:39:23'),(297,3,'eyJhbGciOiJIUzI1NiIsInR5cCI6IkpXVCJ9.eyJucnAiOiI1MDI0MjAxMDQ2IiwibmFtZSI6IkZhaXNhbCBUaGFyaXEiLCJ1c2VyX2lkIjozLCJyb2xlcyI6WyJwcmFrdGlrYW4iLCJhc2lzdGVuIl0sImlhdCI6MTcwNDA5MTM4OCwiZXhwIjoxNzM1NjI3Mzg4fQ.-E_i8bT9tdHPDkev2I6U1OVgi-uhKOvl_hpje5BRyh8','2024-12-31 06:43:08','2024-01-01 06:43:08'),(298,2,'eyJhbGciOiJIUzI1NiIsInR5cCI6IkpXVCJ9.eyJucnAiOiI1MDI0MjAxMDIzIiwibmFtZSI6IkRlc2lhbmEgRml0cmlhIiwidXNlcl9pZCI6Miwicm9sZXMiOlsiYWRtaW4iXSwiaWF0IjoxNzA0MDkxNjQ0LCJleHAiOjE3MzU2Mjc2NDR9.QuszP5XkjLAhQgvZISHf1tzVtHb6Ea1kYLYX9Zpkrzw','2024-12-31 06:47:24','2024-01-01 06:47:24'),(299,12,'eyJhbGciOiJIUzI1NiIsInR5cCI6IkpXVCJ9.eyJucnAiOiI1MDI2MjIxMDkwIiwibmFtZSI6ImR6YWt5IiwidXNlcl9pZCI6MTIsInJvbGVzIjpbInByYWt0aWthbiJdLCJpYXQiOjE3MDQwOTE4MjQsImV4cCI6MTczNTYyNzgyNH0.GZA1VhxDK0aC4PHBGVmvvxhl_Tc02WO9jT5BmqKZpFA','2024-12-31 06:50:24','2024-01-01 06:50:24'),(300,3,'eyJhbGciOiJIUzI1NiIsInR5cCI6IkpXVCJ9.eyJucnAiOiI1MDI0MjAxMDQ2IiwibmFtZSI6IkZhaXNhbCBUaGFyaXEiLCJ1c2VyX2lkIjozLCJyb2xlcyI6WyJwcmFrdGlrYW4iLCJhc2lzdGVuIl0sImlhdCI6MTcwNDA5MTk4NywiZXhwIjoxNzM1NjI3OTg3fQ.XgOXa5z8IB4IDJuC5zTOKGyOwUATqiLb-waLL8f7N7s','2024-12-31 06:53:07','2024-01-01 06:53:07'),(301,3,'eyJhbGciOiJIUzI1NiIsInR5cCI6IkpXVCJ9.eyJucnAiOiI1MDI0MjAxMDQ2IiwibmFtZSI6IkZhaXNhbCBUaGFyaXEiLCJ1c2VyX2lkIjozLCJyb2xlcyI6WyJwcmFrdGlrYW4iLCJhc2lzdGVuIl0sImlhdCI6MTcwNDA5MjMxNCwiZXhwIjoxNzM1NjI4MzE0fQ.zIqO7W7gJJN85DWxmzSGz9qwscvsvtz77rEZxrswtPw','2024-12-31 06:58:34','2024-01-01 06:58:34'),(302,3,'eyJhbGciOiJIUzI1NiIsInR5cCI6IkpXVCJ9.eyJucnAiOiI1MDI0MjAxMDQ2IiwibmFtZSI6IkZhaXNhbCBUaGFyaXEiLCJ1c2VyX2lkIjozLCJyb2xlcyI6WyJwcmFrdGlrYW4iLCJhc2lzdGVuIl0sImlhdCI6MTcwNDA5MjQ1NSwiZXhwIjoxNzM1NjI4NDU1fQ.GP6BnVlfmi46jxfvGiamMmCj_cmdJhBDp5ZA526-tfw','2024-12-31 07:00:55','2024-01-01 07:00:55'),(303,3,'eyJhbGciOiJIUzI1NiIsInR5cCI6IkpXVCJ9.eyJucnAiOiI1MDI0MjAxMDQ2IiwibmFtZSI6IkZhaXNhbCBUaGFyaXEiLCJ1c2VyX2lkIjozLCJyb2xlcyI6WyJwcmFrdGlrYW4iLCJhc2lzdGVuIl0sImlhdCI6MTcwNDA5MjcyNCwiZXhwIjoxNzM1NjI4NzI0fQ.sRFnqZU5InCD4QVwhX-gW6JGs1jilUwYjtwhA3-Niao','2024-12-31 07:05:24','2024-01-01 07:05:24'),(304,3,'eyJhbGciOiJIUzI1NiIsInR5cCI6IkpXVCJ9.eyJucnAiOiI1MDI0MjAxMDQ2IiwibmFtZSI6IkZhaXNhbCBUaGFyaXEiLCJ1c2VyX2lkIjozLCJyb2xlcyI6WyJwcmFrdGlrYW4iLCJhc2lzdGVuIl0sImlhdCI6MTcwNDA5Mjc1MCwiZXhwIjoxNzM1NjI4NzUwfQ.VQCPb8KmRpogZw_X4kTtrVz1ScDwPBFXsPBJKhkFk5s','2024-12-31 07:05:50','2024-01-01 07:05:50'),(305,3,'eyJhbGciOiJIUzI1NiIsInR5cCI6IkpXVCJ9.eyJucnAiOiI1MDI0MjAxMDQ2IiwibmFtZSI6IkZhaXNhbCBUaGFyaXEiLCJ1c2VyX2lkIjozLCJyb2xlcyI6WyJwcmFrdGlrYW4iLCJhc2lzdGVuIl0sImlhdCI6MTcwNDA5MzA3NSwiZXhwIjoxNzM1NjI5MDc1fQ.uP1fA2YkGFjv2yupRz0SjTE0rK83SJV5CdRYMMtENlU','2024-12-31 07:11:15','2024-01-01 07:11:15'),(306,3,'eyJhbGciOiJIUzI1NiIsInR5cCI6IkpXVCJ9.eyJucnAiOiI1MDI0MjAxMDQ2IiwibmFtZSI6IkZhaXNhbCBUaGFyaXEiLCJ1c2VyX2lkIjozLCJyb2xlcyI6WyJwcmFrdGlrYW4iLCJhc2lzdGVuIl0sImlhdCI6MTcwNDA5MzY3MywiZXhwIjoxNzM1NjI5NjczfQ.TZVbXSKv_4tgOp6wXj-HextySbYRC0_QdU4UU8w8gF0','2024-12-31 07:21:13','2024-01-01 07:21:13'),(307,3,'eyJhbGciOiJIUzI1NiIsInR5cCI6IkpXVCJ9.eyJucnAiOiI1MDI0MjAxMDQ2IiwibmFtZSI6IkZhaXNhbCBUaGFyaXEiLCJ1c2VyX2lkIjozLCJyb2xlcyI6WyJwcmFrdGlrYW4iLCJhc2lzdGVuIl0sImlhdCI6MTcwNDA5NDMxNywiZXhwIjoxNzM1NjMwMzE3fQ.EtiYUnUoniKi5oXrqEKvV-FP1OC7W4opHrKOYehOUP4','2024-12-31 07:31:57','2024-01-01 07:31:57'),(308,2,'eyJhbGciOiJIUzI1NiIsInR5cCI6IkpXVCJ9.eyJucnAiOiI1MDI0MjAxMDIzIiwibmFtZSI6IkRlc2lhbmEgRml0cmlhIiwidXNlcl9pZCI6Miwicm9sZXMiOlsiYWRtaW4iXSwiaWF0IjoxNzA0MDk0NDAwLCJleHAiOjE3MzU2MzA0MDB9.FGjgM-GKApbdBPYb-aWu7SVdTGWrKVaFRwYczV_EQ1U','2024-12-31 07:33:20','2024-01-01 07:33:20'),(309,3,'eyJhbGciOiJIUzI1NiIsInR5cCI6IkpXVCJ9.eyJucnAiOiI1MDI0MjAxMDQ2IiwibmFtZSI6IkZhaXNhbCBUaGFyaXEiLCJ1c2VyX2lkIjozLCJyb2xlcyI6WyJwcmFrdGlrYW4iLCJhc2lzdGVuIl0sImlhdCI6MTcwNDA5NDUzNCwiZXhwIjoxNzM1NjMwNTM0fQ.zdpARQEmt-RckpHW_cd2A-ao8IPcBWhGXhDOnYxi2tk','2024-12-31 07:35:34','2024-01-01 07:35:34'),(310,2,'eyJhbGciOiJIUzI1NiIsInR5cCI6IkpXVCJ9.eyJucnAiOiI1MDI0MjAxMDIzIiwibmFtZSI6IkRlc2lhbmEgRml0cmlhIiwidXNlcl9pZCI6Miwicm9sZXMiOlsiYWRtaW4iXSwiaWF0IjoxNzA0MDk1NDE3LCJleHAiOjE3MzU2MzE0MTd9.hKLXugGEZaIthuDqUeJGaiiQMILkSRI-9CgCrt9h4kk','2024-12-31 07:50:17','2024-01-01 07:50:17'),(311,2,'eyJhbGciOiJIUzI1NiIsInR5cCI6IkpXVCJ9.eyJucnAiOiI1MDI0MjAxMDIzIiwibmFtZSI6IkRlc2lhbmEgRml0cmlhIiwidXNlcl9pZCI6Miwicm9sZXMiOlsiYWRtaW4iXSwiaWF0IjoxNzA0MDk2MTQyLCJleHAiOjE3MzU2MzIxNDJ9.QPOgWEZTTbtU9QxnPnBMu0HRLPEPAVFkpp_gU-gNSPs','2024-12-31 08:02:22','2024-01-01 08:02:22'),(312,2,'eyJhbGciOiJIUzI1NiIsInR5cCI6IkpXVCJ9.eyJucnAiOiI1MDI0MjAxMDIzIiwibmFtZSI6IkRlc2lhbmEgRml0cmlhIiwidXNlcl9pZCI6Miwicm9sZXMiOlsiYWRtaW4iXSwiaWF0IjoxNzA0MDk2MTYzLCJleHAiOjE3MzU2MzIxNjN9.1ydsK3oX9vkdYeY0iF_U8mW5PEzuGKPKb3-YkDRy_CA','2024-12-31 08:02:43','2024-01-01 08:02:43'),(313,3,'eyJhbGciOiJIUzI1NiIsInR5cCI6IkpXVCJ9.eyJucnAiOiI1MDI0MjAxMDQ2IiwibmFtZSI6IkZhaXNhbCBUaGFyaXEiLCJ1c2VyX2lkIjozLCJyb2xlcyI6WyJwcmFrdGlrYW4iLCJhc2lzdGVuIl0sImlhdCI6MTcwNDA5NjMzNywiZXhwIjoxNzM1NjMyMzM3fQ.36bx-L97v15CBkWRVxMdpuZjS6ni51G0l8GVp9wZKio','2024-12-31 08:05:37','2024-01-01 08:05:37'),(314,2,'eyJhbGciOiJIUzI1NiIsInR5cCI6IkpXVCJ9.eyJucnAiOiI1MDI0MjAxMDIzIiwibmFtZSI6IkRlc2lhbmEgRml0cmlhIiwidXNlcl9pZCI6Miwicm9sZXMiOlsiYWRtaW4iXSwiaWF0IjoxNzA0MDk2NTYxLCJleHAiOjE3MzU2MzI1NjF9.Tm5AVhemapKV5r0RqvUDmoXU0UC8tM9-hV6qICF2_Y4','2024-12-31 08:09:21','2024-01-01 08:09:21'),(315,3,'eyJhbGciOiJIUzI1NiIsInR5cCI6IkpXVCJ9.eyJucnAiOiI1MDI0MjAxMDQ2IiwibmFtZSI6IkZhaXNhbCBUaGFyaXEiLCJ1c2VyX2lkIjozLCJyb2xlcyI6WyJwcmFrdGlrYW4iLCJhc2lzdGVuIl0sImlhdCI6MTcwNDA5NzcxNCwiZXhwIjoxNzM1NjMzNzE0fQ.V_1QnmuIJSdidskRFXXqQUzA0AR7F4HaVDWjUCZOZL0','2024-12-31 08:28:34','2024-01-01 08:28:34'),(318,2,'eyJhbGciOiJIUzI1NiIsInR5cCI6IkpXVCJ9.eyJucnAiOiI1MDI0MjAxMDIzIiwibmFtZSI6IkRlc2lhbmEgRml0cmlhIiwidXNlcl9pZCI6Miwicm9sZXMiOlsiYWRtaW4iXSwiaWF0IjoxNzA0MDk4NjAzLCJleHAiOjE3MzU2MzQ2MDN9.kLeqttfHBNp0eTXEYq9MzU1f13VfXh8MhyiwBFk3SzI','2024-12-31 08:43:23','2024-01-01 08:43:23'),(319,6,'eyJhbGciOiJIUzI1NiIsInR5cCI6IkpXVCJ9.eyJucnAiOiI1MDI0MjAxMDE3IiwibmFtZSI6IkpvZWwgTmFwaXR1cHVsdSIsInVzZXJfaWQiOjYsInJvbGVzIjpbInByYWt0aWthbiJdLCJpYXQiOjE3MDQwOTg2NTYsImV4cCI6MTczNTYzNDY1Nn0.eLLzbWB14J2_LHhxY0hQVI-zkCIBaSHD0KZTPq3-vvI','2024-12-31 08:44:16','2024-01-01 08:44:16'),(320,3,'eyJhbGciOiJIUzI1NiIsInR5cCI6IkpXVCJ9.eyJucnAiOiI1MDI0MjAxMDQ2IiwibmFtZSI6IkZhaXNhbCBUaGFyaXEiLCJ1c2VyX2lkIjozLCJyb2xlcyI6WyJwcmFrdGlrYW4iLCJhc2lzdGVuIl0sImlhdCI6MTcwNDA5ODc0NiwiZXhwIjoxNzM1NjM0NzQ2fQ.Abik6el8l7iEx1cuCPk00X5Hm1rfSX1Y1nEiJHL8eqY','2024-12-31 08:45:46','2024-01-01 08:45:46'),(321,6,'eyJhbGciOiJIUzI1NiIsInR5cCI6IkpXVCJ9.eyJucnAiOiI1MDI0MjAxMDE3IiwibmFtZSI6IkpvZWwgTmFwaXR1cHVsdSIsInVzZXJfaWQiOjYsInJvbGVzIjpbInByYWt0aWthbiJdLCJpYXQiOjE3MDQwOTg5MjIsImV4cCI6MTczNTYzNDkyMn0.tTizDSUlCjuvq9XabfazwRAgmlSaw2MSkp6L83qkmk8','2024-12-31 08:48:42','2024-01-01 08:48:42'),(322,3,'eyJhbGciOiJIUzI1NiIsInR5cCI6IkpXVCJ9.eyJucnAiOiI1MDI0MjAxMDQ2IiwibmFtZSI6IkZhaXNhbCBUaGFyaXEiLCJ1c2VyX2lkIjozLCJyb2xlcyI6WyJwcmFrdGlrYW4iLCJhc2lzdGVuIl0sImlhdCI6MTcwNDEwMTE2MCwiZXhwIjoxNzM1NjM3MTYwfQ.7TZo1otvtETswNFpQdHzeP6nSunG36KYZwbGqgRxwsc','2024-12-31 09:26:00','2024-01-01 09:26:00'),(323,2,'eyJhbGciOiJIUzI1NiIsInR5cCI6IkpXVCJ9.eyJucnAiOiI1MDI0MjAxMDIzIiwibmFtZSI6IkRlc2lhbmEgRml0cmlhIiwidXNlcl9pZCI6Miwicm9sZXMiOlsiYWRtaW4iXSwiaWF0IjoxNzA0MTAxMTY5LCJleHAiOjE3MzU2MzcxNjl9.lGo4Hvz6pb5oHfIfAUQp1wOd1YfWI6ZIG9WoZO5jelQ','2024-12-31 09:26:09','2024-01-01 09:26:09'),(324,2,'eyJhbGciOiJIUzI1NiIsInR5cCI6IkpXVCJ9.eyJucnAiOiI1MDI0MjAxMDIzIiwibmFtZSI6IkRlc2lhbmEgRml0cmlhIiwidXNlcl9pZCI6Miwicm9sZXMiOlsiYWRtaW4iXSwiaWF0IjoxNzA0MTAxMjM1LCJleHAiOjE3MzU2MzcyMzV9.rCLnREamemdIcspUywdQ4wT7uokLRsuq_-jUo1UAcW8','2024-12-31 09:27:15','2024-01-01 09:27:15'),(325,2,'eyJhbGciOiJIUzI1NiIsInR5cCI6IkpXVCJ9.eyJucnAiOiI1MDI0MjAxMDIzIiwibmFtZSI6IkRlc2lhbmEgRml0cmlhIiwidXNlcl9pZCI6Miwicm9sZXMiOlsiYWRtaW4iXSwiaWF0IjoxNzA0MTAxMjgxLCJleHAiOjE3MzU2MzcyODF9.uYw76GYv7KITHwGTlhKVdez99a-mq6IJ5iR93aYh2Sk','2024-12-31 09:28:01','2024-01-01 09:28:01'),(326,2,'eyJhbGciOiJIUzI1NiIsInR5cCI6IkpXVCJ9.eyJucnAiOiI1MDI0MjAxMDIzIiwibmFtZSI6IkRlc2lhbmEgRml0cmlhIiwidXNlcl9pZCI6Miwicm9sZXMiOlsiYWRtaW4iXSwiaWF0IjoxNzA0MTAxMzA5LCJleHAiOjE3MzU2MzczMDl9.mDUrITR9Q0ZAmgS4ytmRJqyAGqffdCOqajVTCwtD1jU','2024-12-31 09:28:29','2024-01-01 09:28:29'),(327,2,'eyJhbGciOiJIUzI1NiIsInR5cCI6IkpXVCJ9.eyJucnAiOiI1MDI0MjAxMDIzIiwibmFtZSI6IkRlc2lhbmEgRml0cmlhIiwidXNlcl9pZCI6Miwicm9sZXMiOlsiYWRtaW4iXSwiaWF0IjoxNzA0MTAxNDg1LCJleHAiOjE3MzU2Mzc0ODV9.qZaJ2KW5pMEx6opJqtDdO_rsSt_PJGDLUD3V49raHos','2024-12-31 09:31:25','2024-01-01 09:31:25'),(328,13,'eyJhbGciOiJIUzI1NiIsInR5cCI6IkpXVCJ9.eyJucnAiOiI1MDI0MjAxMDY4IiwibmFtZSI6InJ1a3kiLCJ1c2VyX2lkIjoxMywicm9sZXMiOlsicHJha3Rpa2FuIl0sImlhdCI6MTcwNDEwMTgxOCwiZXhwIjoxNzM1NjM3ODE4fQ.oocKdsGiA5yqQ0-OmLCDGXS_A-ByRlHCpAmqVUL5wyo','2024-12-31 09:36:58','2024-01-01 09:36:58'),(329,2,'eyJhbGciOiJIUzI1NiIsInR5cCI6IkpXVCJ9.eyJucnAiOiI1MDI0MjAxMDIzIiwibmFtZSI6IkRlc2lhbmEgRml0cmlhIiwidXNlcl9pZCI6Miwicm9sZXMiOlsiYWRtaW4iXSwiaWF0IjoxNzA0MTAxODM4LCJleHAiOjE3MzU2Mzc4Mzh9.10N9aGYML4t3CXd5pd0w6ZGvJfftnmYWBMpKFO5Dk30','2024-12-31 09:37:18','2024-01-01 09:37:18'),(330,2,'eyJhbGciOiJIUzI1NiIsInR5cCI6IkpXVCJ9.eyJucnAiOiI1MDI0MjAxMDIzIiwibmFtZSI6IkRlc2lhbmEgRml0cmlhIiwidXNlcl9pZCI6Miwicm9sZXMiOlsiYWRtaW4iXSwiaWF0IjoxNzA0MTAxODQzLCJleHAiOjE3MzU2Mzc4NDN9.2bCQzwJ_V_Zaunj4NnDLkTyOY7ZjMsGs8Q9nj9VZLdo','2024-12-31 09:37:23','2024-01-01 09:37:23'),(331,2,'eyJhbGciOiJIUzI1NiIsInR5cCI6IkpXVCJ9.eyJucnAiOiI1MDI0MjAxMDIzIiwibmFtZSI6IkRlc2lhbmEgRml0cmlhIiwidXNlcl9pZCI6Miwicm9sZXMiOlsiYWRtaW4iXSwiaWF0IjoxNzA0MTAxODY0LCJleHAiOjE3MzU2Mzc4NjR9.W7N1zY1uNqlyRJYJSgwmRzln8KnWb9gJc-bnycZkR2k','2024-12-31 09:37:44','2024-01-01 09:37:44'),(332,2,'eyJhbGciOiJIUzI1NiIsInR5cCI6IkpXVCJ9.eyJucnAiOiI1MDI0MjAxMDIzIiwibmFtZSI6IkRlc2lhbmEgRml0cmlhIiwidXNlcl9pZCI6Miwicm9sZXMiOlsiYWRtaW4iXSwiaWF0IjoxNzA0MTAxODc3LCJleHAiOjE3MzU2Mzc4Nzd9.rODl8BKkDLUX_8dvU-C2nZ2CD1JjuiymtA-FvndDeCc','2024-12-31 09:37:57','2024-01-01 09:37:57'),(333,3,'eyJhbGciOiJIUzI1NiIsInR5cCI6IkpXVCJ9.eyJucnAiOiI1MDI0MjAxMDQ2IiwibmFtZSI6IkZhaXNhbCBUaGFyaXEiLCJ1c2VyX2lkIjozLCJyb2xlcyI6WyJwcmFrdGlrYW4iLCJhc2lzdGVuIl0sImlhdCI6MTcwNDEwMjMwMiwiZXhwIjoxNzM1NjM4MzAyfQ.RN5DMnKzPBc1osoaXkT-q8hlabIFe3YNkTqMPMVeTho','2024-12-31 09:45:02','2024-01-01 09:45:02'),(334,3,'eyJhbGciOiJIUzI1NiIsInR5cCI6IkpXVCJ9.eyJucnAiOiI1MDI0MjAxMDQ2IiwibmFtZSI6IkZhaXNhbCBUaGFyaXEiLCJ1c2VyX2lkIjozLCJyb2xlcyI6WyJwcmFrdGlrYW4iLCJhc2lzdGVuIl0sImlhdCI6MTcwNDEwMjUyOCwiZXhwIjoxNzM1NjM4NTI4fQ.lZx7EdrcLH7yHPSWPCV6jkn_3mLlEUW1oaDN8uUUcLs','2024-12-31 09:48:48','2024-01-01 09:48:48'),(335,3,'eyJhbGciOiJIUzI1NiIsInR5cCI6IkpXVCJ9.eyJucnAiOiI1MDI0MjAxMDQ2IiwibmFtZSI6IkZhaXNhbCBUaGFyaXEiLCJ1c2VyX2lkIjozLCJyb2xlcyI6WyJwcmFrdGlrYW4iLCJhc2lzdGVuIl0sImlhdCI6MTcwNDEwMjYxMywiZXhwIjoxNzM1NjM4NjEzfQ.oxchudmA9B3YyNUxvO2ikPlhz1yc7AeKstkYiJW8j5A','2024-12-31 09:50:13','2024-01-01 09:50:13'),(336,3,'eyJhbGciOiJIUzI1NiIsInR5cCI6IkpXVCJ9.eyJucnAiOiI1MDI0MjAxMDQ2IiwibmFtZSI6IkZhaXNhbCBUaGFyaXEiLCJ1c2VyX2lkIjozLCJyb2xlcyI6WyJwcmFrdGlrYW4iLCJhc2lzdGVuIl0sImlhdCI6MTcwNDEwMjgwNSwiZXhwIjoxNzM1NjM4ODA1fQ.GOZo-TGeRrXdJBoGbmBVF7rotoaQzU_JXr8PQT_ddrQ','2024-12-31 09:53:25','2024-01-01 09:53:25'),(337,3,'eyJhbGciOiJIUzI1NiIsInR5cCI6IkpXVCJ9.eyJucnAiOiI1MDI0MjAxMDQ2IiwibmFtZSI6IkZhaXNhbCBUaGFyaXEiLCJ1c2VyX2lkIjozLCJyb2xlcyI6WyJwcmFrdGlrYW4iLCJhc2lzdGVuIl0sImlhdCI6MTcwNDEwNzAzOCwiZXhwIjoxNzM1NjQzMDM4fQ.T2Uxueuw4jxHAzRmzUMeCH6FG7nycCtvKeKsFc9wmq4','2024-12-31 11:03:58','2024-01-01 11:03:58'),(338,13,'eyJhbGciOiJIUzI1NiIsInR5cCI6IkpXVCJ9.eyJucnAiOiI1MDI0MjAxMDY4IiwibmFtZSI6InJ1a3kiLCJ1c2VyX2lkIjoxMywicm9sZXMiOlsicHJha3Rpa2FuIl0sImlhdCI6MTcwNDEwOTAyMywiZXhwIjoxNzM1NjQ1MDIzfQ.cttz0Fx7eQ4HJMkD53jDn-Wcit-hDJBd-iJEBSFtQ8U','2024-12-31 11:37:03','2024-01-01 11:37:03'),(339,2,'eyJhbGciOiJIUzI1NiIsInR5cCI6IkpXVCJ9.eyJucnAiOiI1MDI0MjAxMDIzIiwibmFtZSI6IkRlc2lhbmEgRml0cmlhIiwidXNlcl9pZCI6Miwicm9sZXMiOlsiYWRtaW4iXSwiaWF0IjoxNzA0MTA5MjY0LCJleHAiOjE3MzU2NDUyNjR9.4sOLA29H6JJ-5Z2_BBQNCAyoIMSVyaQrjIkaG99L2AU','2024-12-31 11:41:04','2024-01-01 11:41:04'),(340,2,'eyJhbGciOiJIUzI1NiIsInR5cCI6IkpXVCJ9.eyJucnAiOiI1MDI0MjAxMDIzIiwibmFtZSI6IkRlc2lhbmEgRml0cmlhIiwidXNlcl9pZCI6Miwicm9sZXMiOlsiYWRtaW4iXSwiaWF0IjoxNzA0MTA5Mjc2LCJleHAiOjE3MzU2NDUyNzZ9.GvSHsLxPoiJup1u28qtq_BkIBXHwc_GxJ5eKhrHC-yw','2024-12-31 11:41:16','2024-01-01 11:41:16'),(341,2,'eyJhbGciOiJIUzI1NiIsInR5cCI6IkpXVCJ9.eyJucnAiOiI1MDI0MjAxMDIzIiwibmFtZSI6IkRlc2lhbmEgRml0cmlhIiwidXNlcl9pZCI6Miwicm9sZXMiOlsiYWRtaW4iXSwiaWF0IjoxNzA0MTA5ODkwLCJleHAiOjE3MzU2NDU4OTB9.pXZwh08LujKvJICHJib0J5Vof_UMDLFleCglRByqSkA','2024-12-31 11:51:30','2024-01-01 11:51:30'),(342,3,'eyJhbGciOiJIUzI1NiIsInR5cCI6IkpXVCJ9.eyJucnAiOiI1MDI0MjAxMDQ2IiwibmFtZSI6IkZhaXNhbCBUaGFyaXEiLCJ1c2VyX2lkIjozLCJyb2xlcyI6WyJwcmFrdGlrYW4iLCJhc2lzdGVuIl0sImlhdCI6MTcwNDEwOTk4OSwiZXhwIjoxNzM1NjQ1OTg5fQ.GNagoC_n6tJvaWymChZ8EWiqU9G4lzBKCIaTdGnScUk','2024-12-31 11:53:09','2024-01-01 11:53:09'),(343,6,'eyJhbGciOiJIUzI1NiIsInR5cCI6IkpXVCJ9.eyJucnAiOiI1MDI0MjAxMDE3IiwibmFtZSI6IkpvZWwgTmFwaXR1cHVsdSIsInVzZXJfaWQiOjYsInJvbGVzIjpbInByYWt0aWthbiJdLCJpYXQiOjE3MDQxMTAwMzksImV4cCI6MTczNTY0NjAzOX0.L_HzfPtqx-zPsHgV7tgrp38EXafRi9EVLyhD5OMrg4w','2024-12-31 11:53:59','2024-01-01 11:53:59'),(344,2,'eyJhbGciOiJIUzI1NiIsInR5cCI6IkpXVCJ9.eyJucnAiOiI1MDI0MjAxMDIzIiwibmFtZSI6IkRlc2lhbmEgRml0cmlhIiwidXNlcl9pZCI6Miwicm9sZXMiOlsiYWRtaW4iXSwiaWF0IjoxNzA0MTEwNzYzLCJleHAiOjE3MzU2NDY3NjN9.gssHIC1Sch6m9SjueKTO3B9vFVFGpfGE6MrhWCKuPMc','2024-12-31 12:06:03','2024-01-01 12:06:03'),(345,12,'eyJhbGciOiJIUzI1NiIsInR5cCI6IkpXVCJ9.eyJucnAiOiI1MDI2MjIxMDkwIiwibmFtZSI6ImR6YWt5IiwidXNlcl9pZCI6MTIsInJvbGVzIjpbInByYWt0aWthbiJdLCJpYXQiOjE3MDQxMTI0MjQsImV4cCI6MTczNTY0ODQyNH0.YFvwbXyHbTiSY-l9-vfxQbQCGBQ42SaakXtGLa1NSeY','2024-12-31 12:33:44','2024-01-01 12:33:44'),(346,12,'eyJhbGciOiJIUzI1NiIsInR5cCI6IkpXVCJ9.eyJucnAiOiI1MDI2MjIxMDkwIiwibmFtZSI6ImR6YWt5IiwidXNlcl9pZCI6MTIsInJvbGVzIjpbInByYWt0aWthbiJdLCJpYXQiOjE3MDQxMTI0NDQsImV4cCI6MTczNTY0ODQ0NH0.0Bznx4MvAgmZX6WloSxmIk_Ee1QFkh3TdGPz-eeROlE','2024-12-31 12:34:04','2024-01-01 12:34:04'),(347,2,'eyJhbGciOiJIUzI1NiIsInR5cCI6IkpXVCJ9.eyJucnAiOiI1MDI0MjAxMDIzIiwibmFtZSI6IkRlc2lhbmEgRml0cmlhIiwidXNlcl9pZCI6Miwicm9sZXMiOlsiYWRtaW4iXSwiaWF0IjoxNzA0MTEyNTY2LCJleHAiOjE3MzU2NDg1NjZ9.H0BMurAvjRFlBsMRlc8fCAOa74kWzg5gIDewRJRq8Bw','2024-12-31 12:36:06','2024-01-01 12:36:06'),(348,2,'eyJhbGciOiJIUzI1NiIsInR5cCI6IkpXVCJ9.eyJucnAiOiI1MDI0MjAxMDIzIiwibmFtZSI6IkRlc2lhbmEgRml0cmlhIiwidXNlcl9pZCI6Miwicm9sZXMiOlsiYWRtaW4iXSwiaWF0IjoxNzA0MTEzOTAxLCJleHAiOjE3MzU2NDk5MDF9.xQanhLYI0ShEXwGX6LPWf4U4SH0HdmfhMBItNFkV6i0','2024-12-31 12:58:21','2024-01-01 12:58:21'),(350,2,'eyJhbGciOiJIUzI1NiIsInR5cCI6IkpXVCJ9.eyJucnAiOiI1MDI0MjAxMDIzIiwibmFtZSI6IkRlc2lhbmEgRml0cmlhIiwidXNlcl9pZCI6Miwicm9sZXMiOlsiYWRtaW4iXSwiaWF0IjoxNzA0MTE3MjkzLCJleHAiOjE3MzU2NTMyOTN9.n9mRaXo09vnil_haK4Ot4A2-jWjVspO4Pe-G4F-OvxM','2024-12-31 13:54:53','2024-01-01 13:54:53'),(351,2,'eyJhbGciOiJIUzI1NiIsInR5cCI6IkpXVCJ9.eyJucnAiOiI1MDI0MjAxMDIzIiwibmFtZSI6IkRlc2lhbmEgRml0cmlhIiwidXNlcl9pZCI6Miwicm9sZXMiOlsiYWRtaW4iXSwiaWF0IjoxNzA0MTE3ODkwLCJleHAiOjE3MzU2NTM4OTB9.rtUYF3ycbecASBFbNWvz3OAPR12XMrshy8kxdluN0XI','2024-12-31 14:04:50','2024-01-01 14:04:50'),(352,2,'eyJhbGciOiJIUzI1NiIsInR5cCI6IkpXVCJ9.eyJucnAiOiI1MDI0MjAxMDIzIiwibmFtZSI6IkRlc2lhbmEgRml0cmlhIiwidXNlcl9pZCI6Miwicm9sZXMiOlsiYWRtaW4iXSwiaWF0IjoxNzA0MTE4Mjc3LCJleHAiOjE3MzU2NTQyNzd9.GyPPZsaCrmNQYa6bMBwYhAi2Zz8Ens2yrONQfg4NxIM','2024-12-31 14:11:17','2024-01-01 14:11:17'),(353,2,'eyJhbGciOiJIUzI1NiIsInR5cCI6IkpXVCJ9.eyJucnAiOiI1MDI0MjAxMDIzIiwibmFtZSI6IkRlc2lhbmEgRml0cmlhIiwidXNlcl9pZCI6Miwicm9sZXMiOlsiYWRtaW4iXSwiaWF0IjoxNzA0MTIxMjQ4LCJleHAiOjE3MzU2NTcyNDh9.XReOsz3ayEbFNutDmQmv_ujc0SAUeyhpmZaUR3mfacA','2024-12-31 15:00:48','2024-01-01 15:00:48'),(354,6,'eyJhbGciOiJIUzI1NiIsInR5cCI6IkpXVCJ9.eyJucnAiOiI1MDI0MjAxMDE3IiwibmFtZSI6IkpvZWwgTmFwaXR1cHVsdSIsInVzZXJfaWQiOjYsInJvbGVzIjpbInByYWt0aWthbiJdLCJpYXQiOjE3MDQxMjI2MzQsImV4cCI6MTczNTY1ODYzNH0.3dW41fJowRvMGdwxNYw89vx7FvlrXdPeJvRnmHo181c','2024-12-31 15:23:54','2024-01-01 15:23:54'),(355,2,'eyJhbGciOiJIUzI1NiIsInR5cCI6IkpXVCJ9.eyJucnAiOiI1MDI0MjAxMDIzIiwibmFtZSI6IkRlc2lhbmEgRml0cmlhIiwidXNlcl9pZCI6Miwicm9sZXMiOlsiYWRtaW4iXSwiaWF0IjoxNzA0MTIyODExLCJleHAiOjE3MzU2NTg4MTF9.dKkJjEFZH5tBwJLQQr2r4G3kycuctkwQWPhAGOPgVp0','2024-12-31 15:26:51','2024-01-01 15:26:51'),(356,6,'eyJhbGciOiJIUzI1NiIsInR5cCI6IkpXVCJ9.eyJucnAiOiI1MDI0MjAxMDE3IiwibmFtZSI6IkpvZWwgTmFwaXR1cHVsdSIsInVzZXJfaWQiOjYsInJvbGVzIjpbInByYWt0aWthbiJdLCJpYXQiOjE3MDQxMjI5MDcsImV4cCI6MTczNTY1ODkwN30.t_YaLpQ0w1XPtBlQ3w4_uommemfVCMEFJojRnFwwLCk','2024-12-31 15:28:27','2024-01-01 15:28:27'),(357,2,'eyJhbGciOiJIUzI1NiIsInR5cCI6IkpXVCJ9.eyJucnAiOiI1MDI0MjAxMDIzIiwibmFtZSI6IkRlc2lhbmEgRml0cmlhIiwidXNlcl9pZCI6Miwicm9sZXMiOlsiYWRtaW4iXSwiaWF0IjoxNzA0MTIyOTIxLCJleHAiOjE3MzU2NTg5MjF9.9ua2ssNK4LiVHnX1qLc9SWh1bNFYiOspi8_GWwjbWSY','2024-12-31 15:28:41','2024-01-01 15:28:41'),(358,6,'eyJhbGciOiJIUzI1NiIsInR5cCI6IkpXVCJ9.eyJucnAiOiI1MDI0MjAxMDE3IiwibmFtZSI6IkpvZWwgTmFwaXR1cHVsdSIsInVzZXJfaWQiOjYsInJvbGVzIjpbInByYWt0aWthbiJdLCJpYXQiOjE3MDQxMjI5MzYsImV4cCI6MTczNTY1ODkzNn0.uqvSayk-sYrbEhgec8zpfrwzv6cs3bs969B5-abdoIU','2024-12-31 15:28:56','2024-01-01 15:28:56'),(359,2,'eyJhbGciOiJIUzI1NiIsInR5cCI6IkpXVCJ9.eyJucnAiOiI1MDI0MjAxMDIzIiwibmFtZSI6IkRlc2lhbmEgRml0cmlhIiwidXNlcl9pZCI6Miwicm9sZXMiOlsiYWRtaW4iXSwiaWF0IjoxNzA0MTIzNzY4LCJleHAiOjE3MzU2NTk3Njh9.MgW4bmhU5gJ7pkORi3H5cEQ6HUUkfqQmY46WVCIWPQ8','2024-12-31 15:42:48','2024-01-01 15:42:48'),(360,3,'eyJhbGciOiJIUzI1NiIsInR5cCI6IkpXVCJ9.eyJucnAiOiI1MDI0MjAxMDQ2IiwibmFtZSI6IkZhaXNhbCBUaGFyaXEiLCJ1c2VyX2lkIjozLCJyb2xlcyI6WyJwcmFrdGlrYW4iLCJhc2lzdGVuIl0sImlhdCI6MTcwNDEyNDE1MywiZXhwIjoxNzM1NjYwMTUzfQ.HMeEIGzH836tgmPvbjLFCpJ-ey089vOr8WceShgw9YU','2024-12-31 15:49:13','2024-01-01 15:49:13'),(361,2,'eyJhbGciOiJIUzI1NiIsInR5cCI6IkpXVCJ9.eyJucnAiOiI1MDI0MjAxMDIzIiwibmFtZSI6IkRlc2lhbmEgRml0cmlhIiwidXNlcl9pZCI6Miwicm9sZXMiOlsiYWRtaW4iXSwiaWF0IjoxNzA0MTI0MjIwLCJleHAiOjE3MzU2NjAyMjB9.ciMxAeY7SxjbeUbD-1S3-rjWZqOFgunQ75Ns2ZFqS4E','2024-12-31 15:50:20','2024-01-01 15:50:20'),(362,2,'eyJhbGciOiJIUzI1NiIsInR5cCI6IkpXVCJ9.eyJucnAiOiI1MDI0MjAxMDIzIiwibmFtZSI6IkRlc2lhbmEgRml0cmlhIiwidXNlcl9pZCI6Miwicm9sZXMiOlsiYWRtaW4iXSwiaWF0IjoxNzA0MTI0MjI0LCJleHAiOjE3MzU2NjAyMjR9.qI5S6YP-0XFvv0zKLxNPIoqRnHzX3zzBBb1vW3JL2nA','2024-12-31 15:50:24','2024-01-01 15:50:24'),(363,2,'eyJhbGciOiJIUzI1NiIsInR5cCI6IkpXVCJ9.eyJucnAiOiI1MDI0MjAxMDIzIiwibmFtZSI6IkRlc2lhbmEgRml0cmlhIiwidXNlcl9pZCI6Miwicm9sZXMiOlsiYWRtaW4iXSwiaWF0IjoxNzA0MTI0NTc3LCJleHAiOjE3MzU2NjA1Nzd9.cfGZfUygqtycBIsW7QlfJosCXvSV1eC2_DcY4GQAA2w','2024-12-31 15:56:17','2024-01-01 15:56:17'),(364,3,'eyJhbGciOiJIUzI1NiIsInR5cCI6IkpXVCJ9.eyJucnAiOiI1MDI0MjAxMDQ2IiwibmFtZSI6IkZhaXNhbCBUaGFyaXEiLCJ1c2VyX2lkIjozLCJyb2xlcyI6WyJwcmFrdGlrYW4iLCJhc2lzdGVuIl0sImlhdCI6MTcwNDEyNDk2NCwiZXhwIjoxNzM1NjYwOTY0fQ.matCXlx0mUuST6eSCUHf6p1zhuVDuKecmxSuGDlyuKI','2024-12-31 16:02:44','2024-01-01 16:02:44'),(365,2,'eyJhbGciOiJIUzI1NiIsInR5cCI6IkpXVCJ9.eyJucnAiOiI1MDI0MjAxMDIzIiwibmFtZSI6IkRlc2lhbmEgRml0cmlhIiwidXNlcl9pZCI6Miwicm9sZXMiOlsiYWRtaW4iXSwiaWF0IjoxNzA0MTI1NTA1LCJleHAiOjE3MzU2NjE1MDV9.9KiPMR7VYU1lUV0abGJoVbQ75B8HAlEpsMTt4Y0cV94','2024-12-31 16:11:45','2024-01-01 16:11:45'),(366,3,'eyJhbGciOiJIUzI1NiIsInR5cCI6IkpXVCJ9.eyJucnAiOiI1MDI0MjAxMDQ2IiwibmFtZSI6IkZhaXNhbCBUaGFyaXEiLCJ1c2VyX2lkIjozLCJyb2xlcyI6WyJwcmFrdGlrYW4iLCJhc2lzdGVuIl0sImlhdCI6MTcwNDEzMjQ4NSwiZXhwIjoxNzM1NjY4NDg1fQ.NmjA5asLoaYsxv6mrv7Qcj39eMv2QbMfsBqfUwIWOGc','2024-12-31 18:08:05','2024-01-01 18:08:05'),(367,2,'eyJhbGciOiJIUzI1NiIsInR5cCI6IkpXVCJ9.eyJucnAiOiI1MDI0MjAxMDIzIiwibmFtZSI6IkRlc2lhbmEgRml0cmlhIiwidXNlcl9pZCI6Miwicm9sZXMiOlsiYWRtaW4iXSwiaWF0IjoxNzA0MTMyNTEzLCJleHAiOjE3MzU2Njg1MTN9.Fg0opvCf3XmGrSIlvDn2Fabm3MjYO8w-RfNAhMHLtyc','2024-12-31 18:08:33','2024-01-01 18:08:33'),(368,2,'eyJhbGciOiJIUzI1NiIsInR5cCI6IkpXVCJ9.eyJucnAiOiI1MDI0MjAxMDIzIiwibmFtZSI6IkRlc2lhbmEgRml0cmlhIiwidXNlcl9pZCI6Miwicm9sZXMiOlsiYWRtaW4iXSwiaWF0IjoxNzA0MTMyNzA4LCJleHAiOjE3MzU2Njg3MDh9.UUZpI4AhXNf1D7BnQq6yqYaiPk3D5bIeclrp0hcroME','2024-12-31 18:11:48','2024-01-01 18:11:48'),(369,2,'eyJhbGciOiJIUzI1NiIsInR5cCI6IkpXVCJ9.eyJucnAiOiI1MDI0MjAxMDIzIiwibmFtZSI6IkRlc2lhbmEgRml0cmlhIiwidXNlcl9pZCI6Miwicm9sZXMiOlsiYWRtaW4iXSwiaWF0IjoxNzA0MTM1MzE1LCJleHAiOjE3MzU2NzEzMTV9.DjvvwODl4ZwgBy5sMJ2fjxSQ7vZP21TBAlmCVfQql7U','2024-12-31 18:55:15','2024-01-01 18:55:15'),(370,2,'eyJhbGciOiJIUzI1NiIsInR5cCI6IkpXVCJ9.eyJucnAiOiI1MDI0MjAxMDIzIiwibmFtZSI6IkRlc2lhbmEgRml0cmlhIiwidXNlcl9pZCI6Miwicm9sZXMiOlsiYWRtaW4iXSwiaWF0IjoxNzA0MTM3OTc3LCJleHAiOjE3MzU2NzM5Nzd9.s8c9ftYlX23Hk2f0AlMdZ6x_fnYTPpZG-si0zaP1MxY','2024-12-31 19:39:37','2024-01-01 19:39:37'),(371,2,'eyJhbGciOiJIUzI1NiIsInR5cCI6IkpXVCJ9.eyJucnAiOiI1MDI0MjAxMDIzIiwibmFtZSI6IkRlc2lhbmEgRml0cmlhIiwidXNlcl9pZCI6Miwicm9sZXMiOlsiYWRtaW4iXSwiaWF0IjoxNzA0MTM5MjE5LCJleHAiOjE3MzU2NzUyMTl9.Dc_n0FovT_Kp0QK2jn8k5A0dhc_jHU227YAfWsqlzfA','2024-12-31 20:00:19','2024-01-01 20:00:19'),(372,2,'eyJhbGciOiJIUzI1NiIsInR5cCI6IkpXVCJ9.eyJucnAiOiI1MDI0MjAxMDIzIiwibmFtZSI6IkRlc2lhbmEgRml0cmlhIiwidXNlcl9pZCI6Miwicm9sZXMiOlsiYWRtaW4iXSwiaWF0IjoxNzA0MTU5MDI5LCJleHAiOjE3MzU2OTUwMjl9.2iQK8eYHAQEVyO04O-wOP7uKGD81fZTlNNuv-w32TNU','2025-01-01 01:30:29','2024-01-02 01:30:29'),(373,2,'eyJhbGciOiJIUzI1NiIsInR5cCI6IkpXVCJ9.eyJucnAiOiI1MDI0MjAxMDIzIiwibmFtZSI6IkRlc2lhbmEgRml0cmlhIiwidXNlcl9pZCI6Miwicm9sZXMiOlsiYWRtaW4iXSwiaWF0IjoxNzA0MTU5NDc4LCJleHAiOjE3MzU2OTU0Nzh9.M2gT19bHXRJZXhuoZc6RlTXn88vkTW1jByo_vai3SMM','2025-01-01 01:37:58','2024-01-02 01:37:58'),(374,12,'eyJhbGciOiJIUzI1NiIsInR5cCI6IkpXVCJ9.eyJucnAiOiI1MDI2MjIxMDkwIiwibmFtZSI6ImR6YWt5IiwidXNlcl9pZCI6MTIsInJvbGVzIjpbInByYWt0aWthbiJdLCJpYXQiOjE3MDQxNjAxNDUsImV4cCI6MTczNTY5NjE0NX0.BMCIs3WY5DyC1vK4FthVP-SudRUqeeqoGR_6gfa4gmY','2025-01-01 01:49:05','2024-01-02 01:49:05'),(375,2,'eyJhbGciOiJIUzI1NiIsInR5cCI6IkpXVCJ9.eyJucnAiOiI1MDI0MjAxMDIzIiwibmFtZSI6IkRlc2lhbmEgRml0cmlhIiwidXNlcl9pZCI6Miwicm9sZXMiOlsiYWRtaW4iXSwiaWF0IjoxNzA0MTYwMjYxLCJleHAiOjE3MzU2OTYyNjF9.O6zKJ-rtlZYqyFXeTdppi0a9oaGtYjHCqh_hkoa0noo','2025-01-01 01:51:01','2024-01-02 01:51:01'),(376,6,'eyJhbGciOiJIUzI1NiIsInR5cCI6IkpXVCJ9.eyJucnAiOiI1MDI0MjAxMDE3IiwibmFtZSI6IkpvZWwgTmFwaXR1cHVsdSIsInVzZXJfaWQiOjYsInJvbGVzIjpbInByYWt0aWthbiJdLCJpYXQiOjE3MDQxNjA3NDMsImV4cCI6MTczNTY5Njc0M30.BTAQT9z6PYE7jAavEzj7iOnDlTQJES2dzRz-fuxX2zY','2025-01-01 01:59:03','2024-01-02 01:59:03'),(377,3,'eyJhbGciOiJIUzI1NiIsInR5cCI6IkpXVCJ9.eyJucnAiOiI1MDI0MjAxMDQ2IiwibmFtZSI6IkZhaXNhbCBUaGFyaXEiLCJ1c2VyX2lkIjozLCJyb2xlcyI6WyJwcmFrdGlrYW4iLCJhc2lzdGVuIl0sImlhdCI6MTcwNDE2MDgwNywiZXhwIjoxNzM1Njk2ODA3fQ.YTAceogsvg1GI1TeSH8yIElEKRfVvTlScd9s7gncKqs','2025-01-01 02:00:07','2024-01-02 02:00:07'),(378,6,'eyJhbGciOiJIUzI1NiIsInR5cCI6IkpXVCJ9.eyJucnAiOiI1MDI0MjAxMDE3IiwibmFtZSI6IkpvZWwgTmFwaXR1cHVsdSIsInVzZXJfaWQiOjYsInJvbGVzIjpbInByYWt0aWthbiJdLCJpYXQiOjE3MDQxNjQxNDQsImV4cCI6MTczNTcwMDE0NH0.10lGpz5dOJ1tByu8img0SA9-FcK7iOuBlW3Yf1fvHc0','2025-01-01 02:55:44','2024-01-02 02:55:44'),(379,3,'eyJhbGciOiJIUzI1NiIsInR5cCI6IkpXVCJ9.eyJucnAiOiI1MDI0MjAxMDQ2IiwibmFtZSI6IkZhaXNhbCBUaGFyaXEiLCJ1c2VyX2lkIjozLCJyb2xlcyI6WyJwcmFrdGlrYW4iLCJhc2lzdGVuIl0sImlhdCI6MTcwNDE2NDIyMiwiZXhwIjoxNzM1NzAwMjIyfQ.rAUCnD6clp6mGbwc8TMY68L7qsJFqmiR1QTkgD5m034','2025-01-01 02:57:02','2024-01-02 02:57:02'),(380,2,'eyJhbGciOiJIUzI1NiIsInR5cCI6IkpXVCJ9.eyJucnAiOiI1MDI0MjAxMDIzIiwibmFtZSI6IkRlc2lhbmEgRml0cmlhIiwidXNlcl9pZCI6Miwicm9sZXMiOlsiYWRtaW4iXSwiaWF0IjoxNzA0MTY0MzE4LCJleHAiOjE3MzU3MDAzMTh9.0pukZOu5Il7-pCoJU12iyn99_HKjKRpfX9xnd8hYXDA','2025-01-01 02:58:38','2024-01-02 02:58:38'),(381,2,'eyJhbGciOiJIUzI1NiIsInR5cCI6IkpXVCJ9.eyJucnAiOiI1MDI0MjAxMDIzIiwibmFtZSI6IkRlc2lhbmEgRml0cmlhIiwidXNlcl9pZCI6Miwicm9sZXMiOlsiYWRtaW4iXSwiaWF0IjoxNzA0MTY2MzQwLCJleHAiOjE3MzU3MDIzNDB9.BGHgrK2e7HIp0ywtceYe126kkHLoC9nj54B9zfFDAVE','2025-01-01 03:32:20','2024-01-02 03:32:20'),(382,2,'eyJhbGciOiJIUzI1NiIsInR5cCI6IkpXVCJ9.eyJucnAiOiI1MDI0MjAxMDIzIiwibmFtZSI6IkRlc2lhbmEgRml0cmlhIiwidXNlcl9pZCI6Miwicm9sZXMiOlsiYWRtaW4iXSwiaWF0IjoxNzA0MTY3MTg0LCJleHAiOjE3MzU3MDMxODR9.BStqOqg5Jzo7RshMT50cSDiaFEjidNqQo-cfbPxmzdM','2025-01-01 03:46:24','2024-01-02 03:46:24'),(383,2,'eyJhbGciOiJIUzI1NiIsInR5cCI6IkpXVCJ9.eyJucnAiOiI1MDI0MjAxMDIzIiwibmFtZSI6IkRlc2lhbmEgRml0cmlhIiwidXNlcl9pZCI6Miwicm9sZXMiOlsiYWRtaW4iXSwiaWF0IjoxNzA0MTc0NDExLCJleHAiOjE3MzU3MTA0MTF9.HtNja_r6L6_l_Mk3q4mJnHLeH8u_mSPDJM7QKKRfzvM','2025-01-01 05:46:51','2024-01-02 05:46:51'),(384,2,'eyJhbGciOiJIUzI1NiIsInR5cCI6IkpXVCJ9.eyJucnAiOiI1MDI0MjAxMDIzIiwibmFtZSI6IkRlc2lhbmEgRml0cmlhIiwidXNlcl9pZCI6Miwicm9sZXMiOlsiYWRtaW4iXSwiaWF0IjoxNzA0MTc3Nzg4LCJleHAiOjE3MzU3MTM3ODh9.qBwIcAZ1rd1B4oJ5ZTAoCEVTglUbabHIOc-UhlduqG8','2025-01-01 06:43:08','2024-01-02 06:43:08'),(385,2,'eyJhbGciOiJIUzI1NiIsInR5cCI6IkpXVCJ9.eyJucnAiOiI1MDI0MjAxMDIzIiwibmFtZSI6IkRlc2lhbmEgRml0cmlhIiwidXNlcl9pZCI6Miwicm9sZXMiOlsiYWRtaW4iXSwiaWF0IjoxNzA0MTc4ODcyLCJleHAiOjE3MzU3MTQ4NzJ9.6juPiYFLU1i-42CvmMmUxtOrkHTScIe1fRUUieYj4q8','2025-01-01 07:01:12','2024-01-02 07:01:12'),(386,2,'eyJhbGciOiJIUzI1NiIsInR5cCI6IkpXVCJ9.eyJucnAiOiI1MDI0MjAxMDIzIiwibmFtZSI6IkRlc2lhbmEgRml0cmlhIiwidXNlcl9pZCI6Miwicm9sZXMiOlsiYWRtaW4iXSwiaWF0IjoxNzA0MTgxMDQwLCJleHAiOjE3MzU3MTcwNDB9.MzfegmFimogrotw94iPzjY3Fxt6_BgMvqX7BUsqsUbM','2025-01-01 07:37:20','2024-01-02 07:37:20'),(387,2,'eyJhbGciOiJIUzI1NiIsInR5cCI6IkpXVCJ9.eyJucnAiOiI1MDI0MjAxMDIzIiwibmFtZSI6IkRlc2lhbmEgRml0cmlhIiwidXNlcl9pZCI6Miwicm9sZXMiOlsiYWRtaW4iXSwiaWF0IjoxNzA0MTgyNDA4LCJleHAiOjE3MzU3MTg0MDh9.VFJDfX9qa3xDHvPsapETzvMaFkgEoLyMM66yE9XF9Ls','2025-01-01 08:00:08','2024-01-02 08:00:08'),(388,2,'eyJhbGciOiJIUzI1NiIsInR5cCI6IkpXVCJ9.eyJucnAiOiI1MDI0MjAxMDIzIiwibmFtZSI6IkRlc2lhbmEgRml0cmlhIiwidXNlcl9pZCI6Miwicm9sZXMiOlsiYWRtaW4iXSwiaWF0IjoxNzA0MTgzMDEyLCJleHAiOjE3MzU3MTkwMTJ9.lz5JusaQpcRD4JAfR4LhVAHIXmqQyyEXQANd57y3IBk','2025-01-01 08:10:12','2024-01-02 08:10:12'),(389,2,'eyJhbGciOiJIUzI1NiIsInR5cCI6IkpXVCJ9.eyJucnAiOiI1MDI0MjAxMDIzIiwibmFtZSI6IkRlc2lhbmEgRml0cmlhIiwidXNlcl9pZCI6Miwicm9sZXMiOlsiYWRtaW4iXSwiaWF0IjoxNzA0MTg1MTkwLCJleHAiOjE3MzU3MjExOTB9.iP5OCJ0NkfQDXmZdi5gcI15ABc5I6LRXOWRhqbwGbOg','2025-01-01 08:46:30','2024-01-02 08:46:30'),(391,3,'eyJhbGciOiJIUzI1NiIsInR5cCI6IkpXVCJ9.eyJucnAiOiI1MDI0MjAxMDQ2IiwibmFtZSI6IkZhaXNhbCBUaGFyaXEiLCJ1c2VyX2lkIjozLCJyb2xlcyI6WyJwcmFrdGlrYW4iLCJhc2lzdGVuIl0sImlhdCI6MTcwNDE4NTYyMSwiZXhwIjoxNzM1NzIxNjIxfQ.KnsgKCZpFroeJ5dE_I5nnna837qynj-_oC-cYPXezXo','2025-01-01 08:53:41','2024-01-02 08:53:41'),(392,2,'eyJhbGciOiJIUzI1NiIsInR5cCI6IkpXVCJ9.eyJucnAiOiI1MDI0MjAxMDIzIiwibmFtZSI6IkRlc2lhbmEgRml0cmlhIiwidXNlcl9pZCI6Miwicm9sZXMiOlsiYWRtaW4iXSwiaWF0IjoxNzA0MTg3ODk2LCJleHAiOjE3MzU3MjM4OTZ9.F4Rhk7b1-0lHQrzdE4pcfQ9M553tnENSTBmDjRrL7dA','2025-01-01 09:31:36','2024-01-02 09:31:36'),(393,2,'eyJhbGciOiJIUzI1NiIsInR5cCI6IkpXVCJ9.eyJucnAiOiI1MDI0MjAxMDIzIiwibmFtZSI6IkRlc2lhbmEgRml0cmlhIiwidXNlcl9pZCI6Miwicm9sZXMiOlsiYWRtaW4iXSwiaWF0IjoxNzA0MTg4OTAxLCJleHAiOjE3MzU3MjQ5MDF9.GsJkLJ5esOM-X6zgfcf7nyyV-YKmwtfvg3NlT1Ahz5g','2025-01-01 09:48:21','2024-01-02 09:48:21'),(394,16,'eyJhbGciOiJIUzI1NiIsInR5cCI6IkpXVCJ9.eyJucnAiOiI1MDI0MjAxMDExIiwibmFtZSI6IlRlc3RpbmdOZXciLCJ1c2VyX2lkIjoxNiwicm9sZXMiOlsicHJha3Rpa2FuIl0sImlhdCI6MTcwNDE5NDM2OSwiZXhwIjoxNzM1NzMwMzY5fQ.oR36qTrDeFPsA7JBlwcUikHZfbL9caV6weK31JIwv40','2025-01-01 11:19:29','2024-01-02 11:19:29'),(395,2,'eyJhbGciOiJIUzI1NiIsInR5cCI6IkpXVCJ9.eyJucnAiOiI1MDI0MjAxMDIzIiwibmFtZSI6IkRlc2lhbmEgRml0cmlhIiwidXNlcl9pZCI6Miwicm9sZXMiOlsiYWRtaW4iXSwiaWF0IjoxNzA0MTk0NDIzLCJleHAiOjE3MzU3MzA0MjN9.ZGAkIxFLCrc4RfcIllmL-ndKqaHyiybXV_r_xYil-tY','2025-01-01 11:20:23','2024-01-02 11:20:23'),(396,3,'eyJhbGciOiJIUzI1NiIsInR5cCI6IkpXVCJ9.eyJucnAiOiI1MDI0MjAxMDQ2IiwibmFtZSI6IkZhaXNhbCBUaGFyaXEiLCJ1c2VyX2lkIjozLCJyb2xlcyI6WyJwcmFrdGlrYW4iLCJhc2lzdGVuIl0sImlhdCI6MTcwNDE5NDY4NywiZXhwIjoxNzM1NzMwNjg3fQ.nkhLGWxA0JUm80YVhehBcrgK4ByHHEGRS9B-2nJzht0','2025-01-01 11:24:47','2024-01-02 11:24:47'),(397,2,'eyJhbGciOiJIUzI1NiIsInR5cCI6IkpXVCJ9.eyJucnAiOiI1MDI0MjAxMDIzIiwibmFtZSI6IkRlc2lhbmEgRml0cmlhIiwidXNlcl9pZCI6Miwicm9sZXMiOlsiYWRtaW4iXSwiaWF0IjoxNzA0MTk0ODQyLCJleHAiOjE3MzU3MzA4NDJ9.xdM9rIqWKy8F1uYB2zlsAklGtkgoIcXGHfPTEV6WYMU','2025-01-01 11:27:22','2024-01-02 11:27:22'),(398,2,'eyJhbGciOiJIUzI1NiIsInR5cCI6IkpXVCJ9.eyJucnAiOiI1MDI0MjAxMDIzIiwibmFtZSI6IkRlc2lhbmEgRml0cmlhIiwidXNlcl9pZCI6Miwicm9sZXMiOlsiYWRtaW4iXSwiaWF0IjoxNzA0MTk1MTk5LCJleHAiOjE3MzU3MzExOTl9.XPpKaKeIVVSinv5Zdoj6LFvtRU7qVrvF5PHA25Wq850','2025-01-01 11:33:19','2024-01-02 11:33:19'),(399,2,'eyJhbGciOiJIUzI1NiIsInR5cCI6IkpXVCJ9.eyJucnAiOiI1MDI0MjAxMDIzIiwibmFtZSI6IkRlc2lhbmEgRml0cmlhIiwidXNlcl9pZCI6Miwicm9sZXMiOlsiYWRtaW4iXSwiaWF0IjoxNzA0MTk2MTQzLCJleHAiOjE3MzU3MzIxNDN9.8MgUKQLmiw-ArJK_LuKic-qLKIdBBv4Vf9UxolTjato','2025-01-01 11:49:03','2024-01-02 11:49:03'),(400,3,'eyJhbGciOiJIUzI1NiIsInR5cCI6IkpXVCJ9.eyJucnAiOiI1MDI0MjAxMDQ2IiwibmFtZSI6IkZhaXNhbCBUaGFyaXEiLCJ1c2VyX2lkIjozLCJyb2xlcyI6WyJwcmFrdGlrYW4iLCJhc2lzdGVuIl0sImlhdCI6MTcwNDE5NjI1MywiZXhwIjoxNzM1NzMyMjUzfQ.ER6fxnWE782MNCB9yoMIVX2NgyvcWAWVwm1CtH9FrYE','2025-01-01 11:50:53','2024-01-02 11:50:53'),(401,2,'eyJhbGciOiJIUzI1NiIsInR5cCI6IkpXVCJ9.eyJucnAiOiI1MDI0MjAxMDIzIiwibmFtZSI6IkRlc2lhbmEgRml0cmlhIiwidXNlcl9pZCI6Miwicm9sZXMiOlsiYWRtaW4iXSwiaWF0IjoxNzA0MTk2NjUzLCJleHAiOjE3MzU3MzI2NTN9.tK_geWGlxFIQ2ABpH3GJ9AWaLmtt9-Lp3tHtX8j2D08','2025-01-01 11:57:33','2024-01-02 11:57:33'),(402,3,'eyJhbGciOiJIUzI1NiIsInR5cCI6IkpXVCJ9.eyJucnAiOiI1MDI0MjAxMDQ2IiwibmFtZSI6IkZhaXNhbCBUaGFyaXEiLCJ1c2VyX2lkIjozLCJyb2xlcyI6WyJwcmFrdGlrYW4iLCJhc2lzdGVuIl0sImlhdCI6MTcwNDE5Njc2MywiZXhwIjoxNzM1NzMyNzYzfQ.ClKqvBJWCrpcAf2-LvlyvuPNSNhc3xS16ATI3lGhSQk','2025-01-01 11:59:23','2024-01-02 11:59:23'),(403,2,'eyJhbGciOiJIUzI1NiIsInR5cCI6IkpXVCJ9.eyJucnAiOiI1MDI0MjAxMDIzIiwibmFtZSI6IkRlc2lhbmEgRml0cmlhIiwidXNlcl9pZCI6Miwicm9sZXMiOlsiYWRtaW4iXSwiaWF0IjoxNzA0MTk2ODM4LCJleHAiOjE3MzU3MzI4Mzh9.Hv5ffcVLhJVaps84dE1NENV_34mjgngSS02w9cEeQic','2025-01-01 12:00:38','2024-01-02 12:00:38'),(404,6,'eyJhbGciOiJIUzI1NiIsInR5cCI6IkpXVCJ9.eyJucnAiOiI1MDI0MjAxMDE3IiwibmFtZSI6IkpvZWwgTmFwaXR1cHVsdSIsInVzZXJfaWQiOjYsInJvbGVzIjpbInByYWt0aWthbiJdLCJpYXQiOjE3MDQxOTcyMzMsImV4cCI6MTczNTczMzIzM30.ZvtYXPcWj3kn2aZcRoJyHodrnCsAXbsjVllqnKftCZY','2025-01-01 12:07:13','2024-01-02 12:07:13'),(408,2,'eyJhbGciOiJIUzI1NiIsInR5cCI6IkpXVCJ9.eyJucnAiOiI1MDI0MjAxMDIzIiwibmFtZSI6IkRlc2lhbmEgRml0cmlhIiwidXNlcl9pZCI6Miwicm9sZXMiOlsiYWRtaW4iXSwiaWF0IjoxNzA0MTk4MTg4LCJleHAiOjE3MzU3MzQxODh9.NWRZ1b042DtuU2M2zitg_VokMbHdeyHFW0k8TeDzx8o','2025-01-01 12:23:08','2024-01-02 12:23:08'),(409,2,'eyJhbGciOiJIUzI1NiIsInR5cCI6IkpXVCJ9.eyJucnAiOiI1MDI0MjAxMDIzIiwibmFtZSI6IkRlc2lhbmEgRml0cmlhIiwidXNlcl9pZCI6Miwicm9sZXMiOlsiYWRtaW4iXSwiaWF0IjoxNzA0MTk5NzgzLCJleHAiOjE3MzU3MzU3ODN9.jmdK7VNj8voJ1Jzr6s2IXq5Lxek-dq2LqqtDc6msT0s','2025-01-01 12:49:43','2024-01-02 12:49:43'),(414,6,'eyJhbGciOiJIUzI1NiIsInR5cCI6IkpXVCJ9.eyJucnAiOiI1MDI0MjAxMDE3IiwibmFtZSI6IkpvZWwgTmFwaXR1cHVsdSIsInVzZXJfaWQiOjYsInJvbGVzIjpbInByYWt0aWthbiJdLCJpYXQiOjE3MDQyMDIzNjksImV4cCI6MTczNTczODM2OX0.gTK4fam5Jpb6B3eMj8-XeFxPjlomPj3JUd_RsEF5H9M','2025-01-01 13:32:49','2024-01-02 13:32:49'),(415,2,'eyJhbGciOiJIUzI1NiIsInR5cCI6IkpXVCJ9.eyJucnAiOiI1MDI0MjAxMDIzIiwibmFtZSI6IkRlc2lhbmEgRml0cmlhIiwidXNlcl9pZCI6Miwicm9sZXMiOlsiYWRtaW4iXSwiaWF0IjoxNzA0MjAzODMzLCJleHAiOjE3MzU3Mzk4MzN9.v0CrMOmPtFM89SCJOTcrLM4ajtvz_yxGf4cqYaZpP9s','2025-01-01 13:57:13','2024-01-02 13:57:13'),(416,6,'eyJhbGciOiJIUzI1NiIsInR5cCI6IkpXVCJ9.eyJucnAiOiI1MDI0MjAxMDE3IiwibmFtZSI6IkpvZWwgTmFwaXR1cHVsdSIsInVzZXJfaWQiOjYsInJvbGVzIjpbInByYWt0aWthbiJdLCJpYXQiOjE3MDQyMDQyMDYsImV4cCI6MTczNTc0MDIwNn0.IXREglAojeHyqW-hw1Hm9jNRZLuvs2oxiq15tUIjoWM','2025-01-01 14:03:26','2024-01-02 14:03:26'),(417,3,'eyJhbGciOiJIUzI1NiIsInR5cCI6IkpXVCJ9.eyJucnAiOiI1MDI0MjAxMDQ2IiwibmFtZSI6IkZhaXNhbCBUaGFyaXEiLCJ1c2VyX2lkIjozLCJyb2xlcyI6WyJwcmFrdGlrYW4iLCJhc2lzdGVuIl0sImlhdCI6MTcwNDIwNDI4NCwiZXhwIjoxNzM1NzQwMjg0fQ.h2J_uOxrGN8I_pZrQtEFnFwSwc2viA3sTTspyXVkiSQ','2025-01-01 14:04:44','2024-01-02 14:04:44'),(418,2,'eyJhbGciOiJIUzI1NiIsInR5cCI6IkpXVCJ9.eyJucnAiOiI1MDI0MjAxMDIzIiwibmFtZSI6IkRlc2lhbmEgRml0cmlhIiwidXNlcl9pZCI6Miwicm9sZXMiOlsiYWRtaW4iXSwiaWF0IjoxNzA0MjA0MzM2LCJleHAiOjE3MzU3NDAzMzZ9.C5TeCI8hk3eAAXw3wg5yZ-C-fDlvrzJ0Z9p71fnQRgs','2025-01-01 14:05:36','2024-01-02 14:05:36'),(419,2,'eyJhbGciOiJIUzI1NiIsInR5cCI6IkpXVCJ9.eyJucnAiOiI1MDI0MjAxMDIzIiwibmFtZSI6IkRlc2lhbmEgRml0cmlhIiwidXNlcl9pZCI6Miwicm9sZXMiOlsiYWRtaW4iXSwiaWF0IjoxNzA0MjA1MTg0LCJleHAiOjE3MzU3NDExODR9.r5Yvbih_zLjkOORH030EdWrfdhPbd00JYUvJceB3_8g','2025-01-01 14:19:44','2024-01-02 14:19:44'),(420,17,'eyJhbGciOiJIUzI1NiIsInR5cCI6IkpXVCJ9.eyJucnAiOiI1MDI0MjAxMDE4IiwibmFtZSI6ImlxYmFsIiwidXNlcl9pZCI6MTcsInJvbGVzIjpbInByYWt0aWthbiJdLCJpYXQiOjE3MDQyMDY2NTEsImV4cCI6MTczNTc0MjY1MX0.4nkWvqujkG5hleleGEh-GBMWYaJwmamVmNhp524isrk','2025-01-01 14:44:11','2024-01-02 14:44:11'),(422,3,'eyJhbGciOiJIUzI1NiIsInR5cCI6IkpXVCJ9.eyJucnAiOiI1MDI0MjAxMDQ2IiwibmFtZSI6IkZhaXNhbCBUaGFyaXEiLCJ1c2VyX2lkIjozLCJyb2xlcyI6WyJwcmFrdGlrYW4iLCJhc2lzdGVuIl0sImlhdCI6MTcwNDIwNjc3NywiZXhwIjoxNzM1NzQyNzc3fQ.Z21hmsA-H1GSa8yq_WKXioMSapwE-Pc90uSOcI3VV4U','2025-01-01 14:46:17','2024-01-02 14:46:17'),(423,2,'eyJhbGciOiJIUzI1NiIsInR5cCI6IkpXVCJ9.eyJucnAiOiI1MDI0MjAxMDIzIiwibmFtZSI6IkRlc2lhbmEgRml0cmlhIiwidXNlcl9pZCI6Miwicm9sZXMiOlsiYWRtaW4iXSwiaWF0IjoxNzA0MjA2ODYyLCJleHAiOjE3MzU3NDI4NjJ9.zG4URUVR4kMBG2DzfZCNGs-216wYNC6to4rAP6iqy3o','2025-01-01 14:47:42','2024-01-02 14:47:42'),(425,2,'eyJhbGciOiJIUzI1NiIsInR5cCI6IkpXVCJ9.eyJucnAiOiI1MDI0MjAxMDIzIiwibmFtZSI6IkRlc2lhbmEgRml0cmlhIiwidXNlcl9pZCI6Miwicm9sZXMiOlsiYWRtaW4iXSwiaWF0IjoxNzA0MjA3MjYzLCJleHAiOjE3MzU3NDMyNjN9.gaQ-yBcgbdt0v8fFAP-4NsLyYGcujZFkZbuoZ2TBxZI','2025-01-01 14:54:23','2024-01-02 14:54:23'),(426,2,'eyJhbGciOiJIUzI1NiIsInR5cCI6IkpXVCJ9.eyJucnAiOiI1MDI0MjAxMDIzIiwibmFtZSI6IkRlc2lhbmEgRml0cmlhIiwidXNlcl9pZCI6Miwicm9sZXMiOlsiYWRtaW4iXSwiaWF0IjoxNzA0MjA3NDY4LCJleHAiOjE3MzU3NDM0Njh9.ewk7I5U8-g5MFIWs0cJRA0PD4bYqGzqGnATVxB5WT3A','2025-01-01 14:57:48','2024-01-02 14:57:48'),(428,6,'eyJhbGciOiJIUzI1NiIsInR5cCI6IkpXVCJ9.eyJucnAiOiI1MDI0MjAxMDE3IiwibmFtZSI6IkpvZWwgTmFwaXR1cHVsdSIsInVzZXJfaWQiOjYsInJvbGVzIjpbInByYWt0aWthbiJdLCJpYXQiOjE3MDQyMDg1MjIsImV4cCI6MTczNTc0NDUyMn0.IXibj9UXUx3N4EM_2aSryN_1IH26af_Sl7BL-LGZdKk','2025-01-01 15:15:22','2024-01-02 15:15:22'),(429,6,'eyJhbGciOiJIUzI1NiIsInR5cCI6IkpXVCJ9.eyJucnAiOiI1MDI0MjAxMDE3IiwibmFtZSI6IkpvZWwgTmFwaXR1cHVsdSIsInVzZXJfaWQiOjYsInJvbGVzIjpbInByYWt0aWthbiJdLCJpYXQiOjE3MDQyMDk3NTUsImV4cCI6MTczNTc0NTc1NX0.6wZtyYB63cH-KzL_CHbytPbPOIJQw6He_-xzfjh-uXU','2025-01-01 15:35:55','2024-01-02 15:35:55'),(430,2,'eyJhbGciOiJIUzI1NiIsInR5cCI6IkpXVCJ9.eyJucnAiOiI1MDI0MjAxMDIzIiwibmFtZSI6IkRlc2lhbmEgRml0cmlhIiwidXNlcl9pZCI6Miwicm9sZXMiOlsiYWRtaW4iXSwiaWF0IjoxNzA0MjExMTEyLCJleHAiOjE3MzU3NDcxMTJ9.EQXWrVqItieRGdo0Nu3f9pwNjraf91nSRiMFJC-cpxg','2025-01-01 15:58:32','2024-01-02 15:58:32'),(431,6,'eyJhbGciOiJIUzI1NiIsInR5cCI6IkpXVCJ9.eyJucnAiOiI1MDI0MjAxMDE3IiwibmFtZSI6IkpvZWwgTmFwaXR1cHVsdSIsInVzZXJfaWQiOjYsInJvbGVzIjpbInByYWt0aWthbiJdLCJpYXQiOjE3MDQyMTE2MTQsImV4cCI6MTczNTc0NzYxNH0.zE9K9ZNO9Pno7_7meSJdu6gJAz8Rws5Ga5Rls8zjpyI','2025-01-01 16:06:54','2024-01-02 16:06:54'),(432,2,'eyJhbGciOiJIUzI1NiIsInR5cCI6IkpXVCJ9.eyJucnAiOiI1MDI0MjAxMDIzIiwibmFtZSI6IkRlc2lhbmEgRml0cmlhIiwidXNlcl9pZCI6Miwicm9sZXMiOlsiYWRtaW4iXSwiaWF0IjoxNzA0MjE1MzkyLCJleHAiOjE3MzU3NTEzOTJ9.lpe90jS6SB8uEKe2Ywht0wwqx87knba-009PE_dj3xo','2025-01-01 17:09:52','2024-01-02 17:09:52'),(433,6,'eyJhbGciOiJIUzI1NiIsInR5cCI6IkpXVCJ9.eyJucnAiOiI1MDI0MjAxMDE3IiwibmFtZSI6IkpvZWwgTmFwaXR1cHVsdSIsInVzZXJfaWQiOjYsInJvbGVzIjpbInByYWt0aWthbiJdLCJpYXQiOjE3MDQyMTU2NzksImV4cCI6MTczNTc1MTY3OX0.NhPejne7QdCa2z5mDz1MAJv0KSxemsSMfehiEZa1Yh8','2025-01-01 17:14:39','2024-01-02 17:14:39'),(434,6,'eyJhbGciOiJIUzI1NiIsInR5cCI6IkpXVCJ9.eyJucnAiOiI1MDI0MjAxMDE3IiwibmFtZSI6IkpvZWwgTmFwaXR1cHVsdSIsInVzZXJfaWQiOjYsInJvbGVzIjpbInByYWt0aWthbiJdLCJpYXQiOjE3MDQyMTU2ODEsImV4cCI6MTczNTc1MTY4MX0.qGLzDW4WZucvqirI10IVmCWe_bpKic7T1r6p6di0RVc','2025-01-01 17:14:41','2024-01-02 17:14:41'),(435,6,'eyJhbGciOiJIUzI1NiIsInR5cCI6IkpXVCJ9.eyJucnAiOiI1MDI0MjAxMDE3IiwibmFtZSI6IkpvZWwgTmFwaXR1cHVsdSIsInVzZXJfaWQiOjYsInJvbGVzIjpbInByYWt0aWthbiJdLCJpYXQiOjE3MDQyNTc0NTIsImV4cCI6MTczNTc5MzQ1Mn0.45XH7C2O7Rvh5ad4E11UCU1ytSWvF1h25U1rM6oZ85E','2025-01-02 04:50:52','2024-01-03 04:50:52'),(436,2,'eyJhbGciOiJIUzI1NiIsInR5cCI6IkpXVCJ9.eyJucnAiOiI1MDI0MjAxMDIzIiwibmFtZSI6IkRlc2lhbmEgRml0cmlhIiwidXNlcl9pZCI6Miwicm9sZXMiOlsiYWRtaW4iXSwiaWF0IjoxNzA0MjU3NTQwLCJleHAiOjE3MzU3OTM1NDB9.DEX673xuBZe_PPoj5-OVxf6EBzNlVhhNJhDXQcRUehE','2025-01-02 04:52:20','2024-01-03 04:52:20'),(437,3,'eyJhbGciOiJIUzI1NiIsInR5cCI6IkpXVCJ9.eyJucnAiOiI1MDI0MjAxMDQ2IiwibmFtZSI6IkZhaXNhbCBUaGFyaXEiLCJ1c2VyX2lkIjozLCJyb2xlcyI6WyJwcmFrdGlrYW4iLCJhc2lzdGVuIl0sImlhdCI6MTcwNDI1ODA0MSwiZXhwIjoxNzM1Nzk0MDQxfQ.mkvd1wRc0WHrZPY4TyFd4IOn0P1WOTeGuwyEqCDGPNM','2025-01-02 05:00:41','2024-01-03 05:00:41'),(438,6,'eyJhbGciOiJIUzI1NiIsInR5cCI6IkpXVCJ9.eyJucnAiOiI1MDI0MjAxMDE3IiwibmFtZSI6IkpvZWwgTmFwaXR1cHVsdSIsInVzZXJfaWQiOjYsInJvbGVzIjpbInByYWt0aWthbiJdLCJpYXQiOjE3MDQyNTgyMDksImV4cCI6MTczNTc5NDIwOX0.YyjtufUol85pEi57m4GBBR7SC1K0kkmBSTctnHnEL1s','2025-01-02 05:03:29','2024-01-03 05:03:29'),(439,2,'eyJhbGciOiJIUzI1NiIsInR5cCI6IkpXVCJ9.eyJucnAiOiI1MDI0MjAxMDIzIiwibmFtZSI6IkRlc2lhbmEgRml0cmlhIiwidXNlcl9pZCI6Miwicm9sZXMiOlsiYWRtaW4iXSwiaWF0IjoxNzA0MjY1NTUwLCJleHAiOjE3MzU4MDE1NTB9.PS4Dqj1zsca4Xb7TdeKg_pnPvVR_HYpfv4XY8XkjDxg','2025-01-02 07:05:50','2024-01-03 07:05:50'),(440,6,'eyJhbGciOiJIUzI1NiIsInR5cCI6IkpXVCJ9.eyJucnAiOiI1MDI0MjAxMDE3IiwibmFtZSI6IkpvZWwgTmFwaXR1cHVsdSIsInVzZXJfaWQiOjYsInJvbGVzIjpbInByYWt0aWthbiJdLCJpYXQiOjE3MDQyNjYxNTcsImV4cCI6MTczNTgwMjE1N30.duhJ0Md3P9RUjV7nIcl9A-hbtJUhYZPiYE-uK-ypQVI','2025-01-02 07:15:57','2024-01-03 07:15:57'),(441,2,'eyJhbGciOiJIUzI1NiIsInR5cCI6IkpXVCJ9.eyJucnAiOiI1MDI0MjAxMDIzIiwibmFtZSI6IkRlc2lhbmEgRml0cmlhIiwidXNlcl9pZCI6Miwicm9sZXMiOlsiYWRtaW4iXSwiaWF0IjoxNzA0MjY3Mzk0LCJleHAiOjE3MzU4MDMzOTR9.XpuclGv7BIBN7vNxv7wP-bQgc0TdqQsSaB49YKD8d-E','2025-01-02 07:36:34','2024-01-03 07:36:34'),(442,6,'eyJhbGciOiJIUzI1NiIsInR5cCI6IkpXVCJ9.eyJucnAiOiI1MDI0MjAxMDE3IiwibmFtZSI6IkpvZWwgTmFwaXR1cHVsdSIsInVzZXJfaWQiOjYsInJvbGVzIjpbInByYWt0aWthbiJdLCJpYXQiOjE3MDQyNjc0MTksImV4cCI6MTczNTgwMzQxOX0.KQkwUUnFGQo1ZB628vZgknv9MpU1U-rruKKnQKo2tyc','2025-01-02 07:36:59','2024-01-03 07:36:59'),(443,2,'eyJhbGciOiJIUzI1NiIsInR5cCI6IkpXVCJ9.eyJucnAiOiI1MDI0MjAxMDIzIiwibmFtZSI6IkRlc2lhbmEgRml0cmlhIiwidXNlcl9pZCI6Miwicm9sZXMiOlsiYWRtaW4iXSwiaWF0IjoxNzA0MjY3NjU1LCJleHAiOjE3MzU4MDM2NTV9.5qyhMA8ZOD_XJ01aK5kBMB3YnExx400iytbsr8FC8Ms','2025-01-02 07:40:55','2024-01-03 07:40:55'),(444,6,'eyJhbGciOiJIUzI1NiIsInR5cCI6IkpXVCJ9.eyJucnAiOiI1MDI0MjAxMDE3IiwibmFtZSI6IkpvZWwgTmFwaXR1cHVsdSIsInVzZXJfaWQiOjYsInJvbGVzIjpbInByYWt0aWthbiJdLCJpYXQiOjE3MDQyNjc3NTgsImV4cCI6MTczNTgwMzc1OH0.VBo9M5KXMNpK7M7TCA4ggXi876_ivjmRs0s78Kbzre4','2025-01-02 07:42:38','2024-01-03 07:42:38'),(445,6,'eyJhbGciOiJIUzI1NiIsInR5cCI6IkpXVCJ9.eyJucnAiOiI1MDI0MjAxMDE3IiwibmFtZSI6IkpvZWwgTmFwaXR1cHVsdSIsInVzZXJfaWQiOjYsInJvbGVzIjpbInByYWt0aWthbiJdLCJpYXQiOjE3MDQyNjc3NjAsImV4cCI6MTczNTgwMzc2MH0.PqcYrdGUXiWpezMZ3oTkfLTfIwhwWCPZIjD5-F6y4JE','2025-01-02 07:42:40','2024-01-03 07:42:40'),(446,2,'eyJhbGciOiJIUzI1NiIsInR5cCI6IkpXVCJ9.eyJucnAiOiI1MDI0MjAxMDIzIiwibmFtZSI6IkRlc2lhbmEgRml0cmlhIiwidXNlcl9pZCI6Miwicm9sZXMiOlsiYWRtaW4iXSwiaWF0IjoxNzA0MjY3NzgyLCJleHAiOjE3MzU4MDM3ODJ9.O9bwL1zypcfBkZXwITPqAotnp_YmHs7yS_FEAPyoRtQ','2025-01-02 07:43:02','2024-01-03 07:43:02'),(447,2,'eyJhbGciOiJIUzI1NiIsInR5cCI6IkpXVCJ9.eyJucnAiOiI1MDI0MjAxMDIzIiwibmFtZSI6IkRlc2lhbmEgRml0cmlhIiwidXNlcl9pZCI6Miwicm9sZXMiOlsiYWRtaW4iXSwiaWF0IjoxNzA0MjY4ODI0LCJleHAiOjE3MzU4MDQ4MjR9.AZwfs6UFQc5Kd3qEHRHLjfCMTYvyUyvu6ArCL5tDPBg','2025-01-02 08:00:24','2024-01-03 08:00:24'),(448,2,'eyJhbGciOiJIUzI1NiIsInR5cCI6IkpXVCJ9.eyJucnAiOiI1MDI0MjAxMDIzIiwibmFtZSI6IkRlc2lhbmEgRml0cmlhIiwidXNlcl9pZCI6Miwicm9sZXMiOlsiYWRtaW4iXSwiaWF0IjoxNzA0MjcyNjI3LCJleHAiOjE3MzU4MDg2Mjd9.pZO3dGuRCpHCTRQNYAHf5tp4J2ESD6lkZ9j5fbTCpdw','2025-01-02 09:03:47','2024-01-03 09:03:47'),(449,13,'eyJhbGciOiJIUzI1NiIsInR5cCI6IkpXVCJ9.eyJucnAiOiI1MDI0MjAxMDY4IiwibmFtZSI6InJ1a3kiLCJ1c2VyX2lkIjoxMywicm9sZXMiOlsicHJha3Rpa2FuIiwia29vcmRpbmF0b3IiXSwiaWF0IjoxNzA0Mjc0NjM4LCJleHAiOjE3MzU4MTA2Mzh9.oWA03Fgl1TvzNT3oKX48WvN2e9INy3WHVjC4oFnsjeM','2025-01-02 09:37:18','2024-01-03 09:37:18'),(450,2,'eyJhbGciOiJIUzI1NiIsInR5cCI6IkpXVCJ9.eyJucnAiOiI1MDI0MjAxMDIzIiwibmFtZSI6IkRlc2lhbmEgRml0cmlhIiwidXNlcl9pZCI6Miwicm9sZXMiOlsiYWRtaW4iXSwiaWF0IjoxNzA0Mjc0NzM2LCJleHAiOjE3MzU4MTA3MzZ9.D8I2Duej89Se69JuhzV89zbJckyi7OXiNnrS7poxO1Y','2025-01-02 09:38:56','2024-01-03 09:38:56'),(451,10,'eyJhbGciOiJIUzI1NiIsInR5cCI6IkpXVCJ9.eyJucnAiOiI1MDI0MjAxMDAwIiwibmFtZSI6IlRlc3QiLCJ1c2VyX2lkIjoxMCwicm9sZXMiOlsicHJha3Rpa2FuIiwiYXNpc3RlbiJdLCJpYXQiOjE3MDQyNzQ3NzYsImV4cCI6MTczNTgxMDc3Nn0.wtvTAKwDxOdlw8zUSkO6PamAxY2w20PHBKy_Q7NUa54','2025-01-02 09:39:36','2024-01-03 09:39:36'),(452,2,'eyJhbGciOiJIUzI1NiIsInR5cCI6IkpXVCJ9.eyJucnAiOiI1MDI0MjAxMDIzIiwibmFtZSI6IkRlc2lhbmEgRml0cmlhIiwidXNlcl9pZCI6Miwicm9sZXMiOlsiYWRtaW4iXSwiaWF0IjoxNzA0Mjc0OTQxLCJleHAiOjE3MzU4MTA5NDF9.1f-MyqsmbldFciDsXgXeho97mgH_iBNFR_djPvw7uK8','2025-01-02 09:42:21','2024-01-03 09:42:21'),(453,2,'eyJhbGciOiJIUzI1NiIsInR5cCI6IkpXVCJ9.eyJucnAiOiI1MDI0MjAxMDIzIiwibmFtZSI6IkRlc2lhbmEgRml0cmlhIiwidXNlcl9pZCI6Miwicm9sZXMiOlsiYWRtaW4iXSwiaWF0IjoxNzA0Mjc1MDA1LCJleHAiOjE3MzU4MTEwMDV9.InD-qSet06_kMddgifA1Ky4fZyiYfUpQI4U2Rs1sAKQ','2025-01-02 09:43:25','2024-01-03 09:43:25'),(454,6,'eyJhbGciOiJIUzI1NiIsInR5cCI6IkpXVCJ9.eyJucnAiOiI1MDI0MjAxMDE3IiwibmFtZSI6IkpvZWwgTmFwaXR1cHVsdSIsInVzZXJfaWQiOjYsInJvbGVzIjpbInByYWt0aWthbiJdLCJpYXQiOjE3MDQyNzUwNTMsImV4cCI6MTczNTgxMTA1M30.iGJMdNDu8lP31xwaRvUltCUAJzqQv5k4tgULKOUlNEY','2025-01-02 09:44:13','2024-01-03 09:44:13'),(455,2,'eyJhbGciOiJIUzI1NiIsInR5cCI6IkpXVCJ9.eyJucnAiOiI1MDI0MjAxMDIzIiwibmFtZSI6IkRlc2lhbmEgRml0cmlhIiwidXNlcl9pZCI6Miwicm9sZXMiOlsiYWRtaW4iXSwiaWF0IjoxNzA0Mjc1NjE0LCJleHAiOjE3MzU4MTE2MTR9.FV3dqTY3PllouQDkpBqvBXqZ45JKfTvGdt0P4KRUa_4','2025-01-02 09:53:34','2024-01-03 09:53:34'),(456,3,'eyJhbGciOiJIUzI1NiIsInR5cCI6IkpXVCJ9.eyJucnAiOiI1MDI0MjAxMDQ2IiwibmFtZSI6IkZhaXNhbCBUaGFyaXEiLCJ1c2VyX2lkIjozLCJyb2xlcyI6WyJwcmFrdGlrYW4iLCJhc2lzdGVuIl0sImlhdCI6MTcwNDI3NjQ1NywiZXhwIjoxNzM1ODEyNDU3fQ.9bCdWLD2Qk5vONEOf66nwFEeiHeFjV1HQItH6kbSigA','2025-01-02 10:07:37','2024-01-03 10:07:37'),(457,13,'eyJhbGciOiJIUzI1NiIsInR5cCI6IkpXVCJ9.eyJucnAiOiI1MDI0MjAxMDY4IiwibmFtZSI6InJ1a3kiLCJ1c2VyX2lkIjoxMywicm9sZXMiOlsicHJha3Rpa2FuIiwia29vcmRpbmF0b3IiXSwiaWF0IjoxNzA0Mjc2NDkzLCJleHAiOjE3MzU4MTI0OTN9.9rB5yc1ZXhF0n-If_ppCPVDNDwMWqiMH_lhZkSWpdQ0','2025-01-02 10:08:13','2024-01-03 10:08:13'),(458,2,'eyJhbGciOiJIUzI1NiIsInR5cCI6IkpXVCJ9.eyJucnAiOiI1MDI0MjAxMDIzIiwibmFtZSI6IkRlc2lhbmEgRml0cmlhIiwidXNlcl9pZCI6Miwicm9sZXMiOlsiYWRtaW4iXSwiaWF0IjoxNzA0Mjc2NTIwLCJleHAiOjE3MzU4MTI1MjB9.r_HqPq19pcYw4FHMTo606ClNwtE4uXalHUr47KzyW5I','2025-01-02 10:08:40','2024-01-03 10:08:40'),(459,2,'eyJhbGciOiJIUzI1NiIsInR5cCI6IkpXVCJ9.eyJucnAiOiI1MDI0MjAxMDIzIiwibmFtZSI6IkRlc2lhbmEgRml0cmlhIiwidXNlcl9pZCI6Miwicm9sZXMiOlsiYWRtaW4iXSwiaWF0IjoxNzA0Mjc2NzA1LCJleHAiOjE3MzU4MTI3MDV9.Lk-Eram5hOeiAA_kG8xqto3A5GG_8AL0XJ0Cc-uAfIE','2025-01-02 10:11:45','2024-01-03 10:11:45'),(460,13,'eyJhbGciOiJIUzI1NiIsInR5cCI6IkpXVCJ9.eyJucnAiOiI1MDI0MjAxMDY4IiwibmFtZSI6InJ1a3kiLCJ1c2VyX2lkIjoxMywicm9sZXMiOlsicHJha3Rpa2FuIiwia29vcmRpbmF0b3IiXSwiaWF0IjoxNzA0Mjc2NzM0LCJleHAiOjE3MzU4MTI3MzR9.7BUZKP_TYQcX22mWsCh-BKAAAu5Re9guSTA9h1Nj3tE','2025-01-02 10:12:14','2024-01-03 10:12:14'),(462,10,'eyJhbGciOiJIUzI1NiIsInR5cCI6IkpXVCJ9.eyJucnAiOiI1MDI0MjAxMDAwIiwibmFtZSI6IlRlc3QiLCJ1c2VyX2lkIjoxMCwicm9sZXMiOlsicHJha3Rpa2FuIiwiYXNpc3RlbiIsImtvb3JkaW5hdG9yIl0sImlhdCI6MTcwNDI3NzM5MSwiZXhwIjoxNzM1ODEzMzkxfQ.SwaQdeDSOOioUExHO7nEWk_OfU4y-Zbi6C1oQJIlI4Y','2025-01-02 10:23:11','2024-01-03 10:23:11'),(463,2,'eyJhbGciOiJIUzI1NiIsInR5cCI6IkpXVCJ9.eyJucnAiOiI1MDI0MjAxMDIzIiwibmFtZSI6IkRlc2lhbmEgRml0cmlhIiwidXNlcl9pZCI6Miwicm9sZXMiOlsiYWRtaW4iXSwiaWF0IjoxNzA0Mjc4NzA1LCJleHAiOjE3MzU4MTQ3MDV9.lhGhxFB5OKjMRYQy3VtLTc18ned8TEJMV6s6-5CyO1E','2025-01-02 10:45:05','2024-01-03 10:45:05'),(464,10,'eyJhbGciOiJIUzI1NiIsInR5cCI6IkpXVCJ9.eyJucnAiOiI1MDI0MjAxMDAwIiwibmFtZSI6IlRlc3QiLCJ1c2VyX2lkIjoxMCwicm9sZXMiOlsicHJha3Rpa2FuIiwia29vcmRpbmF0b3IiXSwiaWF0IjoxNzA0Mjc4NzM0LCJleHAiOjE3MzU4MTQ3MzR9.fllTuYvVGHG2gXmknc_xIgY3yncU_MC4euG_aGRCz2M','2025-01-02 10:45:34','2024-01-03 10:45:34'),(465,10,'eyJhbGciOiJIUzI1NiIsInR5cCI6IkpXVCJ9.eyJucnAiOiI1MDI0MjAxMDAwIiwibmFtZSI6IlRlc3QiLCJ1c2VyX2lkIjoxMCwicm9sZXMiOlsicHJha3Rpa2FuIiwia29vcmRpbmF0b3IiXSwiaWF0IjoxNzA0Mjc4NzQ4LCJleHAiOjE3MzU4MTQ3NDh9.EA4sgqjqWMHA0eiSjrdsAheuNUM10H6n0PRKzAMzKnI','2025-01-02 10:45:48','2024-01-03 10:45:48'),(466,2,'eyJhbGciOiJIUzI1NiIsInR5cCI6IkpXVCJ9.eyJucnAiOiI1MDI0MjAxMDIzIiwibmFtZSI6IkRlc2lhbmEgRml0cmlhIiwidXNlcl9pZCI6Miwicm9sZXMiOlsiYWRtaW4iXSwiaWF0IjoxNzA0Mjc4NzY3LCJleHAiOjE3MzU4MTQ3Njd9.0pXIXo389kh96o3jaokub1xdtt7-sNSbKw-tlZIYKWE','2025-01-02 10:46:07','2024-01-03 10:46:07'),(467,10,'eyJhbGciOiJIUzI1NiIsInR5cCI6IkpXVCJ9.eyJucnAiOiI1MDI0MjAxMDAwIiwibmFtZSI6IlRlc3QiLCJ1c2VyX2lkIjoxMCwicm9sZXMiOlsicHJha3Rpa2FuIiwia29vcmRpbmF0b3IiXSwiaWF0IjoxNzA0Mjc4Nzk0LCJleHAiOjE3MzU4MTQ3OTR9.JboT10Ld9uJNipkzn1FKSwJO0ahWbTcEmr_c6wuyy7w','2025-01-02 10:46:34','2024-01-03 10:46:34'),(468,2,'eyJhbGciOiJIUzI1NiIsInR5cCI6IkpXVCJ9.eyJucnAiOiI1MDI0MjAxMDIzIiwibmFtZSI6IkRlc2lhbmEgRml0cmlhIiwidXNlcl9pZCI6Miwicm9sZXMiOlsiYWRtaW4iXSwiaWF0IjoxNzA0Mjc4ODE1LCJleHAiOjE3MzU4MTQ4MTV9.iA8T-E23FDcU6-5OkAwIASf1YNSTOMhFE10U9HxTE8E','2025-01-02 10:46:55','2024-01-03 10:46:55'),(469,10,'eyJhbGciOiJIUzI1NiIsInR5cCI6IkpXVCJ9.eyJucnAiOiI1MDI0MjAxMDAwIiwibmFtZSI6IlRlc3QiLCJ1c2VyX2lkIjoxMCwicm9sZXMiOlsicHJha3Rpa2FuIiwia29vcmRpbmF0b3IiLCJhc2lzdGVuIl0sImlhdCI6MTcwNDI3ODgzOSwiZXhwIjoxNzM1ODE0ODM5fQ.Y3812GxXn_7sRvoCOustB0XGpR8HpXF5oVZ7WZ3VQdY','2025-01-02 10:47:19','2024-01-03 10:47:19'),(470,10,'eyJhbGciOiJIUzI1NiIsInR5cCI6IkpXVCJ9.eyJucnAiOiI1MDI0MjAxMDAwIiwibmFtZSI6IlRlc3QiLCJ1c2VyX2lkIjoxMCwicm9sZXMiOlsicHJha3Rpa2FuIiwia29vcmRpbmF0b3IiLCJhc2lzdGVuIl0sImlhdCI6MTcwNDI3ODkyNCwiZXhwIjoxNzM1ODE0OTI0fQ.ld8qHxcJgWecZr5ohyXbqe-OstfZPLcQDKo_i3JVKF0','2025-01-02 10:48:44','2024-01-03 10:48:44'),(471,2,'eyJhbGciOiJIUzI1NiIsInR5cCI6IkpXVCJ9.eyJucnAiOiI1MDI0MjAxMDIzIiwibmFtZSI6IkRlc2lhbmEgRml0cmlhIiwidXNlcl9pZCI6Miwicm9sZXMiOlsiYWRtaW4iXSwiaWF0IjoxNzA0Mjc4OTM5LCJleHAiOjE3MzU4MTQ5Mzl9.bhtQy6vmpjVV5r8Jdv5gDJkqSK_Ocgz4Smyt9uOQstI','2025-01-02 10:48:59','2024-01-03 10:48:59'),(472,10,'eyJhbGciOiJIUzI1NiIsInR5cCI6IkpXVCJ9.eyJucnAiOiI1MDI0MjAxMDAwIiwibmFtZSI6IlRlc3QiLCJ1c2VyX2lkIjoxMCwicm9sZXMiOlsicHJha3Rpa2FuIiwia29vcmRpbmF0b3IiXSwiaWF0IjoxNzA0Mjc4OTY4LCJleHAiOjE3MzU4MTQ5Njh9.FY9U-M9XbtgX0xXW1vVtFbon5h7axVRmUlXLsJGbFOs','2025-01-02 10:49:28','2024-01-03 10:49:28'),(473,3,'eyJhbGciOiJIUzI1NiIsInR5cCI6IkpXVCJ9.eyJucnAiOiI1MDI0MjAxMDQ2IiwibmFtZSI6IkZhaXNhbCBUaGFyaXEiLCJ1c2VyX2lkIjozLCJyb2xlcyI6WyJwcmFrdGlrYW4iLCJhc2lzdGVuIl0sImlhdCI6MTcwNDI3OTAzOCwiZXhwIjoxNzM1ODE1MDM4fQ.B32x3oZ_3mgwjyziYVgSwPBiKLsbDOvwA64L__4hW-Q','2025-01-02 10:50:38','2024-01-03 10:50:38'),(474,10,'eyJhbGciOiJIUzI1NiIsInR5cCI6IkpXVCJ9.eyJucnAiOiI1MDI0MjAxMDAwIiwibmFtZSI6IlRlc3QiLCJ1c2VyX2lkIjoxMCwicm9sZXMiOlsicHJha3Rpa2FuIiwia29vcmRpbmF0b3IiXSwiaWF0IjoxNzA0Mjc5MjE0LCJleHAiOjE3MzU4MTUyMTR9.FVviZYmeDTEbhf2u78kX3tH-03iryCSoQy3KFluenYQ','2025-01-02 10:53:34','2024-01-03 10:53:34'),(475,2,'eyJhbGciOiJIUzI1NiIsInR5cCI6IkpXVCJ9.eyJucnAiOiI1MDI0MjAxMDIzIiwibmFtZSI6IkRlc2lhbmEgRml0cmlhIiwidXNlcl9pZCI6Miwicm9sZXMiOlsiYWRtaW4iXSwiaWF0IjoxNzA0Mjc5MzA1LCJleHAiOjE3MzU4MTUzMDV9.DCJYIRmGikovH-2BOATLif2NzrBhsLJcJwUxMOu_jYE','2025-01-02 10:55:05','2024-01-03 10:55:05'),(476,2,'eyJhbGciOiJIUzI1NiIsInR5cCI6IkpXVCJ9.eyJucnAiOiI1MDI0MjAxMDIzIiwibmFtZSI6IkRlc2lhbmEgRml0cmlhIiwidXNlcl9pZCI6Miwicm9sZXMiOlsiYWRtaW4iXSwiaWF0IjoxNzA0Mjc5MzIzLCJleHAiOjE3MzU4MTUzMjN9.I8-tXi3Bw_7dIJpV7JxXcmAalNhAhUDOhFoMNeIVu_Y','2025-01-02 10:55:23','2024-01-03 10:55:23'),(477,2,'eyJhbGciOiJIUzI1NiIsInR5cCI6IkpXVCJ9.eyJucnAiOiI1MDI0MjAxMDIzIiwibmFtZSI6IkRlc2lhbmEgRml0cmlhIiwidXNlcl9pZCI6Miwicm9sZXMiOlsiYWRtaW4iXSwiaWF0IjoxNzA0Mjc5NjAyLCJleHAiOjE3MzU4MTU2MDJ9.iTf2tb2CtR7oEmCIM_D3zCdBf_42-pOX5XI48jm-i2w','2025-01-02 11:00:02','2024-01-03 11:00:02'),(478,3,'eyJhbGciOiJIUzI1NiIsInR5cCI6IkpXVCJ9.eyJucnAiOiI1MDI0MjAxMDQ2IiwibmFtZSI6IkZhaXNhbCBUaGFyaXEiLCJ1c2VyX2lkIjozLCJyb2xlcyI6WyJwcmFrdGlrYW4iLCJhc2lzdGVuIl0sImlhdCI6MTcwNDI3OTY0MCwiZXhwIjoxNzM1ODE1NjQwfQ.bWAppJf9btz-ncoGtAFonK9nnR-XEW8qUvQLYFTR2So','2025-01-02 11:00:40','2024-01-03 11:00:40'),(479,2,'eyJhbGciOiJIUzI1NiIsInR5cCI6IkpXVCJ9.eyJucnAiOiI1MDI0MjAxMDIzIiwibmFtZSI6IkRlc2lhbmEgRml0cmlhIiwidXNlcl9pZCI6Miwicm9sZXMiOlsiYWRtaW4iXSwiaWF0IjoxNzA0Mjc5Njg3LCJleHAiOjE3MzU4MTU2ODd9.-ETEbIXM_S8sVAIchQNCnm9nCLIBKusJHMhsfBXEWvQ','2025-01-02 11:01:27','2024-01-03 11:01:27'),(480,3,'eyJhbGciOiJIUzI1NiIsInR5cCI6IkpXVCJ9.eyJucnAiOiI1MDI0MjAxMDQ2IiwibmFtZSI6IkZhaXNhbCBUaGFyaXEiLCJ1c2VyX2lkIjozLCJyb2xlcyI6WyJwcmFrdGlrYW4iLCJhc2lzdGVuIl0sImlhdCI6MTcwNDI3OTkxOCwiZXhwIjoxNzM1ODE1OTE4fQ.sQsoCPBiopTAAyfmu_M7e0YGCROiWcEPaeZ3apDqROk','2025-01-02 11:05:18','2024-01-03 11:05:18'),(481,2,'eyJhbGciOiJIUzI1NiIsInR5cCI6IkpXVCJ9.eyJucnAiOiI1MDI0MjAxMDIzIiwibmFtZSI6IkRlc2lhbmEgRml0cmlhIiwidXNlcl9pZCI6Miwicm9sZXMiOlsiYWRtaW4iXSwiaWF0IjoxNzA0MjgwMTU0LCJleHAiOjE3MzU4MTYxNTR9.-SEOOebc507cWg8_VReCz0IfO7QrvJbmGNSaGduGbnE','2025-01-02 11:09:14','2024-01-03 11:09:14'),(482,3,'eyJhbGciOiJIUzI1NiIsInR5cCI6IkpXVCJ9.eyJucnAiOiI1MDI0MjAxMDQ2IiwibmFtZSI6IkZhaXNhbCBUaGFyaXEiLCJ1c2VyX2lkIjozLCJyb2xlcyI6WyJwcmFrdGlrYW4iLCJhc2lzdGVuIl0sImlhdCI6MTcwNDI4MDc3NSwiZXhwIjoxNzM1ODE2Nzc1fQ.SUaYbAMJuzxtS8Wu2DdlnqOACDYALwHLHqwvkQIPTY0','2025-01-02 11:19:35','2024-01-03 11:19:35'),(483,2,'eyJhbGciOiJIUzI1NiIsInR5cCI6IkpXVCJ9.eyJucnAiOiI1MDI0MjAxMDIzIiwibmFtZSI6IkRlc2lhbmEgRml0cmlhIiwidXNlcl9pZCI6Miwicm9sZXMiOlsiYWRtaW4iXSwiaWF0IjoxNzA0MjgwNzg5LCJleHAiOjE3MzU4MTY3ODl9.B7iqlPzREU_SLPsnBNnKuCLFMpBajieyj63oHQx01bQ','2025-01-02 11:19:49','2024-01-03 11:19:49'),(484,3,'eyJhbGciOiJIUzI1NiIsInR5cCI6IkpXVCJ9.eyJucnAiOiI1MDI0MjAxMDQ2IiwibmFtZSI6IkZhaXNhbCBUaGFyaXEiLCJ1c2VyX2lkIjozLCJyb2xlcyI6WyJwcmFrdGlrYW4iLCJhc2lzdGVuIl0sImlhdCI6MTcwNDI4MTE5NywiZXhwIjoxNzM1ODE3MTk3fQ.1TXxHfISm-9kk4z_byDOy5wIpm6cak8Oc5PSx4EP6m4','2025-01-02 11:26:37','2024-01-03 11:26:37'),(485,3,'eyJhbGciOiJIUzI1NiIsInR5cCI6IkpXVCJ9.eyJucnAiOiI1MDI0MjAxMDQ2IiwibmFtZSI6IkZhaXNhbCBUaGFyaXEiLCJ1c2VyX2lkIjozLCJyb2xlcyI6WyJwcmFrdGlrYW4iLCJhc2lzdGVuIl0sImlhdCI6MTcwNDI4MTI3MSwiZXhwIjoxNzM1ODE3MjcxfQ._X59C9ySvraYkKqf5qY8ZfuE5msO91MPbiwnt3PFuQ8','2025-01-02 11:27:51','2024-01-03 11:27:51'),(486,2,'eyJhbGciOiJIUzI1NiIsInR5cCI6IkpXVCJ9.eyJucnAiOiI1MDI0MjAxMDIzIiwibmFtZSI6IkRlc2lhbmEgRml0cmlhIiwidXNlcl9pZCI6Miwicm9sZXMiOlsiYWRtaW4iXSwiaWF0IjoxNzA0MjgyNDI3LCJleHAiOjE3MzU4MTg0Mjd9.ECaZb5wmVt-5zfNgZPVRjLCvqai1n14NujgIM5GVyX8','2025-01-02 11:47:07','2024-01-03 11:47:07'),(487,3,'eyJhbGciOiJIUzI1NiIsInR5cCI6IkpXVCJ9.eyJucnAiOiI1MDI0MjAxMDQ2IiwibmFtZSI6IkZhaXNhbCBUaGFyaXEiLCJ1c2VyX2lkIjozLCJyb2xlcyI6WyJwcmFrdGlrYW4iLCJhc2lzdGVuIl0sImlhdCI6MTcwNDI4MjQ0MiwiZXhwIjoxNzM1ODE4NDQyfQ.lnkLOXDJmqB2BtO5lAnGqr63xZE0ONb17qU8LllTZaM','2025-01-02 11:47:22','2024-01-03 11:47:22'),(488,2,'eyJhbGciOiJIUzI1NiIsInR5cCI6IkpXVCJ9.eyJucnAiOiI1MDI0MjAxMDIzIiwibmFtZSI6IkRlc2lhbmEgRml0cmlhIiwidXNlcl9pZCI6Miwicm9sZXMiOlsiYWRtaW4iXSwiaWF0IjoxNzA0Mjg1MjQwLCJleHAiOjE3MzU4MjEyNDB9.7-v2qqdWvS7YifhfvbEnaoBwl9XAN7L3JPXuK3l9GnM','2025-01-02 12:34:00','2024-01-03 12:34:00'),(489,3,'eyJhbGciOiJIUzI1NiIsInR5cCI6IkpXVCJ9.eyJucnAiOiI1MDI0MjAxMDQ2IiwibmFtZSI6IkZhaXNhbCBUaGFyaXEiLCJ1c2VyX2lkIjozLCJyb2xlcyI6WyJwcmFrdGlrYW4iLCJhc2lzdGVuIl0sImlhdCI6MTcwNDI4NzU1NiwiZXhwIjoxNzM1ODIzNTU2fQ.03WejO9F9bqvXgDR5mGWlk95SLYKrnJ6bsh0Udgc3x8','2025-01-02 13:12:36','2024-01-03 13:12:36'),(490,2,'eyJhbGciOiJIUzI1NiIsInR5cCI6IkpXVCJ9.eyJucnAiOiI1MDI0MjAxMDIzIiwibmFtZSI6IkRlc2lhbmEgRml0cmlhIiwidXNlcl9pZCI6Miwicm9sZXMiOlsiYWRtaW4iXSwiaWF0IjoxNzA0Mjg4MjI4LCJleHAiOjE3MzU4MjQyMjh9.yl5eiK-qWOv00-ARm7kh9f0Y4o57Db_K4OdSDh5PS28','2025-01-02 13:23:48','2024-01-03 13:23:48'),(491,2,'eyJhbGciOiJIUzI1NiIsInR5cCI6IkpXVCJ9.eyJucnAiOiI1MDI0MjAxMDIzIiwibmFtZSI6IkRlc2lhbmEgRml0cmlhIiwidXNlcl9pZCI6Miwicm9sZXMiOlsiYWRtaW4iXSwiaWF0IjoxNzA0MjkxNDI0LCJleHAiOjE3MzU4Mjc0MjR9.tNclVizr7Prd8gqV2ar4oPKSlynRayJXsLkA79g3DKM','2025-01-02 14:17:04','2024-01-03 14:17:04'),(492,2,'eyJhbGciOiJIUzI1NiIsInR5cCI6IkpXVCJ9.eyJucnAiOiI1MDI0MjAxMDIzIiwibmFtZSI6IkRlc2lhbmEgRml0cmlhIiwidXNlcl9pZCI6Miwicm9sZXMiOlsiYWRtaW4iXSwiaWF0IjoxNzA0MjkxNDI3LCJleHAiOjE3MzU4Mjc0Mjd9.7Er3EgPYkuY9JZiMT-aDreS81qfAIcArFheD2u6wLsk','2025-01-02 14:17:07','2024-01-03 14:17:07'),(493,2,'eyJhbGciOiJIUzI1NiIsInR5cCI6IkpXVCJ9.eyJucnAiOiI1MDI0MjAxMDIzIiwibmFtZSI6IkRlc2lhbmEgRml0cmlhIiwidXNlcl9pZCI6Miwicm9sZXMiOlsiYWRtaW4iXSwiaWF0IjoxNzA0MjkyOTQzLCJleHAiOjE3MzU4Mjg5NDN9.wLSfmBbps0vzI668-PP1SoOA5K11iEsLdR8D4-YXGjg','2025-01-02 14:42:23','2024-01-03 14:42:23'),(494,2,'eyJhbGciOiJIUzI1NiIsInR5cCI6IkpXVCJ9.eyJucnAiOiI1MDI0MjAxMDIzIiwibmFtZSI6IkRlc2lhbmEgRml0cmlhIiwidXNlcl9pZCI6Miwicm9sZXMiOlsiYWRtaW4iXSwiaWF0IjoxNzA0Mjk0OTUwLCJleHAiOjE3MzU4MzA5NTB9.dmPZNUjMQKXqogx9-X0qrtBNZ4PqnTolIM5LAXx_cIo','2025-01-02 15:15:50','2024-01-03 15:15:50'),(495,6,'eyJhbGciOiJIUzI1NiIsInR5cCI6IkpXVCJ9.eyJucnAiOiI1MDI0MjAxMDE3IiwibmFtZSI6IkpvZWwgTmFwaXR1cHVsdSIsInVzZXJfaWQiOjYsInJvbGVzIjpbInByYWt0aWthbiJdLCJpYXQiOjE3MDQyOTgxMTksImV4cCI6MTczNTgzNDExOX0.gJbZ-gg2ABMLSiiIGKZS1K2aXW4NuqiSk60Q9Sx5DXY','2025-01-02 16:08:39','2024-01-03 16:08:39'),(496,3,'eyJhbGciOiJIUzI1NiIsInR5cCI6IkpXVCJ9.eyJucnAiOiI1MDI0MjAxMDQ2IiwibmFtZSI6IkZhaXNhbCBUaGFyaXEiLCJ1c2VyX2lkIjozLCJyb2xlcyI6WyJwcmFrdGlrYW4iLCJhc2lzdGVuIl0sImlhdCI6MTcwNDI5ODE2NiwiZXhwIjoxNzM1ODM0MTY2fQ.f-9gfxp5Z96tWLyzKWWy_oCcz3ew1kGLyY-O2UqcMgw','2025-01-02 16:09:26','2024-01-03 16:09:26'),(497,2,'eyJhbGciOiJIUzI1NiIsInR5cCI6IkpXVCJ9.eyJucnAiOiI1MDI0MjAxMDIzIiwibmFtZSI6IkRlc2lhbmEgRml0cmlhIiwidXNlcl9pZCI6Miwicm9sZXMiOlsiYWRtaW4iXSwiaWF0IjoxNzA0Mjk4MjgxLCJleHAiOjE3MzU4MzQyODF9.ze8G70_ieyfLf1wOLflK3RFLx9AnXpGkLP7t_doyBAU','2025-01-02 16:11:21','2024-01-03 16:11:21'),(498,2,'eyJhbGciOiJIUzI1NiIsInR5cCI6IkpXVCJ9.eyJucnAiOiI1MDI0MjAxMDIzIiwibmFtZSI6IkRlc2lhbmEgRml0cmlhIiwidXNlcl9pZCI6Miwicm9sZXMiOlsiYWRtaW4iXSwiaWF0IjoxNzA0Mjk5MTQ0LCJleHAiOjE3MzU4MzUxNDR9.ubFApomU6sQNwFwAAUEDU6rr7afycqGJj8FNvAosVjs','2025-01-02 16:25:44','2024-01-03 16:25:44'),(499,2,'eyJhbGciOiJIUzI1NiIsInR5cCI6IkpXVCJ9.eyJucnAiOiI1MDI0MjAxMDIzIiwibmFtZSI6IkRlc2lhbmEgRml0cmlhIiwidXNlcl9pZCI6Miwicm9sZXMiOlsiYWRtaW4iXSwiaWF0IjoxNzA0Mjk5MzQ5LCJleHAiOjE3MzU4MzUzNDl9.lUBswVbH6KeV4lAq2kNl3HqaYOZzLb-6IGQBQG3oyEU','2025-01-02 16:29:09','2024-01-03 16:29:09'),(500,6,'eyJhbGciOiJIUzI1NiIsInR5cCI6IkpXVCJ9.eyJucnAiOiI1MDI0MjAxMDE3IiwibmFtZSI6IkpvZWwgTmFwaXR1cHVsdSIsInVzZXJfaWQiOjYsInJvbGVzIjpbInByYWt0aWthbiJdLCJpYXQiOjE3MDQyOTk4NDksImV4cCI6MTczNTgzNTg0OX0.CyEz6rH4XdN9stAEPF946A0JuMdKg_AZ5prj2IsuqCg','2025-01-02 16:37:29','2024-01-03 16:37:29'),(501,2,'eyJhbGciOiJIUzI1NiIsInR5cCI6IkpXVCJ9.eyJucnAiOiI1MDI0MjAxMDIzIiwibmFtZSI6IkRlc2lhbmEgRml0cmlhIiwidXNlcl9pZCI6Miwicm9sZXMiOlsiYWRtaW4iXSwiaWF0IjoxNzA0Mjk5ODY1LCJleHAiOjE3MzU4MzU4NjV9.YkI_x37ogeHo1g35EQaI9Jdj96EXZs2Y5nFdqpXGBFk','2025-01-02 16:37:45','2024-01-03 16:37:45'),(502,6,'eyJhbGciOiJIUzI1NiIsInR5cCI6IkpXVCJ9.eyJucnAiOiI1MDI0MjAxMDE3IiwibmFtZSI6IkpvZWwgTmFwaXR1cHVsdSIsInVzZXJfaWQiOjYsInJvbGVzIjpbInByYWt0aWthbiJdLCJpYXQiOjE3MDQyOTk4OTgsImV4cCI6MTczNTgzNTg5OH0.DpYuqJxTHoMr6L_-IlsIDSJbBIFLLNzOnYGKfF8ZUqU','2025-01-02 16:38:18','2024-01-03 16:38:18'),(503,2,'eyJhbGciOiJIUzI1NiIsInR5cCI6IkpXVCJ9.eyJucnAiOiI1MDI0MjAxMDIzIiwibmFtZSI6IkRlc2lhbmEgRml0cmlhIiwidXNlcl9pZCI6Miwicm9sZXMiOlsiYWRtaW4iXSwiaWF0IjoxNzA0MzAwMDE1LCJleHAiOjE3MzU4MzYwMTV9.iP_tAVVIdKQH5nvp1Ttp-rk756xp9AnykckAlJdevB8','2025-01-02 16:40:15','2024-01-03 16:40:15'),(504,6,'eyJhbGciOiJIUzI1NiIsInR5cCI6IkpXVCJ9.eyJucnAiOiI1MDI0MjAxMDE3IiwibmFtZSI6IkpvZWwgTmFwaXR1cHVsdSIsInVzZXJfaWQiOjYsInJvbGVzIjpbInByYWt0aWthbiJdLCJpYXQiOjE3MDQzMDIyOTEsImV4cCI6MTczNTgzODI5MX0.ECxSi3PdNbaN-jCEWxoSl2ZRtOoYxURfP6bXkQpCWUI','2025-01-02 17:18:11','2024-01-03 17:18:11'),(505,6,'eyJhbGciOiJIUzI1NiIsInR5cCI6IkpXVCJ9.eyJucnAiOiI1MDI0MjAxMDE3IiwibmFtZSI6IkpvZWwgTmFwaXR1cHVsdSIsInVzZXJfaWQiOjYsInJvbGVzIjpbInByYWt0aWthbiJdLCJpYXQiOjE3MDQzMDI3NTcsImV4cCI6MTczNTgzODc1N30.qcd70G19tZmd1RWfgxWLeRSTnHwTO-Ncc4bc1kz-ywc','2025-01-02 17:25:57','2024-01-03 17:25:57'),(506,3,'eyJhbGciOiJIUzI1NiIsInR5cCI6IkpXVCJ9.eyJucnAiOiI1MDI0MjAxMDQ2IiwibmFtZSI6IkZhaXNhbCBUaGFyaXEiLCJ1c2VyX2lkIjozLCJyb2xlcyI6WyJwcmFrdGlrYW4iLCJhc2lzdGVuIl0sImlhdCI6MTcwNDMwMjc3MSwiZXhwIjoxNzM1ODM4NzcxfQ.6ff2Xw_4pffiGs0Zrqn1mJmwEF7I5c1pCTxtPqibK3Y','2025-01-02 17:26:11','2024-01-03 17:26:11'),(507,3,'eyJhbGciOiJIUzI1NiIsInR5cCI6IkpXVCJ9.eyJucnAiOiI1MDI0MjAxMDQ2IiwibmFtZSI6IkZhaXNhbCBUaGFyaXEiLCJ1c2VyX2lkIjozLCJyb2xlcyI6WyJwcmFrdGlrYW4iLCJhc2lzdGVuIl0sImlhdCI6MTcwNDMwMzE5NywiZXhwIjoxNzM1ODM5MTk3fQ.YRykHkF9kHryyp1GxA2fj9Vbr1ahtZlRaJiO9WtYbcY','2025-01-02 17:33:17','2024-01-03 17:33:17'),(508,6,'eyJhbGciOiJIUzI1NiIsInR5cCI6IkpXVCJ9.eyJucnAiOiI1MDI0MjAxMDE3IiwibmFtZSI6IkpvZWwgTmFwaXR1cHVsdSIsInVzZXJfaWQiOjYsInJvbGVzIjpbInByYWt0aWthbiJdLCJpYXQiOjE3MDQzMDMyMDcsImV4cCI6MTczNTgzOTIwN30.Hca25L-xGivGrzH7VTmNFavgiXi-EPngjdTIhJQLfbQ','2025-01-02 17:33:27','2024-01-03 17:33:27'),(509,2,'eyJhbGciOiJIUzI1NiIsInR5cCI6IkpXVCJ9.eyJucnAiOiI1MDI0MjAxMDIzIiwibmFtZSI6IkRlc2lhbmEgRml0cmlhIiwidXNlcl9pZCI6Miwicm9sZXMiOlsiYWRtaW4iXSwiaWF0IjoxNzA0MzAzMjQyLCJleHAiOjE3MzU4MzkyNDJ9.APNcMOfiVTKr23fgb5aUNl9IeBJUv2pvRwJtwBsDTpg','2025-01-02 17:34:02','2024-01-03 17:34:02'),(510,2,'eyJhbGciOiJIUzI1NiIsInR5cCI6IkpXVCJ9.eyJucnAiOiI1MDI0MjAxMDIzIiwibmFtZSI6IkRlc2lhbmEgRml0cmlhIiwidXNlcl9pZCI6Miwicm9sZXMiOlsiYWRtaW4iXSwiaWF0IjoxNzA0MzAzMjQ1LCJleHAiOjE3MzU4MzkyNDV9.daFMma6YcsJ3Nes880FN772JsDUSzR0soyVzFlwzJAY','2025-01-02 17:34:05','2024-01-03 17:34:05'),(511,3,'eyJhbGciOiJIUzI1NiIsInR5cCI6IkpXVCJ9.eyJucnAiOiI1MDI0MjAxMDQ2IiwibmFtZSI6IkZhaXNhbCBUaGFyaXEiLCJ1c2VyX2lkIjozLCJyb2xlcyI6WyJwcmFrdGlrYW4iLCJhc2lzdGVuIl0sImlhdCI6MTcwNDMwMzM1MSwiZXhwIjoxNzM1ODM5MzUxfQ.YlaRC8aIKqOJXp3iH_DJjKn_kegWlNudQ-luPUbHdh0','2025-01-02 17:35:51','2024-01-03 17:35:51'),(512,2,'eyJhbGciOiJIUzI1NiIsInR5cCI6IkpXVCJ9.eyJucnAiOiI1MDI0MjAxMDIzIiwibmFtZSI6IkRlc2lhbmEgRml0cmlhIiwidXNlcl9pZCI6Miwicm9sZXMiOlsiYWRtaW4iXSwiaWF0IjoxNzA0MzAzMzYwLCJleHAiOjE3MzU4MzkzNjB9.VgYP9myc1emmdC-KHj_exoZt3tWZhVXyz94XzdIuR6Y','2025-01-02 17:36:00','2024-01-03 17:36:00'),(513,2,'eyJhbGciOiJIUzI1NiIsInR5cCI6IkpXVCJ9.eyJucnAiOiI1MDI0MjAxMDIzIiwibmFtZSI6IkRlc2lhbmEgRml0cmlhIiwidXNlcl9pZCI6Miwicm9sZXMiOlsiYWRtaW4iXSwiaWF0IjoxNzA0MzAzOTk5LCJleHAiOjE3MzU4Mzk5OTl9.p0AauaV-SCiXvgAoPKstIhl8oKUEpbMP8hmLj1Lv5bU','2025-01-02 17:46:39','2024-01-03 17:46:39'),(514,6,'eyJhbGciOiJIUzI1NiIsInR5cCI6IkpXVCJ9.eyJucnAiOiI1MDI0MjAxMDE3IiwibmFtZSI6IkpvZWwgTmFwaXR1cHVsdSIsInVzZXJfaWQiOjYsInJvbGVzIjpbInByYWt0aWthbiJdLCJpYXQiOjE3MDQzMDQxOTksImV4cCI6MTczNTg0MDE5OX0.5u7cFeaIPUCGNosfUVMELjdtjAogo7xvJ_NwkAHMv8I','2025-01-02 17:49:59','2024-01-03 17:49:59'),(515,6,'eyJhbGciOiJIUzI1NiIsInR5cCI6IkpXVCJ9.eyJucnAiOiI1MDI0MjAxMDE3IiwibmFtZSI6IkpvZWwgTmFwaXR1cHVsdSIsInVzZXJfaWQiOjYsInJvbGVzIjpbInByYWt0aWthbiJdLCJpYXQiOjE3MDQzMDQzMzQsImV4cCI6MTczNTg0MDMzNH0.JfOcHW2wNo3e2JO-YfHGLIzwyIkNjSVmt2AvoZG3bgA','2025-01-02 17:52:14','2024-01-03 17:52:14'),(516,2,'eyJhbGciOiJIUzI1NiIsInR5cCI6IkpXVCJ9.eyJucnAiOiI1MDI0MjAxMDIzIiwibmFtZSI6IkRlc2lhbmEgRml0cmlhIiwidXNlcl9pZCI6Miwicm9sZXMiOlsiYWRtaW4iXSwiaWF0IjoxNzA0MzA0MzUyLCJleHAiOjE3MzU4NDAzNTJ9.iAXEkqLlnH5aECeH1uRYniyiRL20JMM44mZA5yP-_3M','2025-01-02 17:52:32','2024-01-03 17:52:32'),(517,2,'eyJhbGciOiJIUzI1NiIsInR5cCI6IkpXVCJ9.eyJucnAiOiI1MDI0MjAxMDIzIiwibmFtZSI6IkRlc2lhbmEgRml0cmlhIiwidXNlcl9pZCI6Miwicm9sZXMiOlsiYWRtaW4iXSwiaWF0IjoxNzA0MzA1MjkwLCJleHAiOjE3MzU4NDEyOTB9.S7q0Eigi9AxaWZPr8j6uTSszZOJ4ohHFzdKT0gU0bBE','2025-01-02 18:08:10','2024-01-03 18:08:10'),(518,6,'eyJhbGciOiJIUzI1NiIsInR5cCI6IkpXVCJ9.eyJucnAiOiI1MDI0MjAxMDE3IiwibmFtZSI6IkpvZWwgTmFwaXR1cHVsdSIsInVzZXJfaWQiOjYsInJvbGVzIjpbInByYWt0aWthbiJdLCJpYXQiOjE3MDQzMDU0NTEsImV4cCI6MTczNTg0MTQ1MX0.TG34DwPmvGzkCmD0u9BoMIGyu7QmqyTJPxxptavpQUE','2025-01-02 18:10:51','2024-01-03 18:10:51'),(519,2,'eyJhbGciOiJIUzI1NiIsInR5cCI6IkpXVCJ9.eyJucnAiOiI1MDI0MjAxMDIzIiwibmFtZSI6IkRlc2lhbmEgRml0cmlhIiwidXNlcl9pZCI6Miwicm9sZXMiOlsiYWRtaW4iXSwiaWF0IjoxNzA0MzA1NTkwLCJleHAiOjE3MzU4NDE1OTB9.hDQlx9onHpVnae_yUqHZh4qvivFI6_COfysAsSOD5s0','2025-01-02 18:13:10','2024-01-03 18:13:10'),(520,6,'eyJhbGciOiJIUzI1NiIsInR5cCI6IkpXVCJ9.eyJucnAiOiI1MDI0MjAxMDE3IiwibmFtZSI6IkpvZWwgTmFwaXR1cHVsdSIsInVzZXJfaWQiOjYsInJvbGVzIjpbInByYWt0aWthbiJdLCJpYXQiOjE3MDQzMDU3OTcsImV4cCI6MTczNTg0MTc5N30.zLZ-rNfLv4tMwMiN9GDG_FZYvYYsH--LcKHgSV-iKvw','2025-01-02 18:16:37','2024-01-03 18:16:37'),(521,6,'eyJhbGciOiJIUzI1NiIsInR5cCI6IkpXVCJ9.eyJucnAiOiI1MDI0MjAxMDE3IiwibmFtZSI6IkpvZWwgTmFwaXR1cHVsdSIsInVzZXJfaWQiOjYsInJvbGVzIjpbInByYWt0aWthbiJdLCJpYXQiOjE3MDQzMDYwODcsImV4cCI6MTczNTg0MjA4N30.11F6BQfpoAtGcAgoIaLy25zYvC-8NoTunOkbdSyRyCs','2025-01-02 18:21:27','2024-01-03 18:21:27'),(522,2,'eyJhbGciOiJIUzI1NiIsInR5cCI6IkpXVCJ9.eyJucnAiOiI1MDI0MjAxMDIzIiwibmFtZSI6IkRlc2lhbmEgRml0cmlhIiwidXNlcl9pZCI6Miwicm9sZXMiOlsiYWRtaW4iXSwiaWF0IjoxNzA0MzA2Mzc0LCJleHAiOjE3MzU4NDIzNzR9.xdcqp1Xx6cfPG81LR84NFvIugl4k4Gz2sMRfKGNcz6c','2025-01-02 18:26:14','2024-01-03 18:26:14'),(523,2,'eyJhbGciOiJIUzI1NiIsInR5cCI6IkpXVCJ9.eyJucnAiOiI1MDI0MjAxMDIzIiwibmFtZSI6IkRlc2lhbmEgRml0cmlhIiwidXNlcl9pZCI6Miwicm9sZXMiOlsiYWRtaW4iXSwiaWF0IjoxNzA0MzA2NTk3LCJleHAiOjE3MzU4NDI1OTd9.FrwUBGPEgL22o92zMX_ng0PJyCt4PP5pqEszdgMbYB4','2025-01-02 18:29:57','2024-01-03 18:29:57'),(524,6,'eyJhbGciOiJIUzI1NiIsInR5cCI6IkpXVCJ9.eyJucnAiOiI1MDI0MjAxMDE3IiwibmFtZSI6IkpvZWwgTmFwaXR1cHVsdSIsInVzZXJfaWQiOjYsInJvbGVzIjpbInByYWt0aWthbiJdLCJpYXQiOjE3MDQzMDY5NTYsImV4cCI6MTczNTg0Mjk1Nn0.5Y4vP_lcKokGdeTDJFhRXKV_dN2o0eX1z_aZ3ykQIww','2025-01-02 18:35:56','2024-01-03 18:35:56'),(525,2,'eyJhbGciOiJIUzI1NiIsInR5cCI6IkpXVCJ9.eyJucnAiOiI1MDI0MjAxMDIzIiwibmFtZSI6IkRlc2lhbmEgRml0cmlhIiwidXNlcl9pZCI6Miwicm9sZXMiOlsiYWRtaW4iXSwiaWF0IjoxNzA0MzA3MDgwLCJleHAiOjE3MzU4NDMwODB9.ZWxAVtwKmdVExE8fpuFIYQWmk6bCrXxMihAWyBG0-lU','2025-01-02 18:38:00','2024-01-03 18:38:00'),(526,6,'eyJhbGciOiJIUzI1NiIsInR5cCI6IkpXVCJ9.eyJucnAiOiI1MDI0MjAxMDE3IiwibmFtZSI6IkpvZWwgTmFwaXR1cHVsdSIsInVzZXJfaWQiOjYsInJvbGVzIjpbInByYWt0aWthbiJdLCJpYXQiOjE3MDQzMDcyMzksImV4cCI6MTczNTg0MzIzOX0.7HVVpTrThKsnjTjmo4BPokWUfRvnTdpKzJMVMHakmkM','2025-01-02 18:40:39','2024-01-03 18:40:39'),(527,3,'eyJhbGciOiJIUzI1NiIsInR5cCI6IkpXVCJ9.eyJucnAiOiI1MDI0MjAxMDQ2IiwibmFtZSI6IkZhaXNhbCBUaGFyaXEiLCJ1c2VyX2lkIjozLCJyb2xlcyI6WyJwcmFrdGlrYW4iLCJhc2lzdGVuIl0sImlhdCI6MTcwNDMwNzI5MiwiZXhwIjoxNzM1ODQzMjkyfQ.wUnBCwtHPW6LmzuTG9pdppvnWB7bzDvXndxsTb5akO0','2025-01-02 18:41:32','2024-01-03 18:41:32'),(528,3,'eyJhbGciOiJIUzI1NiIsInR5cCI6IkpXVCJ9.eyJucnAiOiI1MDI0MjAxMDQ2IiwibmFtZSI6IkZhaXNhbCBUaGFyaXEiLCJ1c2VyX2lkIjozLCJyb2xlcyI6WyJwcmFrdGlrYW4iLCJhc2lzdGVuIl0sImlhdCI6MTcwNDMwNzU3OSwiZXhwIjoxNzM1ODQzNTc5fQ.3be2T-y7xAFDD1XME1i8rvhjqdsKr4QlivWb5iQeOz8','2025-01-02 18:46:19','2024-01-03 18:46:19'),(529,2,'eyJhbGciOiJIUzI1NiIsInR5cCI6IkpXVCJ9.eyJucnAiOiI1MDI0MjAxMDIzIiwibmFtZSI6IkRlc2lhbmEgRml0cmlhIiwidXNlcl9pZCI6Miwicm9sZXMiOlsiYWRtaW4iXSwiaWF0IjoxNzA0MzA3ODE2LCJleHAiOjE3MzU4NDM4MTZ9.aqYX2zqYbM6o4y1u0st0onxIsWJkGRvzrNFV_Hr2Ihc','2025-01-02 18:50:16','2024-01-03 18:50:16'),(530,3,'eyJhbGciOiJIUzI1NiIsInR5cCI6IkpXVCJ9.eyJucnAiOiI1MDI0MjAxMDQ2IiwibmFtZSI6IkZhaXNhbCBUaGFyaXEiLCJ1c2VyX2lkIjozLCJyb2xlcyI6WyJwcmFrdGlrYW4iLCJhc2lzdGVuIl0sImlhdCI6MTcwNDMwODAzMCwiZXhwIjoxNzM1ODQ0MDMwfQ.LGNP3t8dwYIWgAVT-aQo9IxZVf3jl2nal32H1NcGpZY','2025-01-02 18:53:50','2024-01-03 18:53:50'),(531,2,'eyJhbGciOiJIUzI1NiIsInR5cCI6IkpXVCJ9.eyJucnAiOiI1MDI0MjAxMDIzIiwibmFtZSI6IkRlc2lhbmEgRml0cmlhIiwidXNlcl9pZCI6Miwicm9sZXMiOlsiYWRtaW4iXSwiaWF0IjoxNzA0MzA4MDQ0LCJleHAiOjE3MzU4NDQwNDR9.LnlSOdnGE3Tc3-4-riccI0sWq061-mLlACTtCXbwSNA','2025-01-02 18:54:04','2024-01-03 18:54:04'),(532,6,'eyJhbGciOiJIUzI1NiIsInR5cCI6IkpXVCJ9.eyJucnAiOiI1MDI0MjAxMDE3IiwibmFtZSI6IkpvZWwgTmFwaXR1cHVsdSIsInVzZXJfaWQiOjYsInJvbGVzIjpbInByYWt0aWthbiJdLCJpYXQiOjE3MDQzMDgzODAsImV4cCI6MTczNTg0NDM4MH0.qsW7R9t3PLb0MSKJATiyLcOy3y5j-y9jw_lt15iY-VM','2025-01-02 18:59:40','2024-01-03 18:59:40'),(533,2,'eyJhbGciOiJIUzI1NiIsInR5cCI6IkpXVCJ9.eyJucnAiOiI1MDI0MjAxMDIzIiwibmFtZSI6IkRlc2lhbmEgRml0cmlhIiwidXNlcl9pZCI6Miwicm9sZXMiOlsiYWRtaW4iXSwiaWF0IjoxNzA0MzA4NjYzLCJleHAiOjE3MzU4NDQ2NjN9.zNLWsRBpNBUmcEdeZ7PHtpVdo2aE-Uz5O4328I9Zjd0','2025-01-02 19:04:23','2024-01-03 19:04:23'),(534,2,'eyJhbGciOiJIUzI1NiIsInR5cCI6IkpXVCJ9.eyJucnAiOiI1MDI0MjAxMDIzIiwibmFtZSI6IkRlc2lhbmEgRml0cmlhIiwidXNlcl9pZCI6Miwicm9sZXMiOlsiYWRtaW4iXSwiaWF0IjoxNzA0MzA5MjcwLCJleHAiOjE3MzU4NDUyNzB9.-s1BRZ1Og-L3Bi4bWWr6LBdkgaP_ZkTSuxjxFDlfl_c','2025-01-02 19:14:30','2024-01-03 19:14:30'),(535,3,'eyJhbGciOiJIUzI1NiIsInR5cCI6IkpXVCJ9.eyJucnAiOiI1MDI0MjAxMDQ2IiwibmFtZSI6IkZhaXNhbCBUaGFyaXEiLCJ1c2VyX2lkIjozLCJyb2xlcyI6WyJwcmFrdGlrYW4iLCJhc2lzdGVuIl0sImlhdCI6MTcwNDMwOTc4NywiZXhwIjoxNzM1ODQ1Nzg3fQ.OAqJ08Daa01I-rsrDK-nhPtytIaqPO6l1dojaCEDYG8','2025-01-02 19:23:07','2024-01-03 19:23:07'),(536,6,'eyJhbGciOiJIUzI1NiIsInR5cCI6IkpXVCJ9.eyJucnAiOiI1MDI0MjAxMDE3IiwibmFtZSI6IkpvZWwgTmFwaXR1cHVsdSIsInVzZXJfaWQiOjYsInJvbGVzIjpbInByYWt0aWthbiJdLCJpYXQiOjE3MDQzMDk4NzIsImV4cCI6MTczNTg0NTg3Mn0.gSCFeyohVDtfHvr9LgZ94HUV9wWFp49fUGO8bDgAVDI','2025-01-02 19:24:32','2024-01-03 19:24:32'),(537,2,'eyJhbGciOiJIUzI1NiIsInR5cCI6IkpXVCJ9.eyJucnAiOiI1MDI0MjAxMDIzIiwibmFtZSI6IkRlc2lhbmEgRml0cmlhIiwidXNlcl9pZCI6Miwicm9sZXMiOlsiYWRtaW4iXSwiaWF0IjoxNzA0MzA5ODg0LCJleHAiOjE3MzU4NDU4ODR9.BVwW4HJ7gIFrGUQJc7MEcfwn_pc1p-T3icfdASn2ics','2025-01-02 19:24:44','2024-01-03 19:24:44'),(538,3,'eyJhbGciOiJIUzI1NiIsInR5cCI6IkpXVCJ9.eyJucnAiOiI1MDI0MjAxMDQ2IiwibmFtZSI6IkZhaXNhbCBUaGFyaXEiLCJ1c2VyX2lkIjozLCJyb2xlcyI6WyJwcmFrdGlrYW4iLCJhc2lzdGVuIl0sImlhdCI6MTcwNDMxMjQxNywiZXhwIjoxNzM1ODQ4NDE3fQ.-XBdxdSSIYcACEcBmMmbF-iOgGhefEOm4EckMZYV_NQ','2025-01-02 20:06:57','2024-01-03 20:06:57'),(539,2,'eyJhbGciOiJIUzI1NiIsInR5cCI6IkpXVCJ9.eyJucnAiOiI1MDI0MjAxMDIzIiwibmFtZSI6IkRlc2lhbmEgRml0cmlhIiwidXNlcl9pZCI6Miwicm9sZXMiOlsiYWRtaW4iXSwiaWF0IjoxNzA0MzEyNjkxLCJleHAiOjE3MzU4NDg2OTF9.Xd8TIQgZ1c_ZcJU_82WzVEjcFCB2zEvGd5oBAltt7xY','2025-01-02 20:11:31','2024-01-03 20:11:31'),(540,6,'eyJhbGciOiJIUzI1NiIsInR5cCI6IkpXVCJ9.eyJucnAiOiI1MDI0MjAxMDE3IiwibmFtZSI6IkpvZWwgTmFwaXR1cHVsdSIsInVzZXJfaWQiOjYsInJvbGVzIjpbInByYWt0aWthbiJdLCJpYXQiOjE3MDQzMTI5MTAsImV4cCI6MTczNTg0ODkxMH0.UJfiHaxDBsn2Lu-3gmMsI1zraB8MOg_QnDLy7vse1Kc','2025-01-02 20:15:10','2024-01-03 20:15:10'),(541,2,'eyJhbGciOiJIUzI1NiIsInR5cCI6IkpXVCJ9.eyJucnAiOiI1MDI0MjAxMDIzIiwibmFtZSI6IkRlc2lhbmEgRml0cmlhIiwidXNlcl9pZCI6Miwicm9sZXMiOlsiYWRtaW4iXSwiaWF0IjoxNzA0MzEzNTEwLCJleHAiOjE3MzU4NDk1MTB9.BOYEN_AXsH-mLNebSshaZWlgZkB2ESk6FLy5urDcTQ0','2025-01-02 20:25:10','2024-01-03 20:25:10'),(542,2,'eyJhbGciOiJIUzI1NiIsInR5cCI6IkpXVCJ9.eyJucnAiOiI1MDI0MjAxMDIzIiwibmFtZSI6IkRlc2lhbmEgRml0cmlhIiwidXNlcl9pZCI6Miwicm9sZXMiOlsiYWRtaW4iXSwiaWF0IjoxNzA0MzE0NDQzLCJleHAiOjE3MzU4NTA0NDN9.hq9qNYJdJQyIHHm7ddfwUWyH-2_UFs7KR9S4Qf4K4Vg','2025-01-02 20:40:43','2024-01-03 20:40:43'),(543,2,'eyJhbGciOiJIUzI1NiIsInR5cCI6IkpXVCJ9.eyJucnAiOiI1MDI0MjAxMDIzIiwibmFtZSI6IkRlc2lhbmEgRml0cmlhIiwidXNlcl9pZCI6Miwicm9sZXMiOlsiYWRtaW4iXSwiaWF0IjoxNzA0MzE0ODA3LCJleHAiOjE3MzU4NTA4MDd9.2ToQvvT_kIAmXJCSFAAceEs1DN1u7qzD5G-glmvmGGE','2025-01-02 20:46:47','2024-01-03 20:46:47'),(544,6,'eyJhbGciOiJIUzI1NiIsInR5cCI6IkpXVCJ9.eyJucnAiOiI1MDI0MjAxMDE3IiwibmFtZSI6IkpvZWwgTmFwaXR1cHVsdSIsInVzZXJfaWQiOjYsInJvbGVzIjpbInByYWt0aWthbiJdLCJpYXQiOjE3MDQzMTQ4OTcsImV4cCI6MTczNTg1MDg5N30.Hqxe25rdjbA2PrrwmaMmx_YsN9NkZXwCbd2o0g_iWqs','2025-01-02 20:48:17','2024-01-03 20:48:17'),(545,3,'eyJhbGciOiJIUzI1NiIsInR5cCI6IkpXVCJ9.eyJucnAiOiI1MDI0MjAxMDQ2IiwibmFtZSI6IkZhaXNhbCBUaGFyaXEiLCJ1c2VyX2lkIjozLCJyb2xlcyI6WyJwcmFrdGlrYW4iLCJhc2lzdGVuIl0sImlhdCI6MTcwNDMxNTA5NywiZXhwIjoxNzM1ODUxMDk3fQ.2d6TlFeE8uMPU42KJBNmmsD0mNCf5r6xfNuRe1dgPhA','2025-01-02 20:51:37','2024-01-03 20:51:37'),(546,6,'eyJhbGciOiJIUzI1NiIsInR5cCI6IkpXVCJ9.eyJucnAiOiI1MDI0MjAxMDE3IiwibmFtZSI6IkpvZWwgTmFwaXR1cHVsdSIsInVzZXJfaWQiOjYsInJvbGVzIjpbInByYWt0aWthbiJdLCJpYXQiOjE3MDQzMTUxNzgsImV4cCI6MTczNTg1MTE3OH0._GbyQ458SNN6NbSm_TV0xBljQ4ll8smYqfyDw_U0zUc','2025-01-02 20:52:58','2024-01-03 20:52:58'),(547,2,'eyJhbGciOiJIUzI1NiIsInR5cCI6IkpXVCJ9.eyJucnAiOiI1MDI0MjAxMDIzIiwibmFtZSI6IkRlc2lhbmEgRml0cmlhIiwidXNlcl9pZCI6Miwicm9sZXMiOlsiYWRtaW4iXSwiaWF0IjoxNzA0MzE1MjI2LCJleHAiOjE3MzU4NTEyMjZ9.qsGyM0aFVbKnN9RJo06G8nsp2H18uAkMoKwYi5p4oRs','2025-01-02 20:53:46','2024-01-03 20:53:46'),(548,3,'eyJhbGciOiJIUzI1NiIsInR5cCI6IkpXVCJ9.eyJucnAiOiI1MDI0MjAxMDQ2IiwibmFtZSI6IkZhaXNhbCBUaGFyaXEiLCJ1c2VyX2lkIjozLCJyb2xlcyI6WyJwcmFrdGlrYW4iLCJhc2lzdGVuIl0sImlhdCI6MTcwNDMxNTgwNSwiZXhwIjoxNzM1ODUxODA1fQ.E00_75Ddb_zArNFO049fD1rieatsWtYXK31UNJf4lpA','2025-01-02 21:03:25','2024-01-03 21:03:25'),(549,2,'eyJhbGciOiJIUzI1NiIsInR5cCI6IkpXVCJ9.eyJucnAiOiI1MDI0MjAxMDIzIiwibmFtZSI6IkRlc2lhbmEgRml0cmlhIiwidXNlcl9pZCI6Miwicm9sZXMiOlsiYWRtaW4iXSwiaWF0IjoxNzA0MzE1ODIyLCJleHAiOjE3MzU4NTE4MjJ9.yj-ZSbFJ6lZknzGv-AzP1kF3K9M1OcNvVPbsz6SEb9w','2025-01-02 21:03:42','2024-01-03 21:03:42'),(550,2,'eyJhbGciOiJIUzI1NiIsInR5cCI6IkpXVCJ9.eyJucnAiOiI1MDI0MjAxMDIzIiwibmFtZSI6IkRlc2lhbmEgRml0cmlhIiwidXNlcl9pZCI6Miwicm9sZXMiOlsiYWRtaW4iXSwiaWF0IjoxNzA0MzE2MTAxLCJleHAiOjE3MzU4NTIxMDF9.im6T5ZqyKnWDiPm0D1gDuR2weGdNgwL6al3n8lUMR7I','2025-01-02 21:08:21','2024-01-03 21:08:21'),(551,6,'eyJhbGciOiJIUzI1NiIsInR5cCI6IkpXVCJ9.eyJucnAiOiI1MDI0MjAxMDE3IiwibmFtZSI6IkpvZWwgTmFwaXR1cHVsdSIsInVzZXJfaWQiOjYsInJvbGVzIjpbInByYWt0aWthbiJdLCJpYXQiOjE3MDQzMTYxMTYsImV4cCI6MTczNTg1MjExNn0.0uZKnChSkgnGdfh216TKPhoGmUe1lpo2IWXIHyU5Pvg','2025-01-02 21:08:36','2024-01-03 21:08:36'),(552,3,'eyJhbGciOiJIUzI1NiIsInR5cCI6IkpXVCJ9.eyJucnAiOiI1MDI0MjAxMDQ2IiwibmFtZSI6IkZhaXNhbCBUaGFyaXEiLCJ1c2VyX2lkIjozLCJyb2xlcyI6WyJwcmFrdGlrYW4iLCJhc2lzdGVuIl0sImlhdCI6MTcwNDMxNjQyMywiZXhwIjoxNzM1ODUyNDIzfQ.niMLG_qsKEjQWwIc5yyuS7IrJk--7zvrqC9c_7fvpv8','2025-01-02 21:13:43','2024-01-03 21:13:43'),(553,2,'eyJhbGciOiJIUzI1NiIsInR5cCI6IkpXVCJ9.eyJucnAiOiI1MDI0MjAxMDIzIiwibmFtZSI6IkRlc2lhbmEgRml0cmlhIiwidXNlcl9pZCI6Miwicm9sZXMiOlsiYWRtaW4iXSwiaWF0IjoxNzA0MzE2NjI2LCJleHAiOjE3MzU4NTI2MjZ9.6ldCtFe24eRObQvaGqo7H1NCJVTBZ-Xlk2QifhMxS4I','2025-01-02 21:17:06','2024-01-03 21:17:06'),(554,6,'eyJhbGciOiJIUzI1NiIsInR5cCI6IkpXVCJ9.eyJucnAiOiI1MDI0MjAxMDE3IiwibmFtZSI6IkpvZWwgTmFwaXR1cHVsdSIsInVzZXJfaWQiOjYsInJvbGVzIjpbInByYWt0aWthbiJdLCJpYXQiOjE3MDQzMTY4MTAsImV4cCI6MTczNTg1MjgxMH0.jxlp737FWZifdtQ1a2dYKODUrySCJUtwLfM8Q-gjrbg','2025-01-02 21:20:10','2024-01-03 21:20:10'),(555,3,'eyJhbGciOiJIUzI1NiIsInR5cCI6IkpXVCJ9.eyJucnAiOiI1MDI0MjAxMDQ2IiwibmFtZSI6IkZhaXNhbCBUaGFyaXEiLCJ1c2VyX2lkIjozLCJyb2xlcyI6WyJwcmFrdGlrYW4iLCJhc2lzdGVuIl0sImlhdCI6MTcwNDMxNzE1MCwiZXhwIjoxNzM1ODUzMTUwfQ.5VvKZVOpF2wn1DkrTfOm6Vh2U6WWlLJPGnjVLLlVonE','2025-01-02 21:25:50','2024-01-03 21:25:50'),(556,2,'eyJhbGciOiJIUzI1NiIsInR5cCI6IkpXVCJ9.eyJucnAiOiI1MDI0MjAxMDIzIiwibmFtZSI6IkRlc2lhbmEgRml0cmlhIiwidXNlcl9pZCI6Miwicm9sZXMiOlsiYWRtaW4iXSwiaWF0IjoxNzA0MzE3MzcxLCJleHAiOjE3MzU4NTMzNzF9.DVcwXDfTi2CR717aOTQ_jGFKNyOmK0E0_VbZmgnHMLY','2025-01-02 21:29:31','2024-01-03 21:29:31'),(557,3,'eyJhbGciOiJIUzI1NiIsInR5cCI6IkpXVCJ9.eyJucnAiOiI1MDI0MjAxMDQ2IiwibmFtZSI6IkZhaXNhbCBUaGFyaXEiLCJ1c2VyX2lkIjozLCJyb2xlcyI6WyJwcmFrdGlrYW4iLCJhc2lzdGVuIl0sImlhdCI6MTcwNDMxNzM4NCwiZXhwIjoxNzM1ODUzMzg0fQ.8cUPnn6FrJU5Y5kwLApnwbHJS6a_y_utAseEBTAP_vE','2025-01-02 21:29:44','2024-01-03 21:29:44'),(558,6,'eyJhbGciOiJIUzI1NiIsInR5cCI6IkpXVCJ9.eyJucnAiOiI1MDI0MjAxMDE3IiwibmFtZSI6IkpvZWwgTmFwaXR1cHVsdSIsInVzZXJfaWQiOjYsInJvbGVzIjpbInByYWt0aWthbiJdLCJpYXQiOjE3MDQzMTczOTksImV4cCI6MTczNTg1MzM5OX0.Cwg34XpN6s4F9zSAF4teJShi65ZLVhPphLkvY5FARKQ','2025-01-02 21:29:59','2024-01-03 21:29:59'),(559,2,'eyJhbGciOiJIUzI1NiIsInR5cCI6IkpXVCJ9.eyJucnAiOiI1MDI0MjAxMDIzIiwibmFtZSI6IkRlc2lhbmEgRml0cmlhIiwidXNlcl9pZCI6Miwicm9sZXMiOlsiYWRtaW4iXSwiaWF0IjoxNzA0MzQ4MjIyLCJleHAiOjE3MzU4ODQyMjJ9.0FBn93xmPhavkgmtyrYHD2MFlVW_FGE-fN3z9PmuvHI','2025-01-03 06:03:42','2024-01-04 06:03:42'),(560,2,'eyJhbGciOiJIUzI1NiIsInR5cCI6IkpXVCJ9.eyJucnAiOiI1MDI0MjAxMDIzIiwibmFtZSI6IkRlc2lhbmEgRml0cmlhIiwidXNlcl9pZCI6Miwicm9sZXMiOlsiYWRtaW4iXSwiaWF0IjoxNzA0MzY5MTgyLCJleHAiOjE3MzU5MDUxODJ9.7GGx-2j2bpDC5LPnZImgmECC6M8akUcsIx778XM6MUY','2025-01-03 11:53:02','2024-01-04 11:53:02'),(561,6,'eyJhbGciOiJIUzI1NiIsInR5cCI6IkpXVCJ9.eyJucnAiOiI1MDI0MjAxMDE3IiwibmFtZSI6IkpvZWwgTmFwaXR1cHVsdSIsInVzZXJfaWQiOjYsInJvbGVzIjpbInByYWt0aWthbiJdLCJpYXQiOjE3MDQzNjkyODIsImV4cCI6MTczNTkwNTI4Mn0.rHfef0TGBvUMcH3Z3uGrMOlIxDg33iZXuU60WDUDFyY','2025-01-03 11:54:42','2024-01-04 11:54:42'),(562,18,'eyJhbGciOiJIUzI1NiIsInR5cCI6IkpXVCJ9.eyJucnAiOiI1MDI0MjAxMDAxIiwibmFtZSI6ImFubmFzIiwidXNlcl9pZCI6MTgsInJvbGVzIjpbInByYWt0aWthbiJdLCJpYXQiOjE3MDQzNzA5NjMsImV4cCI6MTczNTkwNjk2M30.WPMRP4F-O7WAwbH32pAPEipWj4aZdkafd_kTIlsasbQ','2025-01-03 12:22:43','2024-01-04 12:22:43'),(563,2,'eyJhbGciOiJIUzI1NiIsInR5cCI6IkpXVCJ9.eyJucnAiOiI1MDI0MjAxMDIzIiwibmFtZSI6IkRlc2lhbmEgRml0cmlhIiwidXNlcl9pZCI6Miwicm9sZXMiOlsiYWRtaW4iXSwiaWF0IjoxNzA0MzcwOTgwLCJleHAiOjE3MzU5MDY5ODB9.K_ZNUHmG82ykt_J2yySZYOrW5nlQY0dvVwkL5e6KfLc','2025-01-03 12:23:00','2024-01-04 12:23:00'),(564,2,'eyJhbGciOiJIUzI1NiIsInR5cCI6IkpXVCJ9.eyJucnAiOiI1MDI0MjAxMDIzIiwibmFtZSI6IkRlc2lhbmEgRml0cmlhIiwidXNlcl9pZCI6Miwicm9sZXMiOlsiYWRtaW4iXSwiaWF0IjoxNzA0MzcwOTgyLCJleHAiOjE3MzU5MDY5ODJ9.7OqpZ0FQs6Qq6XAXx-cQ1wdHrZtuZApU-e11s3GIjro','2025-01-03 12:23:02','2024-01-04 12:23:02'),(565,18,'eyJhbGciOiJIUzI1NiIsInR5cCI6IkpXVCJ9.eyJucnAiOiI1MDI0MjAxMDAxIiwibmFtZSI6ImFubmFzIiwidXNlcl9pZCI6MTgsInJvbGVzIjpbInByYWt0aWthbiIsImFzaXN0ZW4iXSwiaWF0IjoxNzA0MzcxMDE3LCJleHAiOjE3MzU5MDcwMTd9.hVO4lpRGntZ9mr4-qOoOc0bkvItTDwgoSTVpYDzTzIM','2025-01-03 12:23:37','2024-01-04 12:23:37'),(566,2,'eyJhbGciOiJIUzI1NiIsInR5cCI6IkpXVCJ9.eyJucnAiOiI1MDI0MjAxMDIzIiwibmFtZSI6IkRlc2lhbmEgRml0cmlhIiwidXNlcl9pZCI6Miwicm9sZXMiOlsiYWRtaW4iXSwiaWF0IjoxNzA0MzcxOTY1LCJleHAiOjE3MzU5MDc5NjV9.HmD4_OfLsHT9KZq9Z3G9HV-2MXrXtummMwltsjoooA4','2025-01-03 12:39:25','2024-01-04 12:39:25'),(567,3,'eyJhbGciOiJIUzI1NiIsInR5cCI6IkpXVCJ9.eyJucnAiOiI1MDI0MjAxMDQ2IiwibmFtZSI6IkZhaXNhbCBUaGFyaXEiLCJ1c2VyX2lkIjozLCJyb2xlcyI6WyJwcmFrdGlrYW4iLCJhc2lzdGVuIl0sImlhdCI6MTcwNDM3MjE3MywiZXhwIjoxNzM1OTA4MTczfQ.jTJYmkWn7bKUihrZvLrIPUlqa0o99A29-ENZ-PhMQus','2025-01-03 12:42:53','2024-01-04 12:42:53'),(568,2,'eyJhbGciOiJIUzI1NiIsInR5cCI6IkpXVCJ9.eyJucnAiOiI1MDI0MjAxMDIzIiwibmFtZSI6IkRlc2lhbmEgRml0cmlhIiwidXNlcl9pZCI6Miwicm9sZXMiOlsiYWRtaW4iXSwiaWF0IjoxNzA0NDI5NzEyLCJleHAiOjE3MzU5NjU3MTJ9.ufXCmHln_arFG1IRFUkQg99IhGlPJ_DlzmmYo37yv3Y','2025-01-04 04:41:52','2024-01-05 04:41:52'),(569,6,'eyJhbGciOiJIUzI1NiIsInR5cCI6IkpXVCJ9.eyJucnAiOiI1MDI0MjAxMDE3IiwibmFtZSI6IkpvZWwgTmFwaXR1cHVsdSIsInVzZXJfaWQiOjYsInJvbGVzIjpbInByYWt0aWthbiJdLCJpYXQiOjE3MDQ0MzIzNTYsImV4cCI6MTczNTk2ODM1Nn0.pitI7qcAXcFbS1FaS2gQDlWDHEfV3jGg3G1eL7780X4','2025-01-04 05:25:56','2024-01-05 05:25:56'),(570,2,'eyJhbGciOiJIUzI1NiIsInR5cCI6IkpXVCJ9.eyJucnAiOiI1MDI0MjAxMDIzIiwibmFtZSI6IkRlc2lhbmEgRml0cmlhIiwidXNlcl9pZCI6Miwicm9sZXMiOlsiYWRtaW4iXSwiaWF0IjoxNzA0NDM1MTQ0LCJleHAiOjE3MzU5NzExNDR9.f4ivoo0quGw10fpCIhMXj7FU_dCDzovkvQ_lP7hEQ4w','2025-01-04 06:12:24','2024-01-05 06:12:24'),(571,2,'eyJhbGciOiJIUzI1NiIsInR5cCI6IkpXVCJ9.eyJucnAiOiI1MDI0MjAxMDIzIiwibmFtZSI6IkRlc2lhbmEgRml0cmlhIiwidXNlcl9pZCI6Miwicm9sZXMiOlsiYWRtaW4iXSwiaWF0IjoxNzA0NDM1NjcxLCJleHAiOjE3MzU5NzE2NzF9.Dg5EN0mgsGSMDCNCx3zBjBhm8WmzrVXgCRBjXRoxptA','2025-01-04 06:21:11','2024-01-05 06:21:11'),(572,7,'eyJhbGciOiJIUzI1NiIsInR5cCI6IkpXVCJ9.eyJucnAiOiI1MDIyMjIxMDAxIiwibmFtZSI6ImNvYmExIiwidXNlcl9pZCI6Nywicm9sZXMiOlsicHJha3Rpa2FuIiwiZG9zZW4iXSwiaWF0IjoxNzA0NDM1NzE2LCJleHAiOjE3MzU5NzE3MTZ9.Emyd_LgAnnJn9NDnHfzdjuaD6dMhC4YikPhVno_smkE','2025-01-04 06:21:56','2024-01-05 06:21:56'),(573,7,'eyJhbGciOiJIUzI1NiIsInR5cCI6IkpXVCJ9.eyJucnAiOiI1MDIyMjIxMDAxIiwibmFtZSI6ImNvYmExIiwidXNlcl9pZCI6Nywicm9sZXMiOlsicHJha3Rpa2FuIiwiZG9zZW4iXSwiaWF0IjoxNzA0NDM2NzkyLCJleHAiOjE3MzU5NzI3OTJ9.4fAgZeV-j7u9CESq_ENFLBzS4g0UcoInj_o2NtMEUTA','2025-01-04 06:39:52','2024-01-05 06:39:52'),(574,7,'eyJhbGciOiJIUzI1NiIsInR5cCI6IkpXVCJ9.eyJucnAiOiI1MDIyMjIxMDAxIiwibmFtZSI6ImNvYmExIiwidXNlcl9pZCI6Nywicm9sZXMiOlsicHJha3Rpa2FuIiwiZG9zZW4iXSwiaWF0IjoxNzA0NDM2ODQxLCJleHAiOjE3MzU5NzI4NDF9.I6FPE5bW29UaZP1BnwVW3--HWBCPr1aoJgpYPbbnwzs','2025-01-04 06:40:41','2024-01-05 06:40:41'),(575,6,'eyJhbGciOiJIUzI1NiIsInR5cCI6IkpXVCJ9.eyJucnAiOiI1MDI0MjAxMDE3IiwibmFtZSI6IkpvZWwgTmFwaXR1cHVsdSIsInVzZXJfaWQiOjYsInJvbGVzIjpbInByYWt0aWthbiJdLCJpYXQiOjE3MDQ0MzY4NjMsImV4cCI6MTczNTk3Mjg2M30.sK1NpZEnatE9a6dNSagbdfC8QSWeNBBTeZRDoc4fxDI','2025-01-04 06:41:03','2024-01-05 06:41:03'),(576,7,'eyJhbGciOiJIUzI1NiIsInR5cCI6IkpXVCJ9.eyJucnAiOiI1MDIyMjIxMDAxIiwibmFtZSI6ImNvYmExIiwidXNlcl9pZCI6Nywicm9sZXMiOlsicHJha3Rpa2FuIiwiZG9zZW4iXSwiaWF0IjoxNzA0NDM2ODc3LCJleHAiOjE3MzU5NzI4Nzd9.qefsFem3NqqN4xqeHCn1VaiLIgWzyTNZlZp1zH9zyM4','2025-01-04 06:41:17','2024-01-05 06:41:17'),(577,7,'eyJhbGciOiJIUzI1NiIsInR5cCI6IkpXVCJ9.eyJucnAiOiI1MDIyMjIxMDAxIiwibmFtZSI6ImNvYmExIiwidXNlcl9pZCI6Nywicm9sZXMiOlsicHJha3Rpa2FuIiwiZG9zZW4iXSwiaWF0IjoxNzA0NDM3MDIwLCJleHAiOjE3MzU5NzMwMjB9.ZjUSWwxJnBZuXEWHx5yOCV_o_WknXaVmz0CXC6H7A7c','2025-01-04 06:43:40','2024-01-05 06:43:40'),(578,7,'eyJhbGciOiJIUzI1NiIsInR5cCI6IkpXVCJ9.eyJucnAiOiI1MDIyMjIxMDAxIiwibmFtZSI6ImNvYmExIiwidXNlcl9pZCI6Nywicm9sZXMiOlsicHJha3Rpa2FuIiwiZG9zZW4iXSwiaWF0IjoxNzA0NDM3MTAxLCJleHAiOjE3MzU5NzMxMDF9.WTTK0Rs2mpbQ7YgrnRGwBOEXXHVnjiDFIlzJ6zqtQRM','2025-01-04 06:45:01','2024-01-05 06:45:01'),(579,19,'eyJhbGciOiJIUzI1NiIsInR5cCI6IkpXVCJ9.eyJucnAiOiIxOTQ1MDgxNzAwIiwibmFtZSI6IkRvc2VuIiwidXNlcl9pZCI6MTksInJvbGVzIjpbImRvc2VuIl0sImlhdCI6MTcwNDQzNzQ5MywiZXhwIjoxNzM1OTczNDkzfQ.nMcAXzbjXU1EzT3ejQZsEoYFicW9hVMiq7Jxu0QK9jw','2025-01-04 06:51:33','2024-01-05 06:51:33'),(580,2,'eyJhbGciOiJIUzI1NiIsInR5cCI6IkpXVCJ9.eyJucnAiOiI1MDI0MjAxMDIzIiwibmFtZSI6IkRlc2lhbmEgRml0cmlhIiwidXNlcl9pZCI6Miwicm9sZXMiOlsiYWRtaW4iXSwiaWF0IjoxNzA0NDM4OTgwLCJleHAiOjE3MzU5NzQ5ODB9.ZkHG581eh3QQEckmT0LCUskcKuG2FxDU2eKIGEH1Lns','2025-01-04 07:16:20','2024-01-05 07:16:20'),(581,19,'eyJhbGciOiJIUzI1NiIsInR5cCI6IkpXVCJ9.eyJucnAiOiIxOTQ1MDgxNzAwIiwibmFtZSI6IkRvc2VuIiwidXNlcl9pZCI6MTksInJvbGVzIjpbImRvc2VuIl0sImlhdCI6MTcwNDQzODk5NSwiZXhwIjoxNzM1OTc0OTk1fQ.5tziC1-2rsjBmj7HUTuuFFv27fDDPSdHLg-NJgkZNJA','2025-01-04 07:16:35','2024-01-05 07:16:35'),(582,19,'eyJhbGciOiJIUzI1NiIsInR5cCI6IkpXVCJ9.eyJucnAiOiIxOTQ1MDgxNzAwIiwibmFtZSI6IkRvc2VuIiwidXNlcl9pZCI6MTksInJvbGVzIjpbImRvc2VuIl0sImlhdCI6MTcwNDQ0MDcwNCwiZXhwIjoxNzM1OTc2NzA0fQ.g7TLBb43Wfoj8mud01_lKg1qUrTPZeMHG_3oA61snEI','2025-01-04 07:45:04','2024-01-05 07:45:04'),(583,2,'eyJhbGciOiJIUzI1NiIsInR5cCI6IkpXVCJ9.eyJucnAiOiI1MDI0MjAxMDIzIiwibmFtZSI6IkRlc2lhbmEgRml0cmlhIiwidXNlcl9pZCI6Miwicm9sZXMiOlsiYWRtaW4iXSwiaWF0IjoxNzA0NDQzNTYyLCJleHAiOjE3MzU5Nzk1NjJ9.LIE8wcQldrvMrmeT6p2FX7z5zD4vx4fpMGanHtpyqjk','2025-01-04 08:32:42','2024-01-05 08:32:42'),(584,10,'eyJhbGciOiJIUzI1NiIsInR5cCI6IkpXVCJ9.eyJucnAiOiI1MDI0MjAxMDAwIiwibmFtZSI6IlRlc3QiLCJ1c2VyX2lkIjoxMCwicm9sZXMiOlsicHJha3Rpa2FuIiwiZG9zZW4iXSwiaWF0IjoxNzA0NDQzOTk4LCJleHAiOjE3MzU5Nzk5OTh9.q8ArNf5MCCVDJVhuno-10sTUPcH4Ww4OFUwCnwvwOIU','2025-01-04 08:39:58','2024-01-05 08:39:58'),(585,2,'eyJhbGciOiJIUzI1NiIsInR5cCI6IkpXVCJ9.eyJucnAiOiI1MDI0MjAxMDIzIiwibmFtZSI6IkRlc2lhbmEgRml0cmlhIiwidXNlcl9pZCI6Miwicm9sZXMiOlsiYWRtaW4iXSwiaWF0IjoxNzA0NDQ0MDI3LCJleHAiOjE3MzU5ODAwMjd9.LWGoIW_5QV50vRtKxXiyllTdkAyUMq5pwJS5wA_YdqA','2025-01-04 08:40:27','2024-01-05 08:40:27'),(586,10,'eyJhbGciOiJIUzI1NiIsInR5cCI6IkpXVCJ9.eyJucnAiOiI1MDI0MjAxMDAwIiwibmFtZSI6IlRlc3QiLCJ1c2VyX2lkIjoxMCwicm9sZXMiOlsicHJha3Rpa2FuIiwiZG9zZW4iXSwiaWF0IjoxNzA0NDQ0MDQzLCJleHAiOjE3MzU5ODAwNDN9.C4bKii9Lxa6nwctG8_6rjL0_08ZC436woK7dyNP352k','2025-01-04 08:40:43','2024-01-05 08:40:43'),(587,2,'eyJhbGciOiJIUzI1NiIsInR5cCI6IkpXVCJ9.eyJucnAiOiI1MDI0MjAxMDIzIiwibmFtZSI6IkRlc2lhbmEgRml0cmlhIiwidXNlcl9pZCI6Miwicm9sZXMiOlsiYWRtaW4iXSwiaWF0IjoxNzA0NDQ0MDg1LCJleHAiOjE3MzU5ODAwODV9.aijaAnM3oCiiIwRdEZ6Yeqi1G-Z4ZDYvH-CPKj9B3gw','2025-01-04 08:41:25','2024-01-05 08:41:25'),(588,19,'eyJhbGciOiJIUzI1NiIsInR5cCI6IkpXVCJ9.eyJucnAiOiIxOTQ1MDgxNzAwIiwibmFtZSI6IkRvc2VuIiwidXNlcl9pZCI6MTksInJvbGVzIjpbImRvc2VuIiwiZG9zZW4iXSwiaWF0IjoxNzA0NDQ0MTMxLCJleHAiOjE3MzU5ODAxMzF9.1iRTRSh73OXNV_S1x__d5A1FGy3FXfl623hXRoStyfs','2025-01-04 08:42:11','2024-01-05 08:42:11'),(589,2,'eyJhbGciOiJIUzI1NiIsInR5cCI6IkpXVCJ9.eyJucnAiOiI1MDI0MjAxMDIzIiwibmFtZSI6IkRlc2lhbmEgRml0cmlhIiwidXNlcl9pZCI6Miwicm9sZXMiOlsiYWRtaW4iXSwiaWF0IjoxNzA0NDQ0MjIwLCJleHAiOjE3MzU5ODAyMjB9.bn95y1VjB3eSTnxviBXaIBURR8awYZ9AEqkrk1eCeXc','2025-01-04 08:43:40','2024-01-05 08:43:40'),(590,3,'eyJhbGciOiJIUzI1NiIsInR5cCI6IkpXVCJ9.eyJucnAiOiI1MDI0MjAxMDQ2IiwibmFtZSI6IkZhaXNhbCBUaGFyaXEiLCJ1c2VyX2lkIjozLCJyb2xlcyI6WyJwcmFrdGlrYW4iLCJhc2lzdGVuIl0sImlhdCI6MTcwNDQ0NDg3OCwiZXhwIjoxNzM1OTgwODc4fQ.AOUCs2rTVnNW-c-QyqjoWcb8qjQsz9Kx5nKQ8aQnvcE','2025-01-04 08:54:38','2024-01-05 08:54:38'),(591,19,'eyJhbGciOiJIUzI1NiIsInR5cCI6IkpXVCJ9.eyJucnAiOiIxOTQ1MDgxNzAwIiwibmFtZSI6IkRvc2VuIiwidXNlcl9pZCI6MTksInJvbGVzIjpbImRvc2VuIiwiZG9zZW4iLCJkb3NlbiJdLCJpYXQiOjE3MDQ0NDU1MTIsImV4cCI6MTczNTk4MTUxMn0.J3B10rTv2ilBTzQjFyijdb7dy4YeLZNCf2JnXmsHABs','2025-01-04 09:05:12','2024-01-05 09:05:12'),(592,19,'eyJhbGciOiJIUzI1NiIsInR5cCI6IkpXVCJ9.eyJucnAiOiIxOTQ1MDgxNzAwIiwibmFtZSI6IkRvc2VuIiwidXNlcl9pZCI6MTksInJvbGVzIjpbImRvc2VuIiwiZG9zZW4iLCJkb3NlbiJdLCJpYXQiOjE3MDQ0NDYxOTEsImV4cCI6MTczNTk4MjE5MX0.RRZeHEUYodPP-IUPAivq5rvUhEYz-CsXqYj-z_MT7Fk','2025-01-04 09:16:31','2024-01-05 09:16:31'),(593,2,'eyJhbGciOiJIUzI1NiIsInR5cCI6IkpXVCJ9.eyJucnAiOiI1MDI0MjAxMDIzIiwibmFtZSI6IkRlc2lhbmEgRml0cmlhIiwidXNlcl9pZCI6Miwicm9sZXMiOlsiYWRtaW4iXSwiaWF0IjoxNzA0NDQ4MzEyLCJleHAiOjE3MzU5ODQzMTJ9.ptdQyj-cfMfcapbYLg1ZsRykjiI0dK4-1XYrp9nu3LA','2025-01-04 09:51:52','2024-01-05 09:51:52'),(594,18,'eyJhbGciOiJIUzI1NiIsInR5cCI6IkpXVCJ9.eyJucnAiOiI1MDI0MjAxMDAxIiwibmFtZSI6ImFubmFzIiwidXNlcl9pZCI6MTgsInJvbGVzIjpbInByYWt0aWthbiIsImRvc2VuIl0sImlhdCI6MTcwNDQ0ODY1NywiZXhwIjoxNzM1OTg0NjU3fQ.CK_R9UhtYE7vchk0_8xKGSSRjk2wKPfWZd-SqbunRvs','2025-01-04 09:57:37','2024-01-05 09:57:37'),(595,18,'eyJhbGciOiJIUzI1NiIsInR5cCI6IkpXVCJ9.eyJucnAiOiI1MDI0MjAxMDAxIiwibmFtZSI6ImFubmFzIiwidXNlcl9pZCI6MTgsInJvbGVzIjpbInByYWt0aWthbiIsImRvc2VuIl0sImlhdCI6MTcwNDQ0ODg5NywiZXhwIjoxNzM1OTg0ODk3fQ.WEHdcFMH5rUxC7gq1oJ7i5zPnMxkXg2A3Mz4tWqRrmQ','2025-01-04 10:01:37','2024-01-05 10:01:37'),(596,18,'eyJhbGciOiJIUzI1NiIsInR5cCI6IkpXVCJ9.eyJucnAiOiI1MDI0MjAxMDAxIiwibmFtZSI6ImFubmFzIiwidXNlcl9pZCI6MTgsInJvbGVzIjpbInByYWt0aWthbiIsImRvc2VuIl0sImlhdCI6MTcwNDQ0OTA1NCwiZXhwIjoxNzM1OTg1MDU0fQ.om9A_qt7ahSesVP2LNFAP5FKS51m7szkTRvanINal_c','2025-01-04 10:04:14','2024-01-05 10:04:14'),(597,18,'eyJhbGciOiJIUzI1NiIsInR5cCI6IkpXVCJ9.eyJucnAiOiI1MDI0MjAxMDAxIiwibmFtZSI6ImFubmFzIiwidXNlcl9pZCI6MTgsInJvbGVzIjpbInByYWt0aWthbiIsImRvc2VuIl0sImlhdCI6MTcwNDQ1MTI1NSwiZXhwIjoxNzM1OTg3MjU1fQ.JWgmU2rjW5PbuXEgfE5YA4CpA599sUC2lrQkFBMSfZQ','2025-01-04 10:40:55','2024-01-05 10:40:55'),(598,18,'eyJhbGciOiJIUzI1NiIsInR5cCI6IkpXVCJ9.eyJucnAiOiI1MDI0MjAxMDAxIiwibmFtZSI6ImFubmFzIiwidXNlcl9pZCI6MTgsInJvbGVzIjpbInByYWt0aWthbiIsImRvc2VuIl0sImlhdCI6MTcwNDQ1MTM4NCwiZXhwIjoxNzM1OTg3Mzg0fQ._Ywp9rfffMkMc19bOSreqhOAX8NjZnh4N3uN8f9Yyvw','2025-01-04 10:43:04','2024-01-05 10:43:04'),(599,18,'eyJhbGciOiJIUzI1NiIsInR5cCI6IkpXVCJ9.eyJucnAiOiI1MDI0MjAxMDAxIiwibmFtZSI6ImFubmFzIiwidXNlcl9pZCI6MTgsInJvbGVzIjpbInByYWt0aWthbiIsImRvc2VuIl0sImlhdCI6MTcwNDQ1MTg2OSwiZXhwIjoxNzM1OTg3ODY5fQ.lTD1oR1twHSCrHtBCC32UWcREqM8VYbRCczRaayC2GI','2025-01-04 10:51:09','2024-01-05 10:51:09'),(600,18,'eyJhbGciOiJIUzI1NiIsInR5cCI6IkpXVCJ9.eyJucnAiOiI1MDI0MjAxMDAxIiwibmFtZSI6ImFubmFzIiwidXNlcl9pZCI6MTgsInJvbGVzIjpbInByYWt0aWthbiIsImRvc2VuIl0sImlhdCI6MTcwNDQ1MjAxMywiZXhwIjoxNzM1OTg4MDEzfQ.hW74_thI6icmci_juvUdxBMbukS1g337pc5I3ujyIWQ','2025-01-04 10:53:33','2024-01-05 10:53:33'),(601,18,'eyJhbGciOiJIUzI1NiIsInR5cCI6IkpXVCJ9.eyJucnAiOiI1MDI0MjAxMDAxIiwibmFtZSI6ImFubmFzIiwidXNlcl9pZCI6MTgsInJvbGVzIjpbInByYWt0aWthbiIsImRvc2VuIl0sImlhdCI6MTcwNDQ1MjExMywiZXhwIjoxNzM1OTg4MTEzfQ.WQ6G2MPnyVYGtgH7pRZB2B7Y19dfXVTq6IlXluVhn5s','2025-01-04 10:55:13','2024-01-05 10:55:13'),(602,19,'eyJhbGciOiJIUzI1NiIsInR5cCI6IkpXVCJ9.eyJucnAiOiIxOTQ1MDgxNzAwIiwibmFtZSI6IkRvc2VuIiwidXNlcl9pZCI6MTksInJvbGVzIjpbImRvc2VuIiwiZG9zZW4iLCJkb3NlbiJdLCJpYXQiOjE3MDQ0NTI0MDQsImV4cCI6MTczNTk4ODQwNH0.D2UgryLq8RnNVAOfVJ2pnkE6AaCIGYxdahG2P1P8akY','2025-01-04 11:00:04','2024-01-05 11:00:04'),(603,19,'eyJhbGciOiJIUzI1NiIsInR5cCI6IkpXVCJ9.eyJucnAiOiIxOTQ1MDgxNzAwIiwibmFtZSI6IkRvc2VuIiwidXNlcl9pZCI6MTksInJvbGVzIjpbImRvc2VuIiwiZG9zZW4iLCJkb3NlbiJdLCJpYXQiOjE3MDQ0NTI0MTcsImV4cCI6MTczNTk4ODQxN30.ofmV-UpTfmMYpiGKMDxcFH5N6DjPu8QXEWNTaj5xogM','2025-01-04 11:00:17','2024-01-05 11:00:17'),(604,19,'eyJhbGciOiJIUzI1NiIsInR5cCI6IkpXVCJ9.eyJucnAiOiIxOTQ1MDgxNzAwIiwibmFtZSI6IkRvc2VuIiwidXNlcl9pZCI6MTksInJvbGVzIjpbImRvc2VuIiwiZG9zZW4iLCJkb3NlbiJdLCJpYXQiOjE3MDQ0NTI0NDUsImV4cCI6MTczNTk4ODQ0NX0.5HGN_JVvyAG-yAtpDpeNbCgRTt8zVs-AicyMYrx22KU','2025-01-04 11:00:45','2024-01-05 11:00:45'),(605,18,'eyJhbGciOiJIUzI1NiIsInR5cCI6IkpXVCJ9.eyJucnAiOiI1MDI0MjAxMDAxIiwibmFtZSI6ImFubmFzIiwidXNlcl9pZCI6MTgsInJvbGVzIjpbInByYWt0aWthbiIsImRvc2VuIl0sImlhdCI6MTcwNDQ1MzA3MCwiZXhwIjoxNzM1OTg5MDcwfQ.gwdsy1YS8cMfRAfKBUtmGuzbTIX9hQCYQYeOHqp6EG8','2025-01-04 11:11:10','2024-01-05 11:11:10'),(606,6,'eyJhbGciOiJIUzI1NiIsInR5cCI6IkpXVCJ9.eyJucnAiOiI1MDI0MjAxMDE3IiwibmFtZSI6IkpvZWwgTmFwaXR1cHVsdSIsInVzZXJfaWQiOjYsInJvbGVzIjpbInByYWt0aWthbiJdLCJpYXQiOjE3MDQ0NTM1NzEsImV4cCI6MTczNTk4OTU3MX0.XHNrmI3CQaMn_I3HDGd2qSzuZDPMFrtTpqBQhQ3aIr4','2025-01-04 11:19:31','2024-01-05 11:19:31'),(607,2,'eyJhbGciOiJIUzI1NiIsInR5cCI6IkpXVCJ9.eyJucnAiOiI1MDI0MjAxMDIzIiwibmFtZSI6IkRlc2lhbmEgRml0cmlhIiwidXNlcl9pZCI6Miwicm9sZXMiOlsiYWRtaW4iXSwiaWF0IjoxNzA0NDUzNjM2LCJleHAiOjE3MzU5ODk2MzZ9.obr1HPOUieMQ6kehYwg7X0WT8_fL1pyN7zZeNfyHTps','2025-01-04 11:20:36','2024-01-05 11:20:36'),(608,6,'eyJhbGciOiJIUzI1NiIsInR5cCI6IkpXVCJ9.eyJucnAiOiI1MDI0MjAxMDE3IiwibmFtZSI6IkpvZWwgTmFwaXR1cHVsdSIsInVzZXJfaWQiOjYsInJvbGVzIjpbInByYWt0aWthbiJdLCJpYXQiOjE3MDQ0NTM3MDUsImV4cCI6MTczNTk4OTcwNX0.070AfK8A4hyp0R09lR0ADKF8njhNrj85qbTnaB7PMgE','2025-01-04 11:21:45','2024-01-05 11:21:45'),(609,2,'eyJhbGciOiJIUzI1NiIsInR5cCI6IkpXVCJ9.eyJucnAiOiI1MDI0MjAxMDIzIiwibmFtZSI6IkRlc2lhbmEgRml0cmlhIiwidXNlcl9pZCI6Miwicm9sZXMiOlsiYWRtaW4iXSwiaWF0IjoxNzA0NDU1MTY4LCJleHAiOjE3MzU5OTExNjh9.NZB2CD-9OKP1wad-f9TNGhr4Dk-XjU7PxOkxu4Y7CM8','2025-01-04 11:46:08','2024-01-05 11:46:08'),(610,3,'eyJhbGciOiJIUzI1NiIsInR5cCI6IkpXVCJ9.eyJucnAiOiI1MDI0MjAxMDQ2IiwibmFtZSI6IkZhaXNhbCBUaGFyaXEiLCJ1c2VyX2lkIjozLCJyb2xlcyI6WyJwcmFrdGlrYW4iLCJhc2lzdGVuIl0sImlhdCI6MTcwNDQ1NjY4OSwiZXhwIjoxNzM1OTkyNjg5fQ.9Jav9qlrfSJjRPVWoNXwbRrAF5aOl_rGxAdKH2C2-Uc','2025-01-04 12:11:29','2024-01-05 12:11:29'),(611,2,'eyJhbGciOiJIUzI1NiIsInR5cCI6IkpXVCJ9.eyJucnAiOiI1MDI0MjAxMDIzIiwibmFtZSI6IkRlc2lhbmEgRml0cmlhIiwidXNlcl9pZCI6Miwicm9sZXMiOlsiYWRtaW4iXSwiaWF0IjoxNzA0NDU2NzM0LCJleHAiOjE3MzU5OTI3MzR9.zxa7gZAbydOIyDk_ktv0yFwf36e0--n2JYZSlJgbcgI','2025-01-04 12:12:14','2024-01-05 12:12:14'),(612,3,'eyJhbGciOiJIUzI1NiIsInR5cCI6IkpXVCJ9.eyJucnAiOiI1MDI0MjAxMDQ2IiwibmFtZSI6IkZhaXNhbCBUaGFyaXEiLCJ1c2VyX2lkIjozLCJyb2xlcyI6WyJwcmFrdGlrYW4iLCJhc2lzdGVuIl0sImlhdCI6MTcwNDQ1Njc3OCwiZXhwIjoxNzM1OTkyNzc4fQ.759ApvrHs5dd7lTlQ2heOcQiQWgCQlocX_msxxuYt1E','2025-01-04 12:12:58','2024-01-05 12:12:58'),(613,2,'eyJhbGciOiJIUzI1NiIsInR5cCI6IkpXVCJ9.eyJucnAiOiI1MDI0MjAxMDIzIiwibmFtZSI6IkRlc2lhbmEgRml0cmlhIiwidXNlcl9pZCI6Miwicm9sZXMiOlsiYWRtaW4iXSwiaWF0IjoxNzA0NDU3NTM0LCJleHAiOjE3MzU5OTM1MzR9.bdcusaFvKPZ0ZrEVE1crf1IWssllTqR-Utr0wUZmSW0','2025-01-04 12:25:34','2024-01-05 12:25:34'),(614,13,'eyJhbGciOiJIUzI1NiIsInR5cCI6IkpXVCJ9.eyJucnAiOiI1MDI0MjAxMDY4IiwibmFtZSI6InJ1a3kiLCJ1c2VyX2lkIjoxMywicm9sZXMiOlsicHJha3Rpa2FuIiwia29vcmRpbmF0b3IiXSwiaWF0IjoxNzA0NDYxNzE0LCJleHAiOjE3MzU5OTc3MTR9.Td_NT5FzEORI7ZvmOIkzsAWcKakU5MHTqQ625ebuG0c','2025-01-04 13:35:14','2024-01-05 13:35:14'),(615,13,'eyJhbGciOiJIUzI1NiIsInR5cCI6IkpXVCJ9.eyJucnAiOiI1MDI0MjAxMDY4IiwibmFtZSI6InJ1a3kiLCJ1c2VyX2lkIjoxMywicm9sZXMiOlsicHJha3Rpa2FuIiwia29vcmRpbmF0b3IiXSwiaWF0IjoxNzA0NDYxOTQ0LCJleHAiOjE3MzU5OTc5NDR9.fs8VJQnKx3S0CAKIbsdaM-3Lq5DNAC7SsQ0u_-2zyaI','2025-01-04 13:39:04','2024-01-05 13:39:04'),(616,13,'eyJhbGciOiJIUzI1NiIsInR5cCI6IkpXVCJ9.eyJucnAiOiI1MDI0MjAxMDY4IiwibmFtZSI6InJ1a3kiLCJ1c2VyX2lkIjoxMywicm9sZXMiOlsicHJha3Rpa2FuIiwia29vcmRpbmF0b3IiXSwiaWF0IjoxNzA0NDYxOTY3LCJleHAiOjE3MzU5OTc5Njd9.LFJeiofu7H-9pHTjZJfGCP12U1vp122YqDx69wx6R7I','2025-01-04 13:39:27','2024-01-05 13:39:27'),(617,13,'eyJhbGciOiJIUzI1NiIsInR5cCI6IkpXVCJ9.eyJucnAiOiI1MDI0MjAxMDY4IiwibmFtZSI6InJ1a3kiLCJ1c2VyX2lkIjoxMywicm9sZXMiOlsicHJha3Rpa2FuIiwiZG9zZW4iXSwiaWF0IjoxNzA0NDYyMTMyLCJleHAiOjE3MzU5OTgxMzJ9.HUFC51xT-RxAWsbrIJLmCsuoCWm3FcaY7Q6zK3-sLOk','2025-01-04 13:42:12','2024-01-05 13:42:12'),(618,18,'eyJhbGciOiJIUzI1NiIsInR5cCI6IkpXVCJ9.eyJucnAiOiI1MDI0MjAxMDAxIiwibmFtZSI6ImFubmFzIiwidXNlcl9pZCI6MTgsInJvbGVzIjpbInByYWt0aWthbiJdLCJpYXQiOjE3MDQ0NjIxNDQsImV4cCI6MTczNTk5ODE0NH0.oy_CmPAnw0SFdyv5YS6OakZmIv2yjmGXGrIguXvd4Ho','2025-01-04 13:42:24','2024-01-05 13:42:24'),(619,7,'eyJhbGciOiJIUzI1NiIsInR5cCI6IkpXVCJ9.eyJucnAiOiI1MDIyMjIxMDAxIiwibmFtZSI6ImNvYmExIiwidXNlcl9pZCI6Nywicm9sZXMiOlsicHJha3Rpa2FuIiwiZG9zZW4iXSwiaWF0IjoxNzA0NDYyMjUxLCJleHAiOjE3MzU5OTgyNTF9.T5yW5IRMfUKPy31y15-jKwnrjGeZfIZGFRkH-PAxbPQ','2025-01-04 13:44:11','2024-01-05 13:44:11'),(620,19,'eyJhbGciOiJIUzI1NiIsInR5cCI6IkpXVCJ9.eyJucnAiOiIxOTQ1MDgxNzAwIiwibmFtZSI6IkRvc2VuIiwidXNlcl9pZCI6MTksInJvbGVzIjpbImRvc2VuIiwiZG9zZW4iLCJkb3NlbiJdLCJpYXQiOjE3MDQ0NjIyODUsImV4cCI6MTczNTk5ODI4NX0.iKmToLUo6H9aCoO7OBR5Ry-A7JGln0RP9F9ZXn7vvt0','2025-01-04 13:44:45','2024-01-05 13:44:45'),(621,19,'eyJhbGciOiJIUzI1NiIsInR5cCI6IkpXVCJ9.eyJucnAiOiIxOTQ1MDgxNzAwIiwibmFtZSI6IkRvc2VuIiwidXNlcl9pZCI6MTksInJvbGVzIjpbImRvc2VuIiwiZG9zZW4iLCJkb3NlbiJdLCJpYXQiOjE3MDQ0NjIyOTIsImV4cCI6MTczNTk5ODI5Mn0.9K5Pw6eXxMDs18YSkDSBEBKVfZCGGNKXLP5hjznIpX4','2025-01-04 13:44:52','2024-01-05 13:44:52'),(622,13,'eyJhbGciOiJIUzI1NiIsInR5cCI6IkpXVCJ9.eyJucnAiOiI1MDI0MjAxMDY4IiwibmFtZSI6InJ1a3kiLCJ1c2VyX2lkIjoxMywicm9sZXMiOlsicHJha3Rpa2FuIiwia29vcmRpbmF0b3IiXSwiaWF0IjoxNzA0NDYyNDE0LCJleHAiOjE3MzU5OTg0MTR9.rSLLvhPYYmdPye09KfP6NXs-Ek5zQkj2mbVWcJyMxxY','2025-01-04 13:46:54','2024-01-05 13:46:54'),(623,13,'eyJhbGciOiJIUzI1NiIsInR5cCI6IkpXVCJ9.eyJucnAiOiI1MDI0MjAxMDY4IiwibmFtZSI6InJ1a3kiLCJ1c2VyX2lkIjoxMywicm9sZXMiOlsicHJha3Rpa2FuIiwia29vcmRpbmF0b3IiXSwiaWF0IjoxNzA0NDYzMDM1LCJleHAiOjE3MzU5OTkwMzV9.Oc9-fRNNLU1UDvCY1w6HSHjKH2Wfe-fZNy27LNXp1gE','2025-01-04 13:57:15','2024-01-05 13:57:15'),(624,18,'eyJhbGciOiJIUzI1NiIsInR5cCI6IkpXVCJ9.eyJucnAiOiI1MDI0MjAxMDAxIiwibmFtZSI6ImFubmFzIiwidXNlcl9pZCI6MTgsInJvbGVzIjpbInByYWt0aWthbiJdLCJpYXQiOjE3MDQ0NjM2MjgsImV4cCI6MTczNTk5OTYyOH0.9RP7A3gxCqPE4YaEP7037h4G8KcLCY3HBRbRE5fg2LA','2025-01-04 14:07:08','2024-01-05 14:07:08'),(625,2,'eyJhbGciOiJIUzI1NiIsInR5cCI6IkpXVCJ9.eyJucnAiOiI1MDI0MjAxMDIzIiwibmFtZSI6IkRlc2lhbmEgRml0cmlhIiwidXNlcl9pZCI6Miwicm9sZXMiOlsiYWRtaW4iXSwiaWF0IjoxNzA0NDYzNjQ5LCJleHAiOjE3MzU5OTk2NDl9.VrsPH4zWdxb5EGf4NCgj4e6lDracor-_Ss9sWtn-wyg','2025-01-04 14:07:29','2024-01-05 14:07:29'),(626,7,'eyJhbGciOiJIUzI1NiIsInR5cCI6IkpXVCJ9.eyJucnAiOiI1MDIyMjIxMDAxIiwibmFtZSI6ImNvYmExIiwidXNlcl9pZCI6Nywicm9sZXMiOlsicHJha3Rpa2FuIiwiZG9zZW4iXSwiaWF0IjoxNzA0NDYzNjc4LCJleHAiOjE3MzU5OTk2Nzh9.0HyeR_txBN9WDpBqbJGQPRY5J2ZExjznUaXK7wA7y0c','2025-01-04 14:07:58','2024-01-05 14:07:58'),(627,13,'eyJhbGciOiJIUzI1NiIsInR5cCI6IkpXVCJ9.eyJucnAiOiI1MDI0MjAxMDY4IiwibmFtZSI6InJ1a3kiLCJ1c2VyX2lkIjoxMywicm9sZXMiOlsicHJha3Rpa2FuIiwia29vcmRpbmF0b3IiXSwiaWF0IjoxNzA0NDY0MTkwLCJleHAiOjE3MzYwMDAxOTB9.m2b1JnOzWtEJLFsLY0X-5NPUksz9Pbpltll5JbW6-MY','2025-01-04 14:16:30','2024-01-05 14:16:30'),(628,13,'eyJhbGciOiJIUzI1NiIsInR5cCI6IkpXVCJ9.eyJucnAiOiI1MDI0MjAxMDY4IiwibmFtZSI6InJ1a3kiLCJ1c2VyX2lkIjoxMywicm9sZXMiOlsicHJha3Rpa2FuIiwia29vcmRpbmF0b3IiXSwiaWF0IjoxNzA0NDY0MzE4LCJleHAiOjE3MzYwMDAzMTh9.awsuth9ByWKdhRzcu5Mz81L73HLuD-FwaNx0TMyA-D0','2025-01-04 14:18:38','2024-01-05 14:18:38'),(629,6,'eyJhbGciOiJIUzI1NiIsInR5cCI6IkpXVCJ9.eyJucnAiOiI1MDI0MjAxMDE3IiwibmFtZSI6IkpvZWwgTmFwaXR1cHVsdSIsInVzZXJfaWQiOjYsInJvbGVzIjpbInByYWt0aWthbiJdLCJpYXQiOjE3MDQ0NjU1NjgsImV4cCI6MTczNjAwMTU2OH0.JC-wgjreehqXkFW7E8TMC8TEa5f0bAapWrIoGf68E78','2025-01-04 14:39:28','2024-01-05 14:39:28'),(630,3,'eyJhbGciOiJIUzI1NiIsInR5cCI6IkpXVCJ9.eyJucnAiOiI1MDI0MjAxMDQ2IiwibmFtZSI6IkZhaXNhbCBUaGFyaXEiLCJ1c2VyX2lkIjozLCJyb2xlcyI6WyJwcmFrdGlrYW4iLCJhc2lzdGVuIl0sImlhdCI6MTcwNDQ2NTY1MiwiZXhwIjoxNzM2MDAxNjUyfQ.-De2u7CkPA_JvmUGLtLZ0KZ0EPcHIwFr5o5vrfTJv04','2025-01-04 14:40:52','2024-01-05 14:40:52'),(631,2,'eyJhbGciOiJIUzI1NiIsInR5cCI6IkpXVCJ9.eyJucnAiOiI1MDI0MjAxMDIzIiwibmFtZSI6IkRlc2lhbmEgRml0cmlhIiwidXNlcl9pZCI6Miwicm9sZXMiOlsiYWRtaW4iXSwiaWF0IjoxNzA0NDY1NzA0LCJleHAiOjE3MzYwMDE3MDR9.gLQmT0jOhQmGgCvYLUEpmRQk_zHfTvHTWvCyPyd4sro','2025-01-04 14:41:44','2024-01-05 14:41:44'),(632,13,'eyJhbGciOiJIUzI1NiIsInR5cCI6IkpXVCJ9.eyJucnAiOiI1MDI0MjAxMDY4IiwibmFtZSI6InJ1a3kiLCJ1c2VyX2lkIjoxMywicm9sZXMiOlsicHJha3Rpa2FuIiwia29vcmRpbmF0b3IiXSwiaWF0IjoxNzA0NDY2NTgxLCJleHAiOjE3MzYwMDI1ODF9.k2-9mCR2ex2YXrKakt2VJD88gCAkTuMqh8xqU6FxcPQ','2025-01-04 14:56:21','2024-01-05 14:56:21'),(633,13,'eyJhbGciOiJIUzI1NiIsInR5cCI6IkpXVCJ9.eyJucnAiOiI1MDI0MjAxMDY4IiwibmFtZSI6InJ1a3kiLCJ1c2VyX2lkIjoxMywicm9sZXMiOlsicHJha3Rpa2FuIiwia29vcmRpbmF0b3IiXSwiaWF0IjoxNzA0NDY2NjIzLCJleHAiOjE3MzYwMDI2MjN9.3rU-PJRMbpEvCBT7m2UEGsaTL-IY6pqWQbN3WhNNLmg','2025-01-04 14:57:03','2024-01-05 14:57:03'),(634,13,'eyJhbGciOiJIUzI1NiIsInR5cCI6IkpXVCJ9.eyJucnAiOiI1MDI0MjAxMDY4IiwibmFtZSI6InJ1a3kiLCJ1c2VyX2lkIjoxMywicm9sZXMiOlsicHJha3Rpa2FuIiwia29vcmRpbmF0b3IiXSwiaWF0IjoxNzA0NDY2OTExLCJleHAiOjE3MzYwMDI5MTF9.PpxuzoErLD95LIrb6Ua0CuUM-Kslcb14nw1YQvsAm4Q','2025-01-04 15:01:51','2024-01-05 15:01:51'),(635,13,'eyJhbGciOiJIUzI1NiIsInR5cCI6IkpXVCJ9.eyJucnAiOiI1MDI0MjAxMDY4IiwibmFtZSI6InJ1a3kiLCJ1c2VyX2lkIjoxMywicm9sZXMiOlsicHJha3Rpa2FuIiwia29vcmRpbmF0b3IiXSwiaWF0IjoxNzA0NDY3MDU3LCJleHAiOjE3MzYwMDMwNTd9.tO3CUb5FaSuwd0uDi5Qfpzqutb3bCxWm4j9fo5UfwCs','2025-01-04 15:04:17','2024-01-05 15:04:17'),(636,13,'eyJhbGciOiJIUzI1NiIsInR5cCI6IkpXVCJ9.eyJucnAiOiI1MDI0MjAxMDY4IiwibmFtZSI6InJ1a3kiLCJ1c2VyX2lkIjoxMywicm9sZXMiOlsicHJha3Rpa2FuIiwia29vcmRpbmF0b3IiXSwiaWF0IjoxNzA0NDY3MzQ3LCJleHAiOjE3MzYwMDMzNDd9.K_95-bHDHdUzbdUkfT1aVJ3JYOtIE46iSaB16bVLuJo','2025-01-04 15:09:07','2024-01-05 15:09:07'),(637,13,'eyJhbGciOiJIUzI1NiIsInR5cCI6IkpXVCJ9.eyJucnAiOiI1MDI0MjAxMDY4IiwibmFtZSI6InJ1a3kiLCJ1c2VyX2lkIjoxMywicm9sZXMiOlsicHJha3Rpa2FuIiwia29vcmRpbmF0b3IiXSwiaWF0IjoxNzA0NDY3NTgyLCJleHAiOjE3MzYwMDM1ODJ9.bY8s1TsiL9oTTbwUlw7O9_wmsFYvspaRzaS6mxJiGHg','2025-01-04 15:13:02','2024-01-05 15:13:02'),(638,18,'eyJhbGciOiJIUzI1NiIsInR5cCI6IkpXVCJ9.eyJucnAiOiI1MDI0MjAxMDAxIiwibmFtZSI6ImFubmFzIiwidXNlcl9pZCI6MTgsInJvbGVzIjpbInByYWt0aWthbiJdLCJpYXQiOjE3MDQ0ODIzMDUsImV4cCI6MTczNjAxODMwNX0.z8EYfR0aQXboHbxGCD1oLSfT0plNLs1vTnJOkXhsAgk','2025-01-04 19:18:25','2024-01-05 19:18:25'),(639,2,'eyJhbGciOiJIUzI1NiIsInR5cCI6IkpXVCJ9.eyJucnAiOiI1MDI0MjAxMDIzIiwibmFtZSI6IkRlc2lhbmEgRml0cmlhIiwidXNlcl9pZCI6Miwicm9sZXMiOlsiYWRtaW4iXSwiaWF0IjoxNzA0NDgyMzI4LCJleHAiOjE3MzYwMTgzMjh9.C4joHYuRavunZahlLBe-4WRmWkReu3AaBSHohhMIvLA','2025-01-04 19:18:48','2024-01-05 19:18:48'),(640,2,'eyJhbGciOiJIUzI1NiIsInR5cCI6IkpXVCJ9.eyJucnAiOiI1MDI0MjAxMDIzIiwibmFtZSI6IkRlc2lhbmEgRml0cmlhIiwidXNlcl9pZCI6Miwicm9sZXMiOlsiYWRtaW4iXSwiaWF0IjoxNzA0NDgyMzI4LCJleHAiOjE3MzYwMTgzMjh9.C4joHYuRavunZahlLBe-4WRmWkReu3AaBSHohhMIvLA','2025-01-04 19:18:48','2024-01-05 19:18:48'),(641,7,'eyJhbGciOiJIUzI1NiIsInR5cCI6IkpXVCJ9.eyJucnAiOiI1MDIyMjIxMDAxIiwibmFtZSI6ImNvYmExIiwidXNlcl9pZCI6Nywicm9sZXMiOlsicHJha3Rpa2FuIiwiZG9zZW4iXSwiaWF0IjoxNzA0NDgyMzUxLCJleHAiOjE3MzYwMTgzNTF9.cGPQlSglT3I6Fl1obMjRvLkudYLNvmEGSE1puD-EGVA','2025-01-04 19:19:11','2024-01-05 19:19:11'),(642,7,'eyJhbGciOiJIUzI1NiIsInR5cCI6IkpXVCJ9.eyJucnAiOiI1MDIyMjIxMDAxIiwibmFtZSI6ImNvYmExIiwidXNlcl9pZCI6Nywicm9sZXMiOlsicHJha3Rpa2FuIiwiZG9zZW4iXSwiaWF0IjoxNzA0NDgyNDA1LCJleHAiOjE3MzYwMTg0MDV9.GjhReBjAjQJD_sJLf7Brtq0iMY4JW3R4nJy55Ib1nmo','2025-01-04 19:20:05','2024-01-05 19:20:05'),(643,7,'eyJhbGciOiJIUzI1NiIsInR5cCI6IkpXVCJ9.eyJucnAiOiI1MDIyMjIxMDAxIiwibmFtZSI6ImNvYmExIiwidXNlcl9pZCI6Nywicm9sZXMiOlsicHJha3Rpa2FuIiwiZG9zZW4iXSwiaWF0IjoxNzA0NDgyNDQzLCJleHAiOjE3MzYwMTg0NDN9.n-BtfZHybmRlIZOgUCw7tc45u2Xf20roou2iUDL3FEM','2025-01-04 19:20:43','2024-01-05 19:20:43'),(644,7,'eyJhbGciOiJIUzI1NiIsInR5cCI6IkpXVCJ9.eyJucnAiOiI1MDIyMjIxMDAxIiwibmFtZSI6ImNvYmExIiwidXNlcl9pZCI6Nywicm9sZXMiOlsicHJha3Rpa2FuIiwiZG9zZW4iXSwiaWF0IjoxNzA0NDgyNzMwLCJleHAiOjE3MzYwMTg3MzB9.Wnma9mbRrIZ8Qt3XzH98TdxGg8i7K2RQ6zaGEFOltZo','2025-01-04 19:25:30','2024-01-05 19:25:30'),(645,7,'eyJhbGciOiJIUzI1NiIsInR5cCI6IkpXVCJ9.eyJucnAiOiI1MDIyMjIxMDAxIiwibmFtZSI6ImNvYmExIiwidXNlcl9pZCI6Nywicm9sZXMiOlsicHJha3Rpa2FuIiwiZG9zZW4iXSwiaWF0IjoxNzA0NDgyODgyLCJleHAiOjE3MzYwMTg4ODJ9.NqPIs3-2uPoWm4uoBfdOlE3AMtf9jEgZrl3BLWzhvPs','2025-01-04 19:28:02','2024-01-05 19:28:02'),(646,7,'eyJhbGciOiJIUzI1NiIsInR5cCI6IkpXVCJ9.eyJucnAiOiI1MDIyMjIxMDAxIiwibmFtZSI6ImNvYmExIiwidXNlcl9pZCI6Nywicm9sZXMiOlsicHJha3Rpa2FuIiwiZG9zZW4iXSwiaWF0IjoxNzA0NDgyOTk2LCJleHAiOjE3MzYwMTg5OTZ9.Pp-DzyOUarWYqwVzGfoh9_rjsocehS0loibTpZu27eQ','2025-01-04 19:29:56','2024-01-05 19:29:56'),(647,3,'eyJhbGciOiJIUzI1NiIsInR5cCI6IkpXVCJ9.eyJucnAiOiI1MDI0MjAxMDQ2IiwibmFtZSI6IkZhaXNhbCBUaGFyaXEiLCJ1c2VyX2lkIjozLCJyb2xlcyI6WyJwcmFrdGlrYW4iLCJhc2lzdGVuIl0sImlhdCI6MTcwNDQ4MzA2NCwiZXhwIjoxNzM2MDE5MDY0fQ.KJE94H8_grCH6rKqY1sN5GxBMyIwP5dxpuFw8dNzvUU','2025-01-04 19:31:04','2024-01-05 19:31:04'),(648,13,'eyJhbGciOiJIUzI1NiIsInR5cCI6IkpXVCJ9.eyJucnAiOiI1MDI0MjAxMDY4IiwibmFtZSI6InJ1a3kiLCJ1c2VyX2lkIjoxMywicm9sZXMiOlsicHJha3Rpa2FuIiwia29vcmRpbmF0b3IiXSwiaWF0IjoxNzA0NDgzMDg4LCJleHAiOjE3MzYwMTkwODh9.BQHP2r2llcsJP2Kt5x6s6Whvgs25f-9k-DhQhqdt8II','2025-01-04 19:31:28','2024-01-05 19:31:28'),(649,19,'eyJhbGciOiJIUzI1NiIsInR5cCI6IkpXVCJ9.eyJucnAiOiIxOTQ1MDgxNzAwIiwibmFtZSI6IkRvc2VuIiwidXNlcl9pZCI6MTksInJvbGVzIjpbImRvc2VuIiwiZG9zZW4iXSwiaWF0IjoxNzA0NDgzMTQ3LCJleHAiOjE3MzYwMTkxNDd9.VEb60M_ukjIN1UZPah2B8IwXCHrCOWSSb7QwkP0U0RM','2025-01-04 19:32:27','2024-01-05 19:32:27'),(650,6,'eyJhbGciOiJIUzI1NiIsInR5cCI6IkpXVCJ9.eyJucnAiOiI1MDI0MjAxMDE3IiwibmFtZSI6IkpvZWwgTmFwaXR1cHVsdSIsInVzZXJfaWQiOjYsInJvbGVzIjpbInByYWt0aWthbiIsImFzaXN0ZW4iXSwiaWF0IjoxNzA0NDgzMjQ5LCJleHAiOjE3MzYwMTkyNDl9.Xjtao-ZLhFsWBcsHz38K59r7ngqALFv2B6TURNdx5Dg','2025-01-04 19:34:09','2024-01-05 19:34:09'),(651,6,'eyJhbGciOiJIUzI1NiIsInR5cCI6IkpXVCJ9.eyJucnAiOiI1MDI0MjAxMDE3IiwibmFtZSI6IkpvZWwgTmFwaXR1cHVsdSIsInVzZXJfaWQiOjYsInJvbGVzIjpbInByYWt0aWthbiIsImFzaXN0ZW4iXSwiaWF0IjoxNzA0NDgzNDQ5LCJleHAiOjE3MzYwMTk0NDl9.oYC3ONJQzhVYkYLBWU9rnTlP6puUdkm1uMXway-zJD4','2025-01-04 19:37:29','2024-01-05 19:37:29'),(652,19,'eyJhbGciOiJIUzI1NiIsInR5cCI6IkpXVCJ9.eyJucnAiOiIxOTQ1MDgxNzAwIiwibmFtZSI6IkRvc2VuIiwidXNlcl9pZCI6MTksInJvbGVzIjpbImRvc2VuIiwiZG9zZW4iXSwiaWF0IjoxNzA0NDgzNDc2LCJleHAiOjE3MzYwMTk0NzZ9.zQeDVmUWT66nXCArAQusyFfphCGT1aMLWsezPS4CoSc','2025-01-04 19:37:56','2024-01-05 19:37:56'),(653,2,'eyJhbGciOiJIUzI1NiIsInR5cCI6IkpXVCJ9.eyJucnAiOiI1MDI0MjAxMDIzIiwibmFtZSI6IkRlc2lhbmEgRml0cmlhIiwidXNlcl9pZCI6Miwicm9sZXMiOlsiYWRtaW4iXSwiaWF0IjoxNzA0NDgzNjc0LCJleHAiOjE3MzYwMTk2NzR9.RLIoVnwMRXlaEMxMH5L8nQZV2K9ZQ_ulomixO-vE4Jc','2025-01-04 19:41:14','2024-01-05 19:41:14'),(654,2,'eyJhbGciOiJIUzI1NiIsInR5cCI6IkpXVCJ9.eyJucnAiOiI1MDI0MjAxMDIzIiwibmFtZSI6IkRlc2lhbmEgRml0cmlhIiwidXNlcl9pZCI6Miwicm9sZXMiOlsiYWRtaW4iXSwiaWF0IjoxNzA0NDgzNzQyLCJleHAiOjE3MzYwMTk3NDJ9.wnIFuRajDgSTYBbkHHrtP0BvAD1VX6JdPeZ938RXU5k','2025-01-04 19:42:22','2024-01-05 19:42:22'),(655,3,'eyJhbGciOiJIUzI1NiIsInR5cCI6IkpXVCJ9.eyJucnAiOiI1MDI0MjAxMDQ2IiwibmFtZSI6IkZhaXNhbCBUaGFyaXEiLCJ1c2VyX2lkIjozLCJyb2xlcyI6WyJwcmFrdGlrYW4iLCJhc2lzdGVuIl0sImlhdCI6MTcwNDQ4NDUxOCwiZXhwIjoxNzM2MDIwNTE4fQ.pnVZlhsIuIOdrB7ipSGvy79aWN2Ku_KrDlVDyVsLVTo','2025-01-04 19:55:18','2024-01-05 19:55:18'),(656,13,'eyJhbGciOiJIUzI1NiIsInR5cCI6IkpXVCJ9.eyJucnAiOiI1MDI0MjAxMDY4IiwibmFtZSI6InJ1a3kiLCJ1c2VyX2lkIjoxMywicm9sZXMiOlsicHJha3Rpa2FuIiwia29vcmRpbmF0b3IiXSwiaWF0IjoxNzA0NDg1NTYxLCJleHAiOjE3MzYwMjE1NjF9.tCLfwBbBni-R47GUbcatEl4t9Ihr0q1oX_pSib0Bk-A','2025-01-04 20:12:41','2024-01-05 20:12:41'),(657,2,'eyJhbGciOiJIUzI1NiIsInR5cCI6IkpXVCJ9.eyJucnAiOiI1MDI0MjAxMDIzIiwibmFtZSI6IkRlc2lhbmEgRml0cmlhIiwidXNlcl9pZCI6Miwicm9sZXMiOlsiYWRtaW4iXSwiaWF0IjoxNzA0NTE1ODI3LCJleHAiOjE3MzYwNTE4Mjd9.u5ACHB-u0ADwV3ZoGlhdK_Njw8ocRwghf4NZTmqxsNM','2025-01-05 04:37:07','2024-01-06 04:37:07'),(658,2,'eyJhbGciOiJIUzI1NiIsInR5cCI6IkpXVCJ9.eyJucnAiOiI1MDI0MjAxMDIzIiwibmFtZSI6IkRlc2lhbmEgRml0cmlhIiwidXNlcl9pZCI6Miwicm9sZXMiOlsiYWRtaW4iXSwiaWF0IjoxNzA0NTE1ODQ3LCJleHAiOjE3MzYwNTE4NDd9.X2RnXe7tdsYFr6KrG04IUbGDhl-wTscdebSaIQm3yPY','2025-01-05 04:37:27','2024-01-06 04:37:27'),(659,6,'eyJhbGciOiJIUzI1NiIsInR5cCI6IkpXVCJ9.eyJucnAiOiI1MDI0MjAxMDE3IiwibmFtZSI6IkpvZWwgTmFwaXR1cHVsdSIsInVzZXJfaWQiOjYsInJvbGVzIjpbInByYWt0aWthbiJdLCJpYXQiOjE3MDQ1MTU4OTMsImV4cCI6MTczNjA1MTg5M30.3eGHVew-ifzD1AiuGjGjAcCxe5WNF0czcG25YT_94nI','2025-01-05 04:38:13','2024-01-06 04:38:13'),(660,2,'eyJhbGciOiJIUzI1NiIsInR5cCI6IkpXVCJ9.eyJucnAiOiI1MDI0MjAxMDIzIiwibmFtZSI6IkRlc2lhbmEgRml0cmlhIiwidXNlcl9pZCI6Miwicm9sZXMiOlsiYWRtaW4iXSwiaWF0IjoxNzA0NTE1OTM1LCJleHAiOjE3MzYwNTE5MzV9.qUKEEJL06RaHIbr84Iw3lZ4V0kEpxALkWUCa7c1o-Yw','2025-01-05 04:38:55','2024-01-06 04:38:55'),(661,2,'eyJhbGciOiJIUzI1NiIsInR5cCI6IkpXVCJ9.eyJucnAiOiI1MDI0MjAxMDIzIiwibmFtZSI6IkRlc2lhbmEgRml0cmlhIiwidXNlcl9pZCI6Miwicm9sZXMiOlsiYWRtaW4iXSwiaWF0IjoxNzA0NTE2ODI4LCJleHAiOjE3MzYwNTI4Mjh9.uIYNa9LqHrMZp77M5V_RAm1RkCd2uh9e6aDWvtaNnLE','2025-01-05 04:53:48','2024-01-06 04:53:48'),(662,3,'eyJhbGciOiJIUzI1NiIsInR5cCI6IkpXVCJ9.eyJucnAiOiI1MDI0MjAxMDQ2IiwibmFtZSI6IkZhaXNhbCBUaGFyaXEiLCJ1c2VyX2lkIjozLCJyb2xlcyI6WyJwcmFrdGlrYW4iLCJhc2lzdGVuIl0sImlhdCI6MTcwNDUxNjg1MSwiZXhwIjoxNzM2MDUyODUxfQ.N0kn4LCHWGqD66iOTvAKrS_XpuckRLOcg8etSLv3J1Q','2025-01-05 04:54:11','2024-01-06 04:54:11'),(663,3,'eyJhbGciOiJIUzI1NiIsInR5cCI6IkpXVCJ9.eyJucnAiOiI1MDI0MjAxMDQ2IiwibmFtZSI6IkZhaXNhbCBUaGFyaXEiLCJ1c2VyX2lkIjozLCJyb2xlcyI6WyJwcmFrdGlrYW4iLCJhc2lzdGVuIl0sImlhdCI6MTcwNDUxNjkxNSwiZXhwIjoxNzM2MDUyOTE1fQ.Z7mMrgV6mdeVo32Vd6nYrI5BpFz9NwNXLCSdWlcg5Xo','2025-01-05 04:55:15','2024-01-06 04:55:15'),(664,13,'eyJhbGciOiJIUzI1NiIsInR5cCI6IkpXVCJ9.eyJucnAiOiI1MDI0MjAxMDY4IiwibmFtZSI6InJ1a3kiLCJ1c2VyX2lkIjoxMywicm9sZXMiOlsicHJha3Rpa2FuIiwia29vcmRpbmF0b3IiXSwiaWF0IjoxNzA0NTQwNDQ5LCJleHAiOjE3MzYwNzY0NDl9.d_BOwi_TXm0seAupqgbX3C6EIFNtGaWOtH7F8c4NYDg','2025-01-05 11:27:29','2024-01-06 11:27:29'),(665,18,'eyJhbGciOiJIUzI1NiIsInR5cCI6IkpXVCJ9.eyJucnAiOiI1MDI0MjAxMDAxIiwibmFtZSI6ImFubmFzIiwidXNlcl9pZCI6MTgsInJvbGVzIjpbInByYWt0aWthbiJdLCJpYXQiOjE3MDQ1NDgyNzcsImV4cCI6MTczNjA4NDI3N30.4s-svAt67853XGzl0dnRUfHlU7QrbS0bYhNIoJQp38I','2025-01-05 13:37:57','2024-01-06 13:37:57'),(666,2,'eyJhbGciOiJIUzI1NiIsInR5cCI6IkpXVCJ9.eyJucnAiOiI1MDI0MjAxMDIzIiwibmFtZSI6IkRlc2lhbmEgRml0cmlhIiwidXNlcl9pZCI6Miwicm9sZXMiOlsiYWRtaW4iXSwiaWF0IjoxNzA0NTQ4MjkwLCJleHAiOjE3MzYwODQyOTB9.PKVZOp64J_QKWw_aRQaVyTTElBuOBbYQUQRY2Q-odWw','2025-01-05 13:38:10','2024-01-06 13:38:10'),(667,7,'eyJhbGciOiJIUzI1NiIsInR5cCI6IkpXVCJ9.eyJucnAiOiI1MDIyMjIxMDAxIiwibmFtZSI6ImNvYmExIiwidXNlcl9pZCI6Nywicm9sZXMiOlsicHJha3Rpa2FuIiwiZG9zZW4iXSwiaWF0IjoxNzA0NTQ4MzEwLCJleHAiOjE3MzYwODQzMTB9.rkbzfRXfGBIyyvm5nMU1F3Vu7HKfO-mC6Q6P97BFjNA','2025-01-05 13:38:30','2024-01-06 13:38:30'),(668,19,'eyJhbGciOiJIUzI1NiIsInR5cCI6IkpXVCJ9.eyJucnAiOiIxOTQ1MDgxNzAwIiwibmFtZSI6IkRvc2VuIiwidXNlcl9pZCI6MTksInJvbGVzIjpbImRvc2VuIiwiZG9zZW4iXSwiaWF0IjoxNzA0NTQ4MzU0LCJleHAiOjE3MzYwODQzNTR9.TtmrD_-kNbYOPiGKduoCeHMr2twPvrB36f2qnvmJjnw','2025-01-05 13:39:14','2024-01-06 13:39:14'),(669,19,'eyJhbGciOiJIUzI1NiIsInR5cCI6IkpXVCJ9.eyJucnAiOiIxOTQ1MDgxNzAwIiwibmFtZSI6IkRvc2VuIiwidXNlcl9pZCI6MTksInJvbGVzIjpbImRvc2VuIiwiZG9zZW4iXSwiaWF0IjoxNzA0NTQ4MzYzLCJleHAiOjE3MzYwODQzNjN9.ieoKdTgEYheADBQZkpsA0JG0ImW2c7ahMoKkZQDlCIo','2025-01-05 13:39:23','2024-01-06 13:39:23'),(670,19,'eyJhbGciOiJIUzI1NiIsInR5cCI6IkpXVCJ9.eyJucnAiOiIxOTQ1MDgxNzAwIiwibmFtZSI6IkRvc2VuIiwidXNlcl9pZCI6MTksInJvbGVzIjpbImRvc2VuIiwiZG9zZW4iXSwiaWF0IjoxNzA0NTQ4NTQ5LCJleHAiOjE3MzYwODQ1NDl9.JpEBODq5nAWXld4hW1zfiVPTzmLn5Lkr-YO1_-uPeA8','2025-01-05 13:42:29','2024-01-06 13:42:29'),(671,19,'eyJhbGciOiJIUzI1NiIsInR5cCI6IkpXVCJ9.eyJucnAiOiIxOTQ1MDgxNzAwIiwibmFtZSI6IkRvc2VuIiwidXNlcl9pZCI6MTksInJvbGVzIjpbImRvc2VuIiwiZG9zZW4iXSwiaWF0IjoxNzA0NTQ4NTg2LCJleHAiOjE3MzYwODQ1ODZ9.1-WDHeiXKmpNM9Y2xy7t9qw459ha7pkpCCA-DMXQ4TA','2025-01-05 13:43:06','2024-01-06 13:43:06'),(672,7,'eyJhbGciOiJIUzI1NiIsInR5cCI6IkpXVCJ9.eyJucnAiOiI1MDIyMjIxMDAxIiwibmFtZSI6ImNvYmExIiwidXNlcl9pZCI6Nywicm9sZXMiOlsicHJha3Rpa2FuIiwiZG9zZW4iXSwiaWF0IjoxNzA0NTQ4NjMyLCJleHAiOjE3MzYwODQ2MzJ9.U-_oaZ7CJf0oQ26bijUtL6Xg-4U2ItJeN5kShFhDSik','2025-01-05 13:43:52','2024-01-06 13:43:52'),(673,7,'eyJhbGciOiJIUzI1NiIsInR5cCI6IkpXVCJ9.eyJucnAiOiI1MDIyMjIxMDAxIiwibmFtZSI6ImNvYmExIiwidXNlcl9pZCI6Nywicm9sZXMiOlsicHJha3Rpa2FuIiwiZG9zZW4iXSwiaWF0IjoxNzA0NTQ4NzM2LCJleHAiOjE3MzYwODQ3MzZ9.FuapyWml5CxXdznTnv3kIjgYXOlKJvUyzZK3MSLjD-c','2025-01-05 13:45:36','2024-01-06 13:45:36'),(674,2,'eyJhbGciOiJIUzI1NiIsInR5cCI6IkpXVCJ9.eyJucnAiOiI1MDI0MjAxMDIzIiwibmFtZSI6IkRlc2lhbmEgRml0cmlhIiwidXNlcl9pZCI6Miwicm9sZXMiOlsiYWRtaW4iXSwiaWF0IjoxNzA0NTQ4NzY4LCJleHAiOjE3MzYwODQ3Njh9.UdLqbzhnPy32vcMpzt8cCSSWu4SKq8O2F31IVaBtzCc','2025-01-05 13:46:08','2024-01-06 13:46:08'),(675,19,'eyJhbGciOiJIUzI1NiIsInR5cCI6IkpXVCJ9.eyJucnAiOiIxOTQ1MDgxNzAwIiwibmFtZSI6IkRvc2VuIiwidXNlcl9pZCI6MTksInJvbGVzIjpbImRvc2VuIiwiZG9zZW4iXSwiaWF0IjoxNzA0NTQ4NzkzLCJleHAiOjE3MzYwODQ3OTN9.aIhhiGwoNaMDE1abpyb8aQN4cEN-UqDF286-CpIgZ2w','2025-01-05 13:46:33','2024-01-06 13:46:33'),(676,19,'eyJhbGciOiJIUzI1NiIsInR5cCI6IkpXVCJ9.eyJucnAiOiIxOTQ1MDgxNzAwIiwibmFtZSI6IkRvc2VuIiwidXNlcl9pZCI6MTksInJvbGVzIjpbImRvc2VuIiwiZG9zZW4iXSwiaWF0IjoxNzA0NTQ4ODA4LCJleHAiOjE3MzYwODQ4MDh9.0ej98yUg2TQ2cGKntXQ3Jp7dHkoe8EQO-5gnZHADWtM','2025-01-05 13:46:48','2024-01-06 13:46:48'),(677,19,'eyJhbGciOiJIUzI1NiIsInR5cCI6IkpXVCJ9.eyJucnAiOiIxOTQ1MDgxNzAwIiwibmFtZSI6IkRvc2VuIiwidXNlcl9pZCI6MTksInJvbGVzIjpbImRvc2VuIiwiZG9zZW4iXSwiaWF0IjoxNzA0NTQ4ODM0LCJleHAiOjE3MzYwODQ4MzR9.oti5n-AHhc8Oa3s9jY6JXnINX4NOUuJjqXt2qM0FFd0','2025-01-05 13:47:14','2024-01-06 13:47:14'),(678,19,'eyJhbGciOiJIUzI1NiIsInR5cCI6IkpXVCJ9.eyJucnAiOiIxOTQ1MDgxNzAwIiwibmFtZSI6IkRvc2VuIiwidXNlcl9pZCI6MTksInJvbGVzIjpbImRvc2VuIiwiZG9zZW4iXSwiaWF0IjoxNzA0NTQ4OTA2LCJleHAiOjE3MzYwODQ5MDZ9.q8mWKSxTmYK4kxkV7a2dzE6Z2ZeSGXIB9H5vEleGb-E','2025-01-05 13:48:26','2024-01-06 13:48:26'),(679,7,'eyJhbGciOiJIUzI1NiIsInR5cCI6IkpXVCJ9.eyJucnAiOiI1MDIyMjIxMDAxIiwibmFtZSI6ImNvYmExIiwidXNlcl9pZCI6Nywicm9sZXMiOlsicHJha3Rpa2FuIiwiZG9zZW4iXSwiaWF0IjoxNzA0NTQ4OTUzLCJleHAiOjE3MzYwODQ5NTN9.xEf4NqrA8A1OFRU62pqh69SJEeUZe2_dDB4nZ2gOdQw','2025-01-05 13:49:13','2024-01-06 13:49:13'),(680,19,'eyJhbGciOiJIUzI1NiIsInR5cCI6IkpXVCJ9.eyJucnAiOiIxOTQ1MDgxNzAwIiwibmFtZSI6IkRvc2VuIiwidXNlcl9pZCI6MTksInJvbGVzIjpbImRvc2VuIiwiZG9zZW4iXSwiaWF0IjoxNzA0NTQ4OTg0LCJleHAiOjE3MzYwODQ5ODR9.nqA6ccY_ORpzg17b92rRVCvwGwO3rJF2olNLxg_O5TM','2025-01-05 13:49:44','2024-01-06 13:49:44'),(681,19,'eyJhbGciOiJIUzI1NiIsInR5cCI6IkpXVCJ9.eyJucnAiOiIxOTQ1MDgxNzAwIiwibmFtZSI6IkRvc2VuIiwidXNlcl9pZCI6MTksInJvbGVzIjpbImRvc2VuIiwiZG9zZW4iXSwiaWF0IjoxNzA0NTQ5MDA1LCJleHAiOjE3MzYwODUwMDV9.Z3Ywds2nNS3_OTD7LfoRUqHjShXusleWuVv7WModHwQ','2025-01-05 13:50:05','2024-01-06 13:50:05'),(682,19,'eyJhbGciOiJIUzI1NiIsInR5cCI6IkpXVCJ9.eyJucnAiOiIxOTQ1MDgxNzAwIiwibmFtZSI6IkRvc2VuIiwidXNlcl9pZCI6MTksInJvbGVzIjpbImRvc2VuIiwiZG9zZW4iXSwiaWF0IjoxNzA0NTQ5NjgyLCJleHAiOjE3MzYwODU2ODJ9.UnLO8YnhcR014y7-2BpRYi9bDPbLOzpu1WuG-Qk0FwU','2025-01-05 14:01:22','2024-01-06 14:01:22'),(683,18,'eyJhbGciOiJIUzI1NiIsInR5cCI6IkpXVCJ9.eyJucnAiOiI1MDI0MjAxMDAxIiwibmFtZSI6ImFubmFzIiwidXNlcl9pZCI6MTgsInJvbGVzIjpbInByYWt0aWthbiJdLCJpYXQiOjE3MDQ1NTEwODIsImV4cCI6MTczNjA4NzA4Mn0.IA-SoNoWJzwwV1LOc6FYyIqCEleWbkfO2mHhqHWlHb0','2025-01-05 14:24:42','2024-01-06 14:24:42'),(684,7,'eyJhbGciOiJIUzI1NiIsInR5cCI6IkpXVCJ9.eyJucnAiOiI1MDIyMjIxMDAxIiwibmFtZSI6ImNvYmExIiwidXNlcl9pZCI6Nywicm9sZXMiOlsicHJha3Rpa2FuIiwiZG9zZW4iXSwiaWF0IjoxNzA0NTUxMTA3LCJleHAiOjE3MzYwODcxMDd9.nIcoPeK6mZsQSbu75zrUwU4T2IJEL3akeaMGRcE10dc','2025-01-05 14:25:07','2024-01-06 14:25:07'),(685,19,'eyJhbGciOiJIUzI1NiIsInR5cCI6IkpXVCJ9.eyJucnAiOiIxOTQ1MDgxNzAwIiwibmFtZSI6IkRvc2VuIiwidXNlcl9pZCI6MTksInJvbGVzIjpbImRvc2VuIiwiZG9zZW4iXSwiaWF0IjoxNzA0NTUxMjA1LCJleHAiOjE3MzYwODcyMDV9.0CKWHMRYC0WRhXvT-g0UhxOlTjHBx2f0f56oJH03h6M','2025-01-05 14:26:45','2024-01-06 14:26:45'),(686,19,'eyJhbGciOiJIUzI1NiIsInR5cCI6IkpXVCJ9.eyJucnAiOiIxOTQ1MDgxNzAwIiwibmFtZSI6IkRvc2VuIiwidXNlcl9pZCI6MTksInJvbGVzIjpbImRvc2VuIiwiZG9zZW4iXSwiaWF0IjoxNzA0NTU0MjU3LCJleHAiOjE3MzYwOTAyNTd9.h0N9uh58AXUVf2kpNqui8JXt_4PIIDldKw9zd8H80Rc','2025-01-05 15:17:37','2024-01-06 15:17:37'),(687,7,'eyJhbGciOiJIUzI1NiIsInR5cCI6IkpXVCJ9.eyJucnAiOiI1MDIyMjIxMDAxIiwibmFtZSI6ImNvYmExIiwidXNlcl9pZCI6Nywicm9sZXMiOlsicHJha3Rpa2FuIiwiZG9zZW4iXSwiaWF0IjoxNzA0NTU0MzUxLCJleHAiOjE3MzYwOTAzNTF9.e149F0dO_9d09FnzhIxvx9FMsW7kWkEGIoq33iz-OIk','2025-01-05 15:19:11','2024-01-06 15:19:11'),(688,7,'eyJhbGciOiJIUzI1NiIsInR5cCI6IkpXVCJ9.eyJucnAiOiI1MDIyMjIxMDAxIiwibmFtZSI6ImNvYmExIiwidXNlcl9pZCI6Nywicm9sZXMiOlsicHJha3Rpa2FuIiwiZG9zZW4iXSwiaWF0IjoxNzA0NTU0NzU4LCJleHAiOjE3MzYwOTA3NTh9.4Dglp2_z7bxg4LjLGGQcp1QO8YKiT_QFnHccD1orPtI','2025-01-05 15:25:58','2024-01-06 15:25:58'),(689,3,'eyJhbGciOiJIUzI1NiIsInR5cCI6IkpXVCJ9.eyJucnAiOiI1MDI0MjAxMDQ2IiwibmFtZSI6IkZhaXNhbCBUaGFyaXEiLCJ1c2VyX2lkIjozLCJyb2xlcyI6WyJwcmFrdGlrYW4iLCJhc2lzdGVuIl0sImlhdCI6MTcwNDU1NDc4NSwiZXhwIjoxNzM2MDkwNzg1fQ.vR2J8fiaQaiNZueQ1FLZIKCMYDU9OfVwaxLZwRuD0_E','2025-01-05 15:26:25','2024-01-06 15:26:25'),(690,7,'eyJhbGciOiJIUzI1NiIsInR5cCI6IkpXVCJ9.eyJucnAiOiI1MDIyMjIxMDAxIiwibmFtZSI6ImNvYmExIiwidXNlcl9pZCI6Nywicm9sZXMiOlsicHJha3Rpa2FuIiwiZG9zZW4iXSwiaWF0IjoxNzA0NTU0ODcyLCJleHAiOjE3MzYwOTA4NzJ9.tuWv9SggDVQ8EhcQrWA3cR0UmUK7EVwNse-QxvyTtAc','2025-01-05 15:27:52','2024-01-06 15:27:52'),(691,3,'eyJhbGciOiJIUzI1NiIsInR5cCI6IkpXVCJ9.eyJucnAiOiI1MDI0MjAxMDQ2IiwibmFtZSI6IkZhaXNhbCBUaGFyaXEiLCJ1c2VyX2lkIjozLCJyb2xlcyI6WyJwcmFrdGlrYW4iLCJhc2lzdGVuIl0sImlhdCI6MTcwNDU1NDkzOCwiZXhwIjoxNzM2MDkwOTM4fQ.FcMeSxSYF2lLbBKJkBBj7ICXanp46u9OLfc3hJ1waFE','2025-01-05 15:28:58','2024-01-06 15:28:58'),(692,7,'eyJhbGciOiJIUzI1NiIsInR5cCI6IkpXVCJ9.eyJucnAiOiI1MDIyMjIxMDAxIiwibmFtZSI6ImNvYmExIiwidXNlcl9pZCI6Nywicm9sZXMiOlsicHJha3Rpa2FuIiwiZG9zZW4iXSwiaWF0IjoxNzA0NTU0OTYwLCJleHAiOjE3MzYwOTA5NjB9.z4Q_2gkm9QhyoCL-GDfHlRXHEj3nEYd5Y-7la4yEG9s','2025-01-05 15:29:20','2024-01-06 15:29:20'),(693,7,'eyJhbGciOiJIUzI1NiIsInR5cCI6IkpXVCJ9.eyJucnAiOiI1MDIyMjIxMDAxIiwibmFtZSI6ImNvYmExIiwidXNlcl9pZCI6Nywicm9sZXMiOlsicHJha3Rpa2FuIiwiZG9zZW4iXSwiaWF0IjoxNzA0NTU1MDM5LCJleHAiOjE3MzYwOTEwMzl9.QtZ3uJy-i0iCOFCSa7a6q9yTwdNbNNe4F0YVEvi7UZc','2025-01-05 15:30:39','2024-01-06 15:30:39'),(694,7,'eyJhbGciOiJIUzI1NiIsInR5cCI6IkpXVCJ9.eyJucnAiOiI1MDIyMjIxMDAxIiwibmFtZSI6ImNvYmExIiwidXNlcl9pZCI6Nywicm9sZXMiOlsicHJha3Rpa2FuIiwiZG9zZW4iXSwiaWF0IjoxNzA0NTU1MDU3LCJleHAiOjE3MzYwOTEwNTd9.dhFiQf6YP55JO58rCpwkJcxSXev3Vbey7ANZQ213Bes','2025-01-05 15:30:57','2024-01-06 15:30:57'),(695,3,'eyJhbGciOiJIUzI1NiIsInR5cCI6IkpXVCJ9.eyJucnAiOiI1MDI0MjAxMDQ2IiwibmFtZSI6IkZhaXNhbCBUaGFyaXEiLCJ1c2VyX2lkIjozLCJyb2xlcyI6WyJwcmFrdGlrYW4iLCJhc2lzdGVuIl0sImlhdCI6MTcwNDU1NTQyNiwiZXhwIjoxNzM2MDkxNDI2fQ.r6UPsPaJ9OR9ZTitd_LoWq8Bu_5rZH7KvnQH1zmLKGI','2025-01-05 15:37:06','2024-01-06 15:37:06'),(696,7,'eyJhbGciOiJIUzI1NiIsInR5cCI6IkpXVCJ9.eyJucnAiOiI1MDIyMjIxMDAxIiwibmFtZSI6ImNvYmExIiwidXNlcl9pZCI6Nywicm9sZXMiOlsicHJha3Rpa2FuIiwiZG9zZW4iXSwiaWF0IjoxNzA0NTU1NTM2LCJleHAiOjE3MzYwOTE1MzZ9.Q55YKnSCGR0ws6GdwVvMN5GGOhvj_qKog71uq4y4uFU','2025-01-05 15:38:56','2024-01-06 15:38:56'),(697,7,'eyJhbGciOiJIUzI1NiIsInR5cCI6IkpXVCJ9.eyJucnAiOiI1MDIyMjIxMDAxIiwibmFtZSI6ImNvYmExIiwidXNlcl9pZCI6Nywicm9sZXMiOlsicHJha3Rpa2FuIiwiZG9zZW4iXSwiaWF0IjoxNzA0NTU1NTY1LCJleHAiOjE3MzYwOTE1NjV9.xnWQ4he-mxW_E-gT3YsHoBRHcMIM1P9Xhg9qrvh84sQ','2025-01-05 15:39:25','2024-01-06 15:39:25'),(698,3,'eyJhbGciOiJIUzI1NiIsInR5cCI6IkpXVCJ9.eyJucnAiOiI1MDI0MjAxMDQ2IiwibmFtZSI6IkZhaXNhbCBUaGFyaXEiLCJ1c2VyX2lkIjozLCJyb2xlcyI6WyJwcmFrdGlrYW4iLCJhc2lzdGVuIl0sImlhdCI6MTcwNDU1NTU3OSwiZXhwIjoxNzM2MDkxNTc5fQ.x-2fyO8iNrgwddV36MS4ECDNgUFtOs3t8x020wUmXig','2025-01-05 15:39:39','2024-01-06 15:39:39'),(699,3,'eyJhbGciOiJIUzI1NiIsInR5cCI6IkpXVCJ9.eyJucnAiOiI1MDI0MjAxMDQ2IiwibmFtZSI6IkZhaXNhbCBUaGFyaXEiLCJ1c2VyX2lkIjozLCJyb2xlcyI6WyJwcmFrdGlrYW4iLCJhc2lzdGVuIl0sImlhdCI6MTcwNDU1NTU4MCwiZXhwIjoxNzM2MDkxNTgwfQ.6iZPzAr0q9rSPsY-ducS43kYjmtee2NhI14EwIcRieo','2025-01-05 15:39:40','2024-01-06 15:39:40'),(700,7,'eyJhbGciOiJIUzI1NiIsInR5cCI6IkpXVCJ9.eyJucnAiOiI1MDIyMjIxMDAxIiwibmFtZSI6ImNvYmExIiwidXNlcl9pZCI6Nywicm9sZXMiOlsicHJha3Rpa2FuIiwiZG9zZW4iXSwiaWF0IjoxNzA0NTU1NjEwLCJleHAiOjE3MzYwOTE2MTB9.wZA8FBcEEEtscsHewvWm2VBC3k6E-Cs_72KNyqkOqsw','2025-01-05 15:40:10','2024-01-06 15:40:10'),(701,7,'eyJhbGciOiJIUzI1NiIsInR5cCI6IkpXVCJ9.eyJucnAiOiI1MDIyMjIxMDAxIiwibmFtZSI6ImNvYmExIiwidXNlcl9pZCI6Nywicm9sZXMiOlsicHJha3Rpa2FuIiwiZG9zZW4iXSwiaWF0IjoxNzA0NTU1NjQ3LCJleHAiOjE3MzYwOTE2NDd9.ehJhNTmLt-SFtfLJSq5CosGpzNk6DS9xP_WV9HVgWME','2025-01-05 15:40:47','2024-01-06 15:40:47'),(702,13,'eyJhbGciOiJIUzI1NiIsInR5cCI6IkpXVCJ9.eyJucnAiOiI1MDI0MjAxMDY4IiwibmFtZSI6InJ1a3kiLCJ1c2VyX2lkIjoxMywicm9sZXMiOlsicHJha3Rpa2FuIiwia29vcmRpbmF0b3IiXSwiaWF0IjoxNzA0NTU2MDkxLCJleHAiOjE3MzYwOTIwOTF9.vuDpNUio2iaIfEm9kXgN6ll9LL2T0W-fiGGhnwm3D7g','2025-01-05 15:48:11','2024-01-06 15:48:11'),(703,2,'eyJhbGciOiJIUzI1NiIsInR5cCI6IkpXVCJ9.eyJucnAiOiI1MDI0MjAxMDIzIiwibmFtZSI6IkRlc2lhbmEgRml0cmlhIiwidXNlcl9pZCI6Miwicm9sZXMiOlsiYWRtaW4iXSwiaWF0IjoxNzA0NTY0NDE4LCJleHAiOjE3MzYxMDA0MTh9.BDLpN2V2iF_tiSo7xku1iT6MGyPyuRYJHW1L32BjKMs','2025-01-05 18:06:58','2024-01-06 18:06:58'),(704,2,'eyJhbGciOiJIUzI1NiIsInR5cCI6IkpXVCJ9.eyJucnAiOiI1MDI0MjAxMDIzIiwibmFtZSI6IkRlc2lhbmEgRml0cmlhIiwidXNlcl9pZCI6Miwicm9sZXMiOlsiYWRtaW4iXSwiaWF0IjoxNzA0NjA5NjExLCJleHAiOjE3MzYxNDU2MTF9.YOSWCmGD9zcxcc-iQiaG__8HQee_o7zR29WTIqdwOfQ','2025-01-06 06:40:11','2024-01-07 06:40:11'),(705,3,'eyJhbGciOiJIUzI1NiIsInR5cCI6IkpXVCJ9.eyJucnAiOiI1MDI0MjAxMDQ2IiwibmFtZSI6IkZhaXNhbCBUaGFyaXEiLCJ1c2VyX2lkIjozLCJyb2xlcyI6WyJwcmFrdGlrYW4iLCJhc2lzdGVuIl0sImlhdCI6MTcwNDYxMTYzNSwiZXhwIjoxNzM2MTQ3NjM1fQ.Z7iFSgbj_dq2H9ZTZLywcz0P3JcOlRBUXvzzqmd5pE8','2025-01-06 07:13:55','2024-01-07 07:13:55'),(706,3,'eyJhbGciOiJIUzI1NiIsInR5cCI6IkpXVCJ9.eyJucnAiOiI1MDI0MjAxMDQ2IiwibmFtZSI6IkZhaXNhbCBUaGFyaXEiLCJ1c2VyX2lkIjozLCJyb2xlcyI6WyJwcmFrdGlrYW4iLCJhc2lzdGVuIl0sImlhdCI6MTcwNDYxMTgyNCwiZXhwIjoxNzM2MTQ3ODI0fQ.Jc6_rZGVOP9m-pLOKy71W1Sh3GywaIDTw_5F7-v3ZiY','2025-01-06 07:17:04','2024-01-07 07:17:04'),(707,13,'eyJhbGciOiJIUzI1NiIsInR5cCI6IkpXVCJ9.eyJucnAiOiI1MDI0MjAxMDY4IiwibmFtZSI6InJ1a3kiLCJ1c2VyX2lkIjoxMywicm9sZXMiOlsicHJha3Rpa2FuIiwia29vcmRpbmF0b3IiXSwiaWF0IjoxNzA0NjExODQyLCJleHAiOjE3MzYxNDc4NDJ9.PvloFzi6JCncWQgJEQmKX_COZn3E-ji9BC0c9DQJzO4','2025-01-06 07:17:22','2024-01-07 07:17:22'),(708,13,'eyJhbGciOiJIUzI1NiIsInR5cCI6IkpXVCJ9.eyJucnAiOiI1MDI0MjAxMDY4IiwibmFtZSI6InJ1a3kiLCJ1c2VyX2lkIjoxMywicm9sZXMiOlsicHJha3Rpa2FuIiwia29vcmRpbmF0b3IiXSwiaWF0IjoxNzA0NjEyMzAyLCJleHAiOjE3MzYxNDgzMDJ9.UKXiSxSMoJDhXYVeQ8uTl9D4J9-696mXAdVbhy8emtA','2025-01-06 07:25:02','2024-01-07 07:25:02'),(709,3,'eyJhbGciOiJIUzI1NiIsInR5cCI6IkpXVCJ9.eyJucnAiOiI1MDI0MjAxMDQ2IiwibmFtZSI6IkZhaXNhbCBUaGFyaXEiLCJ1c2VyX2lkIjozLCJyb2xlcyI6WyJwcmFrdGlrYW4iLCJhc2lzdGVuIl0sImlhdCI6MTcwNDYxNjAyOCwiZXhwIjoxNzM2MTUyMDI4fQ.JjV_mQHCA0BzD3sYo62yqoMZ5HgKn-OCfalDLOTp8z8','2025-01-06 08:27:08','2024-01-07 08:27:08'),(710,2,'eyJhbGciOiJIUzI1NiIsInR5cCI6IkpXVCJ9.eyJucnAiOiI1MDI0MjAxMDIzIiwibmFtZSI6IkRlc2lhbmEgRml0cmlhIiwidXNlcl9pZCI6Miwicm9sZXMiOlsiYWRtaW4iXSwiaWF0IjoxNzA0NjE2ODQ4LCJleHAiOjE3MzYxNTI4NDh9.ANxZ5bbFGX3UkgFWduviOu5FJpvGFkuaZyfbbHE9Xg4','2025-01-06 08:40:48','2024-01-07 08:40:48'),(711,2,'eyJhbGciOiJIUzI1NiIsInR5cCI6IkpXVCJ9.eyJucnAiOiI1MDI0MjAxMDIzIiwibmFtZSI6IkRlc2lhbmEgRml0cmlhIiwidXNlcl9pZCI6Miwicm9sZXMiOlsiYWRtaW4iXSwiaWF0IjoxNzA0NjE3MjI1LCJleHAiOjE3MzYxNTMyMjV9.-JrfMmdgoVQlSzbVr9xxebelWrfYi_iCJAjyZOVobH0','2025-01-06 08:47:05','2024-01-07 08:47:05'),(712,2,'eyJhbGciOiJIUzI1NiIsInR5cCI6IkpXVCJ9.eyJucnAiOiI1MDI0MjAxMDIzIiwibmFtZSI6IkRlc2lhbmEgRml0cmlhIiwidXNlcl9pZCI6Miwicm9sZXMiOlsiYWRtaW4iXSwiaWF0IjoxNzA0NjE3ODIxLCJleHAiOjE3MzYxNTM4MjF9.dQiXlrbpUcwiiusbYkXkl_XP3a0awhldZIqAVzl9v5I','2025-01-06 08:57:01','2024-01-07 08:57:01'),(713,3,'eyJhbGciOiJIUzI1NiIsInR5cCI6IkpXVCJ9.eyJucnAiOiI1MDI0MjAxMDQ2IiwibmFtZSI6IkZhaXNhbCBUaGFyaXEiLCJ1c2VyX2lkIjozLCJyb2xlcyI6WyJwcmFrdGlrYW4iLCJhc2lzdGVuIl0sImlhdCI6MTcwNDYzMDEyOCwiZXhwIjoxNzM2MTY2MTI4fQ.xdYJWYMCQcCoh8_q59v3JcH2ODbJaTUzWRcMZjn6U9I','2025-01-06 12:22:08','2024-01-07 12:22:08'),(714,3,'eyJhbGciOiJIUzI1NiIsInR5cCI6IkpXVCJ9.eyJucnAiOiI1MDI0MjAxMDQ2IiwibmFtZSI6IkZhaXNhbCBUaGFyaXEiLCJ1c2VyX2lkIjozLCJyb2xlcyI6WyJwcmFrdGlrYW4iLCJhc2lzdGVuIl0sImlhdCI6MTcwNDYzMDE2NiwiZXhwIjoxNzM2MTY2MTY2fQ.EqZsvsWWASkvWe2lWigF1ZrsvXW4y-sgd_KzBBsizio','2025-01-06 12:22:46','2024-01-07 12:22:46'),(715,3,'eyJhbGciOiJIUzI1NiIsInR5cCI6IkpXVCJ9.eyJucnAiOiI1MDI0MjAxMDQ2IiwibmFtZSI6IkZhaXNhbCBUaGFyaXEiLCJ1c2VyX2lkIjozLCJyb2xlcyI6WyJwcmFrdGlrYW4iLCJhc2lzdGVuIl0sImlhdCI6MTcwNDYzMDMwMSwiZXhwIjoxNzM2MTY2MzAxfQ.LtAttcesF3o6q9K745zieVf-EbQ2Ctus44gJi5dAFaY','2025-01-06 12:25:01','2024-01-07 12:25:01'),(716,2,'eyJhbGciOiJIUzI1NiIsInR5cCI6IkpXVCJ9.eyJucnAiOiI1MDI0MjAxMDIzIiwibmFtZSI6IkRlc2lhbmEgRml0cmlhIiwidXNlcl9pZCI6Miwicm9sZXMiOlsiYWRtaW4iXSwiaWF0IjoxNzA0NjMwODk4LCJleHAiOjE3MzYxNjY4OTh9.DXTZP6yzBI6naQcHepop8VKh0dZbE0WgbxUHIDXGaZA','2025-01-06 12:34:58','2024-01-07 12:34:58'),(717,3,'eyJhbGciOiJIUzI1NiIsInR5cCI6IkpXVCJ9.eyJucnAiOiI1MDI0MjAxMDQ2IiwibmFtZSI6IkZhaXNhbCBUaGFyaXEiLCJ1c2VyX2lkIjozLCJyb2xlcyI6WyJwcmFrdGlrYW4iLCJhc2lzdGVuIl0sImlhdCI6MTcwNDYzMDkzNiwiZXhwIjoxNzM2MTY2OTM2fQ.kGEYkr6fZ5SBMRGcp07_NTTjD-Dq17UvUdkMt8D3woc','2025-01-06 12:35:36','2024-01-07 12:35:36'),(718,2,'eyJhbGciOiJIUzI1NiIsInR5cCI6IkpXVCJ9.eyJucnAiOiI1MDI0MjAxMDIzIiwibmFtZSI6IkRlc2lhbmEgRml0cmlhIiwidXNlcl9pZCI6Miwicm9sZXMiOlsiYWRtaW4iXSwiaWF0IjoxNzA0NjMwOTk0LCJleHAiOjE3MzYxNjY5OTR9.jgxYNfIJK49r-Q8juWFNMaqwLmwI-x8GoicQodLzwOk','2025-01-06 12:36:34','2024-01-07 12:36:34'),(719,3,'eyJhbGciOiJIUzI1NiIsInR5cCI6IkpXVCJ9.eyJucnAiOiI1MDI0MjAxMDQ2IiwibmFtZSI6IkZhaXNhbCBUaGFyaXEiLCJ1c2VyX2lkIjozLCJyb2xlcyI6WyJwcmFrdGlrYW4iLCJhc2lzdGVuIl0sImlhdCI6MTcwNDYzMTEzOSwiZXhwIjoxNzM2MTY3MTM5fQ.HUaSHMpsnW0z44OPlZ5NSXlq_DmmcIBmQmnR7BVZPqg','2025-01-06 12:38:59','2024-01-07 12:38:59'),(720,3,'eyJhbGciOiJIUzI1NiIsInR5cCI6IkpXVCJ9.eyJucnAiOiI1MDI0MjAxMDQ2IiwibmFtZSI6IkZhaXNhbCBUaGFyaXEiLCJ1c2VyX2lkIjozLCJyb2xlcyI6WyJwcmFrdGlrYW4iLCJhc2lzdGVuIl0sImlhdCI6MTcwNDYzMTE4MCwiZXhwIjoxNzM2MTY3MTgwfQ.-XjQr1S7oi3ycXneVddq5AN_zV5TdoZ9sCHOXLAG3mc','2025-01-06 12:39:40','2024-01-07 12:39:40'),(721,3,'eyJhbGciOiJIUzI1NiIsInR5cCI6IkpXVCJ9.eyJucnAiOiI1MDI0MjAxMDQ2IiwibmFtZSI6IkZhaXNhbCBUaGFyaXEiLCJ1c2VyX2lkIjozLCJyb2xlcyI6WyJwcmFrdGlrYW4iLCJhc2lzdGVuIl0sImlhdCI6MTcwNDYzMTI1NiwiZXhwIjoxNzM2MTY3MjU2fQ.78tK-_rVOv9f-VpgbAWY4CRzkxtCNx88goyQ6lmwX-o','2025-01-06 12:40:56','2024-01-07 12:40:56'),(722,3,'eyJhbGciOiJIUzI1NiIsInR5cCI6IkpXVCJ9.eyJucnAiOiI1MDI0MjAxMDQ2IiwibmFtZSI6IkZhaXNhbCBUaGFyaXEiLCJ1c2VyX2lkIjozLCJyb2xlcyI6WyJwcmFrdGlrYW4iLCJhc2lzdGVuIl0sImlhdCI6MTcwNDYzMTMyNiwiZXhwIjoxNzM2MTY3MzI2fQ.QkAc-OY4X0zjJhUXQhlS4hx5ZfS3xAIl4Qcw1eq9IEw','2025-01-06 12:42:06','2024-01-07 12:42:06'),(723,2,'eyJhbGciOiJIUzI1NiIsInR5cCI6IkpXVCJ9.eyJucnAiOiI1MDI0MjAxMDIzIiwibmFtZSI6IkRlc2lhbmEgRml0cmlhIiwidXNlcl9pZCI6Miwicm9sZXMiOlsiYWRtaW4iXSwiaWF0IjoxNzA0NjMxMzI4LCJleHAiOjE3MzYxNjczMjh9._1fsDlC12mQpM0zzaHEMYwGNxgPaNXFkdj6tD2smuNA','2025-01-06 12:42:08','2024-01-07 12:42:08'),(724,2,'eyJhbGciOiJIUzI1NiIsInR5cCI6IkpXVCJ9.eyJucnAiOiI1MDI0MjAxMDIzIiwibmFtZSI6IkRlc2lhbmEgRml0cmlhIiwidXNlcl9pZCI6Miwicm9sZXMiOlsiYWRtaW4iXSwiaWF0IjoxNzA0NjMxNTI2LCJleHAiOjE3MzYxNjc1MjZ9.mCsu1JZQHU5YF4aTHFe25b4GLEQmg8iC93PN1q8YeA8','2025-01-06 12:45:26','2024-01-07 12:45:26'),(725,3,'eyJhbGciOiJIUzI1NiIsInR5cCI6IkpXVCJ9.eyJucnAiOiI1MDI0MjAxMDQ2IiwibmFtZSI6IkZhaXNhbCBUaGFyaXEiLCJ1c2VyX2lkIjozLCJyb2xlcyI6WyJwcmFrdGlrYW4iLCJhc2lzdGVuIl0sImlhdCI6MTcwNDYzMTU2MiwiZXhwIjoxNzM2MTY3NTYyfQ.fyIOx-vd9XAOxAqa8lEaU_uU2DgyeiqRX_4mkvNzCZk','2025-01-06 12:46:02','2024-01-07 12:46:02'),(726,3,'eyJhbGciOiJIUzI1NiIsInR5cCI6IkpXVCJ9.eyJucnAiOiI1MDI0MjAxMDQ2IiwibmFtZSI6IkZhaXNhbCBUaGFyaXEiLCJ1c2VyX2lkIjozLCJyb2xlcyI6WyJwcmFrdGlrYW4iLCJhc2lzdGVuIl0sImlhdCI6MTcwNDYzMTU3MCwiZXhwIjoxNzM2MTY3NTcwfQ.1Q-XUOTZ1y0ELenzS_0CZRkFaD-RXoSwT6Sfexz81f0','2025-01-06 12:46:10','2024-01-07 12:46:10'),(727,2,'eyJhbGciOiJIUzI1NiIsInR5cCI6IkpXVCJ9.eyJucnAiOiI1MDI0MjAxMDIzIiwibmFtZSI6IkRlc2lhbmEgRml0cmlhIiwidXNlcl9pZCI6Miwicm9sZXMiOlsiYWRtaW4iXSwiaWF0IjoxNzA0NjMxNjU3LCJleHAiOjE3MzYxNjc2NTd9.LBK1KTIKdHoTcx4F4-nq_vVyvzD-p_zaAaDEwkaQjt4','2025-01-06 12:47:37','2024-01-07 12:47:37'),(728,3,'eyJhbGciOiJIUzI1NiIsInR5cCI6IkpXVCJ9.eyJucnAiOiI1MDI0MjAxMDQ2IiwibmFtZSI6IkZhaXNhbCBUaGFyaXEiLCJ1c2VyX2lkIjozLCJyb2xlcyI6WyJwcmFrdGlrYW4iLCJhc2lzdGVuIl0sImlhdCI6MTcwNDYzMTY3MCwiZXhwIjoxNzM2MTY3NjcwfQ.-6zCJatXA8vSc5_zPfTmnhKoPTMxWXUTh1adkVJD9_M','2025-01-06 12:47:50','2024-01-07 12:47:50'),(729,2,'eyJhbGciOiJIUzI1NiIsInR5cCI6IkpXVCJ9.eyJucnAiOiI1MDI0MjAxMDIzIiwibmFtZSI6IkRlc2lhbmEgRml0cmlhIiwidXNlcl9pZCI6Miwicm9sZXMiOlsiYWRtaW4iXSwiaWF0IjoxNzA0NjMxNjk0LCJleHAiOjE3MzYxNjc2OTR9.SlP6-FeSBw9NvOzuIkyO0WAiYTNnvQ2v7jxrTkxGqsY','2025-01-06 12:48:14','2024-01-07 12:48:14'),(730,3,'eyJhbGciOiJIUzI1NiIsInR5cCI6IkpXVCJ9.eyJucnAiOiI1MDI0MjAxMDQ2IiwibmFtZSI6IkZhaXNhbCBUaGFyaXEiLCJ1c2VyX2lkIjozLCJyb2xlcyI6WyJwcmFrdGlrYW4iLCJhc2lzdGVuIl0sImlhdCI6MTcwNDYzMjEyNiwiZXhwIjoxNzM2MTY4MTI2fQ.zTkNSIe4yGlqkTnZXaeX-s38Y3ftGH6cnorDjBoFwCg','2025-01-06 12:55:26','2024-01-07 12:55:26'),(731,3,'eyJhbGciOiJIUzI1NiIsInR5cCI6IkpXVCJ9.eyJucnAiOiI1MDI0MjAxMDQ2IiwibmFtZSI6IkZhaXNhbCBUaGFyaXEiLCJ1c2VyX2lkIjozLCJyb2xlcyI6WyJwcmFrdGlrYW4iLCJhc2lzdGVuIl0sImlhdCI6MTcwNDYzMjc0MiwiZXhwIjoxNzM2MTY4NzQyfQ.k5AbrHEh4GiPnELYJ_1GVv5Q2XvI61SaJUt9G-DwFI4','2025-01-06 13:05:42','2024-01-07 13:05:42'),(732,3,'eyJhbGciOiJIUzI1NiIsInR5cCI6IkpXVCJ9.eyJucnAiOiI1MDI0MjAxMDQ2IiwibmFtZSI6IkZhaXNhbCBUaGFyaXEiLCJ1c2VyX2lkIjozLCJyb2xlcyI6WyJwcmFrdGlrYW4iLCJhc2lzdGVuIl0sImlhdCI6MTcwNDYzMjc0NCwiZXhwIjoxNzM2MTY4NzQ0fQ.MJX3YePvN1sofxNcrMw4d5Kiw6gEDEMLBJXs6vo01L8','2025-01-06 13:05:44','2024-01-07 13:05:44'),(733,3,'eyJhbGciOiJIUzI1NiIsInR5cCI6IkpXVCJ9.eyJucnAiOiI1MDI0MjAxMDQ2IiwibmFtZSI6IkZhaXNhbCBUaGFyaXEiLCJ1c2VyX2lkIjozLCJyb2xlcyI6WyJwcmFrdGlrYW4iLCJhc2lzdGVuIl0sImlhdCI6MTcwNDYzNDc3NSwiZXhwIjoxNzM2MTcwNzc1fQ.thSObgC9hW7WBno_2Bandih6FjpbKursYD7PnaE4kTI','2025-01-06 13:39:35','2024-01-07 13:39:35'),(734,2,'eyJhbGciOiJIUzI1NiIsInR5cCI6IkpXVCJ9.eyJucnAiOiI1MDI0MjAxMDIzIiwibmFtZSI6IkRlc2lhbmEgRml0cmlhIiwidXNlcl9pZCI6Miwicm9sZXMiOlsiYWRtaW4iXSwiaWF0IjoxNzA0NjM0OTQ5LCJleHAiOjE3MzYxNzA5NDl9.3PG30uiCNxQ4hIn9zOqCThhIG7yGn-alkDFk_J5Bjqo','2025-01-06 13:42:29','2024-01-07 13:42:29'),(735,3,'eyJhbGciOiJIUzI1NiIsInR5cCI6IkpXVCJ9.eyJucnAiOiI1MDI0MjAxMDQ2IiwibmFtZSI6IkZhaXNhbCBUaGFyaXEiLCJ1c2VyX2lkIjozLCJyb2xlcyI6WyJwcmFrdGlrYW4iLCJhc2lzdGVuIl0sImlhdCI6MTcwNDYzNTE1NCwiZXhwIjoxNzM2MTcxMTU0fQ.dN78rlStckmMO5O1GihXYlGHcCd65_lHc2_Z1ReF0OU','2025-01-06 13:45:54','2024-01-07 13:45:54'),(736,10,'eyJhbGciOiJIUzI1NiIsInR5cCI6IkpXVCJ9.eyJucnAiOiI1MDI0MjAxMDAwIiwibmFtZSI6IlRlc3QiLCJ1c2VyX2lkIjoxMCwicm9sZXMiOlsicHJha3Rpa2FuIl0sImlhdCI6MTcwNDYzNTIxMywiZXhwIjoxNzM2MTcxMjEzfQ.Qr7gMAb9Y7qycBWSb7YVns2U5IO-pZtYV794MJTiACw','2025-01-06 13:46:53','2024-01-07 13:46:53'),(737,20,'eyJhbGciOiJIUzI1NiIsInR5cCI6IkpXVCJ9.eyJucnAiOiIxOTI0MzYxNTI3IiwibmFtZSI6Ikpva28gU3VzaWxvIiwidXNlcl9pZCI6MjAsInJvbGVzIjpbImRvc2VuIl0sImlhdCI6MTcwNDYzNTc0NiwiZXhwIjoxNzM2MTcxNzQ2fQ.b2u55jEE4FFd4LvSiFDOKS5EZ3BmOwTYGI6BXee-XIY','2025-01-06 13:55:46','2024-01-07 13:55:46'),(738,2,'eyJhbGciOiJIUzI1NiIsInR5cCI6IkpXVCJ9.eyJucnAiOiI1MDI0MjAxMDIzIiwibmFtZSI6IkRlc2lhbmEgRml0cmlhIiwidXNlcl9pZCI6Miwicm9sZXMiOlsiYWRtaW4iXSwiaWF0IjoxNzA0NjM1ODA3LCJleHAiOjE3MzYxNzE4MDd9.3t2nIP3XixWsCx5N-tVhFrm-PypeUs67LqH_6tSB3Ho','2025-01-06 13:56:47','2024-01-07 13:56:47'),(739,13,'eyJhbGciOiJIUzI1NiIsInR5cCI6IkpXVCJ9.eyJucnAiOiI1MDI0MjAxMDY4IiwibmFtZSI6InJ1a3kiLCJ1c2VyX2lkIjoxMywicm9sZXMiOlsicHJha3Rpa2FuIiwia29vcmRpbmF0b3IiXSwiaWF0IjoxNzA0NjM1ODc0LCJleHAiOjE3MzYxNzE4NzR9.9ticQlfXbv7exBI739rXAkm_ceufBvshZB1LjN2bmgs','2025-01-06 13:57:54','2024-01-07 13:57:54'),(740,2,'eyJhbGciOiJIUzI1NiIsInR5cCI6IkpXVCJ9.eyJucnAiOiI1MDI0MjAxMDIzIiwibmFtZSI6IkRlc2lhbmEgRml0cmlhIiwidXNlcl9pZCI6Miwicm9sZXMiOlsiYWRtaW4iXSwiaWF0IjoxNzA0NjM2MTAyLCJleHAiOjE3MzYxNzIxMDJ9.fhoGbnosxIBe785aCXqsEDjkASwP-BXJVc6HVFVCNZc','2025-01-06 14:01:42','2024-01-07 14:01:42'),(741,2,'eyJhbGciOiJIUzI1NiIsInR5cCI6IkpXVCJ9.eyJucnAiOiI1MDI0MjAxMDIzIiwibmFtZSI6IkRlc2lhbmEgRml0cmlhIiwidXNlcl9pZCI6Miwicm9sZXMiOlsiYWRtaW4iXSwiaWF0IjoxNzA0NjM2MTQxLCJleHAiOjE3MzYxNzIxNDF9.q6QTdZYIHUUWQglSr3JX3P8kzkR--_GKa_cxx_qZxX8','2025-01-06 14:02:21','2024-01-07 14:02:21'),(742,3,'eyJhbGciOiJIUzI1NiIsInR5cCI6IkpXVCJ9.eyJucnAiOiI1MDI0MjAxMDQ2IiwibmFtZSI6IkZhaXNhbCBUaGFyaXEiLCJ1c2VyX2lkIjozLCJyb2xlcyI6WyJwcmFrdGlrYW4iLCJhc2lzdGVuIiwiYXNpc3RlbiJdLCJpYXQiOjE3MDQ2MzYzODUsImV4cCI6MTczNjE3MjM4NX0.mVW_67yMRp6ZvW72mR2FFoBoJhAhe90gxa38YEs6Pmc','2025-01-06 14:06:25','2024-01-07 14:06:25'),(743,2,'eyJhbGciOiJIUzI1NiIsInR5cCI6IkpXVCJ9.eyJucnAiOiI1MDI0MjAxMDIzIiwibmFtZSI6IkRlc2lhbmEgRml0cmlhIiwidXNlcl9pZCI6Miwicm9sZXMiOlsiYWRtaW4iXSwiaWF0IjoxNzA0NjM2NDMzLCJleHAiOjE3MzYxNzI0MzN9.7sMv4HT-rsOjMTKEeCJZJYghHO_EOY0EgCtTWDulkxs','2025-01-06 14:07:13','2024-01-07 14:07:13'),(744,3,'eyJhbGciOiJIUzI1NiIsInR5cCI6IkpXVCJ9.eyJucnAiOiI1MDI0MjAxMDQ2IiwibmFtZSI6IkZhaXNhbCBUaGFyaXEiLCJ1c2VyX2lkIjozLCJyb2xlcyI6WyJwcmFrdGlrYW4iLCJhc2lzdGVuIiwiYXNpc3RlbiJdLCJpYXQiOjE3MDQ2MzY0ODQsImV4cCI6MTczNjE3MjQ4NH0.0pXyMWinhLfrmhGGssQx8Dfdiyipv224acrAsP8nH5k','2025-01-06 14:08:04','2024-01-07 14:08:04'),(745,3,'eyJhbGciOiJIUzI1NiIsInR5cCI6IkpXVCJ9.eyJucnAiOiI1MDI0MjAxMDQ2IiwibmFtZSI6IkZhaXNhbCBUaGFyaXEiLCJ1c2VyX2lkIjozLCJyb2xlcyI6WyJwcmFrdGlrYW4iLCJhc2lzdGVuIiwiYXNpc3RlbiJdLCJpYXQiOjE3MDQ2MzY0ODcsImV4cCI6MTczNjE3MjQ4N30.XY_8piZPnu0KxSAB4GQEYnAj2czS67XphPjuUsAtsrs','2025-01-06 14:08:07','2024-01-07 14:08:07'),(746,13,'eyJhbGciOiJIUzI1NiIsInR5cCI6IkpXVCJ9.eyJucnAiOiI1MDI0MjAxMDY4IiwibmFtZSI6InJ1a3kiLCJ1c2VyX2lkIjoxMywicm9sZXMiOlsicHJha3Rpa2FuIiwia29vcmRpbmF0b3IiLCJrb29yZGluYXRvciJdLCJpYXQiOjE3MDQ2MzY2MzMsImV4cCI6MTczNjE3MjYzM30.rNP524RBwoHgI412jd3tjd_flbqqpz0mse5_0Is50f0','2025-01-06 14:10:33','2024-01-07 14:10:33'),(747,20,'eyJhbGciOiJIUzI1NiIsInR5cCI6IkpXVCJ9.eyJucnAiOiIxOTI0MzYxNTI3IiwibmFtZSI6Ikpva28gU3VzaWxvIiwidXNlcl9pZCI6MjAsInJvbGVzIjpbImRvc2VuIiwiZG9zZW4iXSwiaWF0IjoxNzA0NjM2NjY5LCJleHAiOjE3MzYxNzI2Njl9.DMZBotcxxuDUlvRA8tyvlCyfKRk432mZSROqapaJmMs','2025-01-06 14:11:09','2024-01-07 14:11:09'),(748,20,'eyJhbGciOiJIUzI1NiIsInR5cCI6IkpXVCJ9.eyJucnAiOiIxOTI0MzYxNTI3IiwibmFtZSI6Ikpva28gU3VzaWxvIiwidXNlcl9pZCI6MjAsInJvbGVzIjpbImRvc2VuIiwiZG9zZW4iXSwiaWF0IjoxNzA0NjM2NjkwLCJleHAiOjE3MzYxNzI2OTB9.sy96LZM658cR83XGqP4CQYEefKNpXPSRfLeOcjuCgKg','2025-01-06 14:11:30','2024-01-07 14:11:30'),(749,6,'eyJhbGciOiJIUzI1NiIsInR5cCI6IkpXVCJ9.eyJucnAiOiI1MDI0MjAxMDE3IiwibmFtZSI6IkpvZWwgTmFwaXR1cHVsdSIsInVzZXJfaWQiOjYsInJvbGVzIjpbInByYWt0aWthbiJdLCJpYXQiOjE3MDQ2MzY4OTcsImV4cCI6MTczNjE3Mjg5N30.8vsMH10IYH9ZXU10NmqGccyHb5fPUgUlJIIVA1pY_ZA','2025-01-06 14:14:57','2024-01-07 14:14:57'),(750,13,'eyJhbGciOiJIUzI1NiIsInR5cCI6IkpXVCJ9.eyJucnAiOiI1MDI0MjAxMDY4IiwibmFtZSI6InJ1a3kiLCJ1c2VyX2lkIjoxMywicm9sZXMiOlsicHJha3Rpa2FuIiwia29vcmRpbmF0b3IiLCJrb29yZGluYXRvciJdLCJpYXQiOjE3MDQ2MzY5NzgsImV4cCI6MTczNjE3Mjk3OH0.FU3JUerY7AjfRkBjKxdja96KXkvP1lz1c9K0ovELO10','2025-01-06 14:16:18','2024-01-07 14:16:18'),(751,6,'eyJhbGciOiJIUzI1NiIsInR5cCI6IkpXVCJ9.eyJucnAiOiI1MDI0MjAxMDE3IiwibmFtZSI6IkpvZWwgTmFwaXR1cHVsdSIsInVzZXJfaWQiOjYsInJvbGVzIjpbInByYWt0aWthbiJdLCJpYXQiOjE3MDQ2MzcxNTEsImV4cCI6MTczNjE3MzE1MX0.OtB_yeuLwjnypfjNKvgJOhcT521__lfBusWhVM2d4RI','2025-01-06 14:19:11','2024-01-07 14:19:11'),(752,3,'eyJhbGciOiJIUzI1NiIsInR5cCI6IkpXVCJ9.eyJucnAiOiI1MDI0MjAxMDQ2IiwibmFtZSI6IkZhaXNhbCBUaGFyaXEiLCJ1c2VyX2lkIjozLCJyb2xlcyI6WyJwcmFrdGlrYW4iLCJhc2lzdGVuIiwiYXNpc3RlbiJdLCJpYXQiOjE3MDQ2MzcyMzksImV4cCI6MTczNjE3MzIzOX0.9t2_9H2oQ5DYPFUVF0YCq18snWsq-YxsMEzKuqZCG80','2025-01-06 14:20:39','2024-01-07 14:20:39'),(753,6,'eyJhbGciOiJIUzI1NiIsInR5cCI6IkpXVCJ9.eyJucnAiOiI1MDI0MjAxMDE3IiwibmFtZSI6IkpvZWwgTmFwaXR1cHVsdSIsInVzZXJfaWQiOjYsInJvbGVzIjpbInByYWt0aWthbiJdLCJpYXQiOjE3MDQ2MzczMDcsImV4cCI6MTczNjE3MzMwN30.Sy2LFsS8lSn2iUx8msaj-t_FkJqGcGy7G5btain_I8Q','2025-01-06 14:21:47','2024-01-07 14:21:47'),(754,3,'eyJhbGciOiJIUzI1NiIsInR5cCI6IkpXVCJ9.eyJucnAiOiI1MDI0MjAxMDQ2IiwibmFtZSI6IkZhaXNhbCBUaGFyaXEiLCJ1c2VyX2lkIjozLCJyb2xlcyI6WyJwcmFrdGlrYW4iLCJhc2lzdGVuIiwiYXNpc3RlbiJdLCJpYXQiOjE3MDQ2MzczMjksImV4cCI6MTczNjE3MzMyOX0.cqzhM2o0vqQHzozTdWweUwkh-FiiEk_8Zz6sLBBAQ0I','2025-01-06 14:22:09','2024-01-07 14:22:09'),(755,6,'eyJhbGciOiJIUzI1NiIsInR5cCI6IkpXVCJ9.eyJucnAiOiI1MDI0MjAxMDE3IiwibmFtZSI6IkpvZWwgTmFwaXR1cHVsdSIsInVzZXJfaWQiOjYsInJvbGVzIjpbInByYWt0aWthbiJdLCJpYXQiOjE3MDQ2Mzc0NDgsImV4cCI6MTczNjE3MzQ0OH0.EasEL8pJUy8opjobBLI58IuHbnL-bYqWbEHH9h0m6XE','2025-01-06 14:24:08','2024-01-07 14:24:08'),(756,3,'eyJhbGciOiJIUzI1NiIsInR5cCI6IkpXVCJ9.eyJucnAiOiI1MDI0MjAxMDQ2IiwibmFtZSI6IkZhaXNhbCBUaGFyaXEiLCJ1c2VyX2lkIjozLCJyb2xlcyI6WyJwcmFrdGlrYW4iLCJhc2lzdGVuIiwiYXNpc3RlbiJdLCJpYXQiOjE3MDQ2Mzc0ODksImV4cCI6MTczNjE3MzQ4OX0.Ybh8GspWGDvgijJM-TrMe633ZX-na_lTcudDGFZIkyQ','2025-01-06 14:24:49','2024-01-07 14:24:49'),(757,6,'eyJhbGciOiJIUzI1NiIsInR5cCI6IkpXVCJ9.eyJucnAiOiI1MDI0MjAxMDE3IiwibmFtZSI6IkpvZWwgTmFwaXR1cHVsdSIsInVzZXJfaWQiOjYsInJvbGVzIjpbInByYWt0aWthbiJdLCJpYXQiOjE3MDQ2Mzc1MzIsImV4cCI6MTczNjE3MzUzMn0.6Pnh7SubLCEKZEYfOCMEjYKqnPYoh_rsAjc9xUxPWFY','2025-01-06 14:25:32','2024-01-07 14:25:32'),(758,3,'eyJhbGciOiJIUzI1NiIsInR5cCI6IkpXVCJ9.eyJucnAiOiI1MDI0MjAxMDQ2IiwibmFtZSI6IkZhaXNhbCBUaGFyaXEiLCJ1c2VyX2lkIjozLCJyb2xlcyI6WyJwcmFrdGlrYW4iLCJhc2lzdGVuIiwiYXNpc3RlbiJdLCJpYXQiOjE3MDQ2Mzc1NTgsImV4cCI6MTczNjE3MzU1OH0.SltY-_fF8wy7zDqmaWejXSlCo-XzRxjEY40W2YLivTI','2025-01-06 14:25:58','2024-01-07 14:25:58'),(759,2,'eyJhbGciOiJIUzI1NiIsInR5cCI6IkpXVCJ9.eyJucnAiOiI1MDI0MjAxMDIzIiwibmFtZSI6IkRlc2lhbmEgRml0cmlhIiwidXNlcl9pZCI6Miwicm9sZXMiOlsiYWRtaW4iXSwiaWF0IjoxNzA0NjM3OTQ3LCJleHAiOjE3MzYxNzM5NDd9.iH_IXf99pTcBkw1m0tgr1fHNQpSvHfY6tzbjSm-2BRk','2025-01-06 14:32:27','2024-01-07 14:32:27'),(760,3,'eyJhbGciOiJIUzI1NiIsInR5cCI6IkpXVCJ9.eyJucnAiOiI1MDI0MjAxMDQ2IiwibmFtZSI6IkZhaXNhbCBUaGFyaXEiLCJ1c2VyX2lkIjozLCJyb2xlcyI6WyJwcmFrdGlrYW4iLCJhc2lzdGVuIiwiYXNpc3RlbiJdLCJpYXQiOjE3MDQ2MzgwMTEsImV4cCI6MTczNjE3NDAxMX0.7cBVR2-okLk6gDra3uPW3RcDAZ2w472Qwbejynw20k4','2025-01-06 14:33:31','2024-01-07 14:33:31'),(761,2,'eyJhbGciOiJIUzI1NiIsInR5cCI6IkpXVCJ9.eyJucnAiOiI1MDI0MjAxMDIzIiwibmFtZSI6IkRlc2lhbmEgRml0cmlhIiwidXNlcl9pZCI6Miwicm9sZXMiOlsiYWRtaW4iXSwiaWF0IjoxNzA0NjM4MDg0LCJleHAiOjE3MzYxNzQwODR9.Ecp-r2WgcvPC8T9UcscNMMu_BoOIvGaoJ4_HFFTA0YA','2025-01-06 14:34:44','2024-01-07 14:34:44'),(762,6,'eyJhbGciOiJIUzI1NiIsInR5cCI6IkpXVCJ9.eyJucnAiOiI1MDI0MjAxMDE3IiwibmFtZSI6IkpvZWwgTmFwaXR1cHVsdSIsInVzZXJfaWQiOjYsInJvbGVzIjpbInByYWt0aWthbiJdLCJpYXQiOjE3MDQ2MzgxOTIsImV4cCI6MTczNjE3NDE5Mn0.cnhNFYM0jQtu3jd127M61POw-x5KrmlpYMKIuT-pwU4','2025-01-06 14:36:32','2024-01-07 14:36:32'),(763,3,'eyJhbGciOiJIUzI1NiIsInR5cCI6IkpXVCJ9.eyJucnAiOiI1MDI0MjAxMDQ2IiwibmFtZSI6IkZhaXNhbCBUaGFyaXEiLCJ1c2VyX2lkIjozLCJyb2xlcyI6WyJwcmFrdGlrYW4iLCJhc2lzdGVuIiwiYXNpc3RlbiIsImFzaXN0ZW4iXSwiaWF0IjoxNzA0NjM4Mjc1LCJleHAiOjE3MzYxNzQyNzV9.Sra1paWHFAgxtwIl717np3T7tu8CHWmHLoOVI3uZlc4','2025-01-06 14:37:55','2024-01-07 14:37:55'),(764,6,'eyJhbGciOiJIUzI1NiIsInR5cCI6IkpXVCJ9.eyJucnAiOiI1MDI0MjAxMDE3IiwibmFtZSI6IkpvZWwgTmFwaXR1cHVsdSIsInVzZXJfaWQiOjYsInJvbGVzIjpbInByYWt0aWthbiJdLCJpYXQiOjE3MDQ2MzgyOTUsImV4cCI6MTczNjE3NDI5NX0.vjBcdkNm8H0w1wTRw72WebVtJSoEYAVV_3fKpnigOVc','2025-01-06 14:38:15','2024-01-07 14:38:15'),(765,2,'eyJhbGciOiJIUzI1NiIsInR5cCI6IkpXVCJ9.eyJucnAiOiI1MDI0MjAxMDIzIiwibmFtZSI6IkRlc2lhbmEgRml0cmlhIiwidXNlcl9pZCI6Miwicm9sZXMiOlsiYWRtaW4iXSwiaWF0IjoxNzA0NjM4MzAyLCJleHAiOjE3MzYxNzQzMDJ9._f9UlvtOzr6WSLrBAaOwwl9EVz1H3F4yKP1GGWmSo_U','2025-01-06 14:38:22','2024-01-07 14:38:22'),(766,3,'eyJhbGciOiJIUzI1NiIsInR5cCI6IkpXVCJ9.eyJucnAiOiI1MDI0MjAxMDQ2IiwibmFtZSI6IkZhaXNhbCBUaGFyaXEiLCJ1c2VyX2lkIjozLCJyb2xlcyI6WyJwcmFrdGlrYW4iLCJhc2lzdGVuIiwiYXNpc3RlbiIsImFzaXN0ZW4iXSwiaWF0IjoxNzA0NjM4MzMwLCJleHAiOjE3MzYxNzQzMzB9.MO9apm99VG2TeCIaItJvHewCB57oIDqeEaTRZlLIsn4','2025-01-06 14:38:50','2024-01-07 14:38:50'),(767,2,'eyJhbGciOiJIUzI1NiIsInR5cCI6IkpXVCJ9.eyJucnAiOiI1MDI0MjAxMDIzIiwibmFtZSI6IkRlc2lhbmEgRml0cmlhIiwidXNlcl9pZCI6Miwicm9sZXMiOlsiYWRtaW4iXSwiaWF0IjoxNzA0NjM4MzM5LCJleHAiOjE3MzYxNzQzMzl9.x7V7VyzmWuPGFu3eF_YRQp-aJv93gNiTbCSS8EAT0rA','2025-01-06 14:38:59','2024-01-07 14:38:59'),(768,6,'eyJhbGciOiJIUzI1NiIsInR5cCI6IkpXVCJ9.eyJucnAiOiI1MDI0MjAxMDE3IiwibmFtZSI6IkpvZWwgTmFwaXR1cHVsdSIsInVzZXJfaWQiOjYsInJvbGVzIjpbInByYWt0aWthbiJdLCJpYXQiOjE3MDQ2MzgzNjEsImV4cCI6MTczNjE3NDM2MX0.UyDUuTY57pBr3FCJBao68QG1ygkWSOLsxs5794l1nuI','2025-01-06 14:39:21','2024-01-07 14:39:21'),(769,2,'eyJhbGciOiJIUzI1NiIsInR5cCI6IkpXVCJ9.eyJucnAiOiI1MDI0MjAxMDIzIiwibmFtZSI6IkRlc2lhbmEgRml0cmlhIiwidXNlcl9pZCI6Miwicm9sZXMiOlsiYWRtaW4iXSwiaWF0IjoxNzA0NjM4Mzc1LCJleHAiOjE3MzYxNzQzNzV9.cYPbSPEL-IbRgVdaQy8OlAIwkfODXchu8w_O_qqUnLE','2025-01-06 14:39:35','2024-01-07 14:39:35'),(770,6,'eyJhbGciOiJIUzI1NiIsInR5cCI6IkpXVCJ9.eyJucnAiOiI1MDI0MjAxMDE3IiwibmFtZSI6IkpvZWwgTmFwaXR1cHVsdSIsInVzZXJfaWQiOjYsInJvbGVzIjpbInByYWt0aWthbiJdLCJpYXQiOjE3MDQ2Mzg0MDAsImV4cCI6MTczNjE3NDQwMH0.S8uWrkA1ZrHULm_av_-3Ddkqq_l7cHRjjtLUpYS5EPA','2025-01-06 14:40:00','2024-01-07 14:40:00'),(771,3,'eyJhbGciOiJIUzI1NiIsInR5cCI6IkpXVCJ9.eyJucnAiOiI1MDI0MjAxMDQ2IiwibmFtZSI6IkZhaXNhbCBUaGFyaXEiLCJ1c2VyX2lkIjozLCJyb2xlcyI6WyJwcmFrdGlrYW4iLCJhc2lzdGVuIiwiYXNpc3RlbiIsImFzaXN0ZW4iXSwiaWF0IjoxNzA0NjM4NTE3LCJleHAiOjE3MzYxNzQ1MTd9.vqVuHtQk1z64NtCpLEjAvHximJaBKdKSvnyKvfg_ctY','2025-01-06 14:41:57','2024-01-07 14:41:57'),(772,3,'eyJhbGciOiJIUzI1NiIsInR5cCI6IkpXVCJ9.eyJucnAiOiI1MDI0MjAxMDQ2IiwibmFtZSI6IkZhaXNhbCBUaGFyaXEiLCJ1c2VyX2lkIjozLCJyb2xlcyI6WyJwcmFrdGlrYW4iLCJhc2lzdGVuIiwiYXNpc3RlbiIsImFzaXN0ZW4iXSwiaWF0IjoxNzA0NjM4ODQ3LCJleHAiOjE3MzYxNzQ4NDd9.fEV5xW9XessUdCXe-50Fr_QwMr5aXSyzfX0rorrHQA0','2025-01-06 14:47:27','2024-01-07 14:47:27'),(773,6,'eyJhbGciOiJIUzI1NiIsInR5cCI6IkpXVCJ9.eyJucnAiOiI1MDI0MjAxMDE3IiwibmFtZSI6IkpvZWwgTmFwaXR1cHVsdSIsInVzZXJfaWQiOjYsInJvbGVzIjpbInByYWt0aWthbiJdLCJpYXQiOjE3MDQ2Mzg4NTUsImV4cCI6MTczNjE3NDg1NX0.apuNdR0ELL1dpszgFnQkDtI18wFEzJRVY1GAv4dGi8E','2025-01-06 14:47:35','2024-01-07 14:47:35'),(774,3,'eyJhbGciOiJIUzI1NiIsInR5cCI6IkpXVCJ9.eyJucnAiOiI1MDI0MjAxMDQ2IiwibmFtZSI6IkZhaXNhbCBUaGFyaXEiLCJ1c2VyX2lkIjozLCJyb2xlcyI6WyJwcmFrdGlrYW4iLCJhc2lzdGVuIiwiYXNpc3RlbiIsImFzaXN0ZW4iXSwiaWF0IjoxNzA0NjM4ODkzLCJleHAiOjE3MzYxNzQ4OTN9.TATrCd9OVqvLTTXGDj_j0Sdo8wBItMhmFkbMFMzGBLY','2025-01-06 14:48:13','2024-01-07 14:48:13'),(775,6,'eyJhbGciOiJIUzI1NiIsInR5cCI6IkpXVCJ9.eyJucnAiOiI1MDI0MjAxMDE3IiwibmFtZSI6IkpvZWwgTmFwaXR1cHVsdSIsInVzZXJfaWQiOjYsInJvbGVzIjpbInByYWt0aWthbiJdLCJpYXQiOjE3MDQ2Mzg5MjEsImV4cCI6MTczNjE3NDkyMX0.fgFun3SdVGXMbW5CjOoT0gBF3g5aPqZk-J-N-7zgfdU','2025-01-06 14:48:41','2024-01-07 14:48:41'),(776,6,'eyJhbGciOiJIUzI1NiIsInR5cCI6IkpXVCJ9.eyJucnAiOiI1MDI0MjAxMDE3IiwibmFtZSI6IkpvZWwgTmFwaXR1cHVsdSIsInVzZXJfaWQiOjYsInJvbGVzIjpbInByYWt0aWthbiJdLCJpYXQiOjE3MDQ2Mzg5NDUsImV4cCI6MTczNjE3NDk0NX0.hd5VvXB-XMANrHxNNNSx9FKBFiOhHYeSxAJnL5UZpl8','2025-01-06 14:49:05','2024-01-07 14:49:05'),(777,3,'eyJhbGciOiJIUzI1NiIsInR5cCI6IkpXVCJ9.eyJucnAiOiI1MDI0MjAxMDQ2IiwibmFtZSI6IkZhaXNhbCBUaGFyaXEiLCJ1c2VyX2lkIjozLCJyb2xlcyI6WyJwcmFrdGlrYW4iLCJhc2lzdGVuIiwiYXNpc3RlbiIsImFzaXN0ZW4iXSwiaWF0IjoxNzA0NjM4OTQ4LCJleHAiOjE3MzYxNzQ5NDh9.M64YSWJLEHa91mGhVx5Cz-ZYHd3zT3X9BFdnXwuF2-E','2025-01-06 14:49:08','2024-01-07 14:49:08'),(778,6,'eyJhbGciOiJIUzI1NiIsInR5cCI6IkpXVCJ9.eyJucnAiOiI1MDI0MjAxMDE3IiwibmFtZSI6IkpvZWwgTmFwaXR1cHVsdSIsInVzZXJfaWQiOjYsInJvbGVzIjpbInByYWt0aWthbiJdLCJpYXQiOjE3MDQ2Mzg5ODcsImV4cCI6MTczNjE3NDk4N30._sM_oE7wrU5rckwcqzlklB5VjNKQ25se_qLtA2JoxIc','2025-01-06 14:49:47','2024-01-07 14:49:47'),(779,3,'eyJhbGciOiJIUzI1NiIsInR5cCI6IkpXVCJ9.eyJucnAiOiI1MDI0MjAxMDQ2IiwibmFtZSI6IkZhaXNhbCBUaGFyaXEiLCJ1c2VyX2lkIjozLCJyb2xlcyI6WyJwcmFrdGlrYW4iLCJhc2lzdGVuIiwiYXNpc3RlbiIsImFzaXN0ZW4iXSwiaWF0IjoxNzA0NjM5MDAyLCJleHAiOjE3MzYxNzUwMDJ9.mgqxEvJybvFeONBIh_N4jd1etGf-Q9ZuTprCrAoUzuA','2025-01-06 14:50:02','2024-01-07 14:50:02'),(780,6,'eyJhbGciOiJIUzI1NiIsInR5cCI6IkpXVCJ9.eyJucnAiOiI1MDI0MjAxMDE3IiwibmFtZSI6IkpvZWwgTmFwaXR1cHVsdSIsInVzZXJfaWQiOjYsInJvbGVzIjpbInByYWt0aWthbiJdLCJpYXQiOjE3MDQ2MzkzOTEsImV4cCI6MTczNjE3NTM5MX0.7Ylq0aeFYRd0Gcve7JEC_Mkw5hrndRMsrqNR7h71PaI','2025-01-06 14:56:31','2024-01-07 14:56:31'),(781,2,'eyJhbGciOiJIUzI1NiIsInR5cCI6IkpXVCJ9.eyJucnAiOiI1MDI0MjAxMDIzIiwibmFtZSI6IkRlc2lhbmEgRml0cmlhIiwidXNlcl9pZCI6Miwicm9sZXMiOlsiYWRtaW4iXSwiaWF0IjoxNzA0NjM5NDA2LCJleHAiOjE3MzYxNzU0MDZ9.036BOp5UTdaWzXbVlwu8Jxpix_QNKklKCHiOtJobOEs','2025-01-06 14:56:46','2024-01-07 14:56:46'),(782,6,'eyJhbGciOiJIUzI1NiIsInR5cCI6IkpXVCJ9.eyJucnAiOiI1MDI0MjAxMDE3IiwibmFtZSI6IkpvZWwgTmFwaXR1cHVsdSIsInVzZXJfaWQiOjYsInJvbGVzIjpbInByYWt0aWthbiJdLCJpYXQiOjE3MDQ2Mzk1MDIsImV4cCI6MTczNjE3NTUwMn0.JrnV7wLXPU7uUdb7kFkcDq_9awlLfm0crcQB2hS39fg','2025-01-06 14:58:22','2024-01-07 14:58:22'),(783,3,'eyJhbGciOiJIUzI1NiIsInR5cCI6IkpXVCJ9.eyJucnAiOiI1MDI0MjAxMDQ2IiwibmFtZSI6IkZhaXNhbCBUaGFyaXEiLCJ1c2VyX2lkIjozLCJyb2xlcyI6WyJwcmFrdGlrYW4iLCJhc2lzdGVuIiwiYXNpc3RlbiIsImFzaXN0ZW4iXSwiaWF0IjoxNzA0NjM5NTQyLCJleHAiOjE3MzYxNzU1NDJ9.DMN6cEkiWiTg6hbO0-WGKu6HD68jhf7ioRiVMuKqYFs','2025-01-06 14:59:02','2024-01-07 14:59:02'),(784,2,'eyJhbGciOiJIUzI1NiIsInR5cCI6IkpXVCJ9.eyJucnAiOiI1MDI0MjAxMDIzIiwibmFtZSI6IkRlc2lhbmEgRml0cmlhIiwidXNlcl9pZCI6Miwicm9sZXMiOlsiYWRtaW4iXSwiaWF0IjoxNzA0NjM5NTQ4LCJleHAiOjE3MzYxNzU1NDh9.TMjUGodKUHepQn8GyWryB2GNc_Tu1nTxYKdZlzuHBK8','2025-01-06 14:59:08','2024-01-07 14:59:08'),(785,6,'eyJhbGciOiJIUzI1NiIsInR5cCI6IkpXVCJ9.eyJucnAiOiI1MDI0MjAxMDE3IiwibmFtZSI6IkpvZWwgTmFwaXR1cHVsdSIsInVzZXJfaWQiOjYsInJvbGVzIjpbInByYWt0aWthbiJdLCJpYXQiOjE3MDQ2Mzk1ODMsImV4cCI6MTczNjE3NTU4M30.Jwk26XSe6mmHNyW3ta2Mo6N7FCnQCpAnTmBQg2El3go','2025-01-06 14:59:43','2024-01-07 14:59:43'),(786,2,'eyJhbGciOiJIUzI1NiIsInR5cCI6IkpXVCJ9.eyJucnAiOiI1MDI0MjAxMDIzIiwibmFtZSI6IkRlc2lhbmEgRml0cmlhIiwidXNlcl9pZCI6Miwicm9sZXMiOlsiYWRtaW4iXSwiaWF0IjoxNzA0NjQwMzg5LCJleHAiOjE3MzYxNzYzODl9.T5rKS6lrQsq_BSAVxQQ9E_UE_zrMO12mYHUEM1HXoMs','2025-01-06 15:13:09','2024-01-07 15:13:09'),(787,2,'eyJhbGciOiJIUzI1NiIsInR5cCI6IkpXVCJ9.eyJucnAiOiI1MDI0MjAxMDIzIiwibmFtZSI6IkRlc2lhbmEgRml0cmlhIiwidXNlcl9pZCI6Miwicm9sZXMiOlsiYWRtaW4iXSwiaWF0IjoxNzA0NjQwNTk1LCJleHAiOjE3MzYxNzY1OTV9.BDYM_XtSljVeJIeXtYX_IeY4CkSZ-STs9FGenc25Xio','2025-01-06 15:16:35','2024-01-07 15:16:35'),(788,6,'eyJhbGciOiJIUzI1NiIsInR5cCI6IkpXVCJ9.eyJucnAiOiI1MDI0MjAxMDE3IiwibmFtZSI6IkpvZWwgTmFwaXR1cHVsdSIsInVzZXJfaWQiOjYsInJvbGVzIjpbInByYWt0aWthbiJdLCJpYXQiOjE3MDQ2NDA3MjIsImV4cCI6MTczNjE3NjcyMn0.NzdnNCHobe8mUusuumlhfVuer1Pf4W3qSx3umZYmQj8','2025-01-06 15:18:42','2024-01-07 15:18:42'),(789,3,'eyJhbGciOiJIUzI1NiIsInR5cCI6IkpXVCJ9.eyJucnAiOiI1MDI0MjAxMDQ2IiwibmFtZSI6IkZhaXNhbCBUaGFyaXEiLCJ1c2VyX2lkIjozLCJyb2xlcyI6WyJwcmFrdGlrYW4iLCJhc2lzdGVuIiwiYXNpc3RlbiJdLCJpYXQiOjE3MDQ2NDA3NTksImV4cCI6MTczNjE3Njc1OX0.8HuSx3XaTwVU_rAKFZHOPbPwp60DK3rk2gA3xFA1L3Y','2025-01-06 15:19:19','2024-01-07 15:19:19'),(790,6,'eyJhbGciOiJIUzI1NiIsInR5cCI6IkpXVCJ9.eyJucnAiOiI1MDI0MjAxMDE3IiwibmFtZSI6IkpvZWwgTmFwaXR1cHVsdSIsInVzZXJfaWQiOjYsInJvbGVzIjpbInByYWt0aWthbiJdLCJpYXQiOjE3MDQ2NDA4MDQsImV4cCI6MTczNjE3NjgwNH0.kFD9kekX1boRD4rkGvvT0VjTlv4nr8VNtKYu_EJ-ow8','2025-01-06 15:20:04','2024-01-07 15:20:04'),(791,6,'eyJhbGciOiJIUzI1NiIsInR5cCI6IkpXVCJ9.eyJucnAiOiI1MDI0MjAxMDE3IiwibmFtZSI6IkpvZWwgTmFwaXR1cHVsdSIsInVzZXJfaWQiOjYsInJvbGVzIjpbInByYWt0aWthbiJdLCJpYXQiOjE3MDQ2NDE4MDAsImV4cCI6MTczNjE3NzgwMH0.rD1RiCrRdKzu7NVtv2ZM9qewc93zPmHGuEO5Ki_MfJg','2025-01-06 15:36:40','2024-01-07 15:36:40'),(792,2,'eyJhbGciOiJIUzI1NiIsInR5cCI6IkpXVCJ9.eyJucnAiOiI1MDI0MjAxMDIzIiwibmFtZSI6IkRlc2lhbmEgRml0cmlhIiwidXNlcl9pZCI6Miwicm9sZXMiOlsiYWRtaW4iXSwiaWF0IjoxNzA0NjQxODUwLCJleHAiOjE3MzYxNzc4NTB9.KzKKlR8NZvu6RHGwEzAihBAt3BBDCAgWv1tf05n4zfk','2025-01-06 15:37:30','2024-01-07 15:37:30'),(793,6,'eyJhbGciOiJIUzI1NiIsInR5cCI6IkpXVCJ9.eyJucnAiOiI1MDI0MjAxMDE3IiwibmFtZSI6IkpvZWwgTmFwaXR1cHVsdSIsInVzZXJfaWQiOjYsInJvbGVzIjpbInByYWt0aWthbiJdLCJpYXQiOjE3MDQ2NDIyNTcsImV4cCI6MTczNjE3ODI1N30.2mNcWEUIGKiusUCsUiz6m6EGEiXHkl3PZ20b9arjW5s','2025-01-06 15:44:17','2024-01-07 15:44:17'),(794,2,'eyJhbGciOiJIUzI1NiIsInR5cCI6IkpXVCJ9.eyJucnAiOiI1MDI0MjAxMDIzIiwibmFtZSI6IkRlc2lhbmEgRml0cmlhIiwidXNlcl9pZCI6Miwicm9sZXMiOlsiYWRtaW4iXSwiaWF0IjoxNzA0NjQzNjk2LCJleHAiOjE3MzYxNzk2OTZ9.smMKhtdH4PaSxXxSjhkz8JHUWPpuvXFmiYonS873-EY','2025-01-06 16:08:16','2024-01-07 16:08:16'),(795,2,'eyJhbGciOiJIUzI1NiIsInR5cCI6IkpXVCJ9.eyJucnAiOiI1MDI0MjAxMDIzIiwibmFtZSI6IkRlc2lhbmEgRml0cmlhIiwidXNlcl9pZCI6Miwicm9sZXMiOlsiYWRtaW4iXSwiaWF0IjoxNzA0NjQ0NzM0LCJleHAiOjE3MzYxODA3MzR9.WQFkCUch5qNu1SMmPuyjQ18q2SiQlaXH2kYzSCGG4ok','2025-01-06 16:25:34','2024-01-07 16:25:34'),(796,2,'eyJhbGciOiJIUzI1NiIsInR5cCI6IkpXVCJ9.eyJucnAiOiI1MDI0MjAxMDIzIiwibmFtZSI6IkRlc2lhbmEgRml0cmlhIiwidXNlcl9pZCI6Miwicm9sZXMiOlsiYWRtaW4iXSwiaWF0IjoxNzA0NjQ0ODM0LCJleHAiOjE3MzYxODA4MzR9.BDlJdOt8PiAiIa5XjjQlDH3LN7-xXeWNbi02vmJhDC0','2025-01-06 16:27:14','2024-01-07 16:27:14'),(797,6,'eyJhbGciOiJIUzI1NiIsInR5cCI6IkpXVCJ9.eyJucnAiOiI1MDI0MjAxMDE3IiwibmFtZSI6IkpvZWwgTmFwaXR1cHVsdSIsInVzZXJfaWQiOjYsInJvbGVzIjpbInByYWt0aWthbiIsImRvc2VuIl0sImlhdCI6MTcwNDY0NDk1MiwiZXhwIjoxNzM2MTgwOTUyfQ.cCLWnMKLN_6XIy4HNVFjJccNxdo8r3QbKSa--EV_eWU','2025-01-06 16:29:12','2024-01-07 16:29:12'),(798,6,'eyJhbGciOiJIUzI1NiIsInR5cCI6IkpXVCJ9.eyJucnAiOiI1MDI0MjAxMDE3IiwibmFtZSI6IkpvZWwgTmFwaXR1cHVsdSIsInVzZXJfaWQiOjYsInJvbGVzIjpbInByYWt0aWthbiIsImRvc2VuIl0sImlhdCI6MTcwNDY0NTAwMCwiZXhwIjoxNzM2MTgxMDAwfQ.PKeF0yuPreLcPFI8If_DvkCMbwTy9Y4Otn0AHais_Ns','2025-01-06 16:30:00','2024-01-07 16:30:00'),(799,7,'eyJhbGciOiJIUzI1NiIsInR5cCI6IkpXVCJ9.eyJucnAiOiI1MDIyMjIxMDAxIiwibmFtZSI6ImNvYmExIiwidXNlcl9pZCI6Nywicm9sZXMiOlsicHJha3Rpa2FuIl0sImlhdCI6MTcwNDY0NTUwNCwiZXhwIjoxNzM2MTgxNTA0fQ.3eQcIzmNeyB77U-OntjJ_dRye17487Nqyntj94pQxGM','2025-01-06 16:38:24','2024-01-07 16:38:24'),(800,13,'eyJhbGciOiJIUzI1NiIsInR5cCI6IkpXVCJ9.eyJucnAiOiI1MDI0MjAxMDY4IiwibmFtZSI6InJ1a3kiLCJ1c2VyX2lkIjoxMywicm9sZXMiOlsicHJha3Rpa2FuIiwiYXNpc3RlbiJdLCJpYXQiOjE3MDQ2NDU1NjYsImV4cCI6MTczNjE4MTU2Nn0.pX9Cna4c-5zZ1Vga_s21FjlCxeKngezyw_ujKylI1mc','2025-01-06 16:39:26','2024-01-07 16:39:26'),(801,7,'eyJhbGciOiJIUzI1NiIsInR5cCI6IkpXVCJ9.eyJucnAiOiI1MDIyMjIxMDAxIiwibmFtZSI6ImNvYmExIiwidXNlcl9pZCI6Nywicm9sZXMiOlsicHJha3Rpa2FuIl0sImlhdCI6MTcwNDY0NTY0MCwiZXhwIjoxNzM2MTgxNjQwfQ.EMMHeerDH3OEy6uayU4OR9uEMpT76zUY54WiohTyBto','2025-01-06 16:40:40','2024-01-07 16:40:40'),(802,2,'eyJhbGciOiJIUzI1NiIsInR5cCI6IkpXVCJ9.eyJucnAiOiI1MDI0MjAxMDIzIiwibmFtZSI6IkRlc2lhbmEgRml0cmlhIiwidXNlcl9pZCI6Miwicm9sZXMiOlsiYWRtaW4iXSwiaWF0IjoxNzA0Njc4NTk0LCJleHAiOjE3MzYyMTQ1OTR9.JMSjNZyiQ7ID7IPQJQJ5VktDoJJOBp51IVG0T0-xNUI','2025-01-07 01:49:54','2024-01-08 01:49:54'),(803,6,'eyJhbGciOiJIUzI1NiIsInR5cCI6IkpXVCJ9.eyJucnAiOiI1MDI0MjAxMDE3IiwibmFtZSI6IkpvZWwgTmFwaXR1cHVsdSIsInVzZXJfaWQiOjYsInJvbGVzIjpbInByYWt0aWthbiIsImRvc2VuIl0sImlhdCI6MTcwNDY3ODkxMSwiZXhwIjoxNzM2MjE0OTExfQ.G5egOyffte9l7Qz_uqnAw2Ez7dcyBOUPZqbjvkBtDnc','2025-01-07 01:55:11','2024-01-08 01:55:11'),(804,3,'eyJhbGciOiJIUzI1NiIsInR5cCI6IkpXVCJ9.eyJucnAiOiI1MDI0MjAxMDQ2IiwibmFtZSI6IkZhaXNhbCBUaGFyaXEiLCJ1c2VyX2lkIjozLCJyb2xlcyI6WyJwcmFrdGlrYW4iLCJrb29yZGluYXRvciJdLCJpYXQiOjE3MDQ2NzkwMTIsImV4cCI6MTczNjIxNTAxMn0.5VMxxDBumPnYm3XJruQzLUPxCIQu_4QivDzdyQuUDVA','2025-01-07 01:56:52','2024-01-08 01:56:52'),(805,3,'eyJhbGciOiJIUzI1NiIsInR5cCI6IkpXVCJ9.eyJucnAiOiI1MDI0MjAxMDQ2IiwibmFtZSI6IkZhaXNhbCBUaGFyaXEiLCJ1c2VyX2lkIjozLCJyb2xlcyI6WyJwcmFrdGlrYW4iLCJrb29yZGluYXRvciJdLCJpYXQiOjE3MDQ2NzkwMjcsImV4cCI6MTczNjIxNTAyN30.T98HkzaDUlOFvXXtCb2eOcJE5TU5zqrF6GBJWVxfmPs','2025-01-07 01:57:07','2024-01-08 01:57:07'),(806,3,'eyJhbGciOiJIUzI1NiIsInR5cCI6IkpXVCJ9.eyJucnAiOiI1MDI0MjAxMDQ2IiwibmFtZSI6IkZhaXNhbCBUaGFyaXEiLCJ1c2VyX2lkIjozLCJyb2xlcyI6WyJwcmFrdGlrYW4iLCJrb29yZGluYXRvciJdLCJpYXQiOjE3MDQ2NzkwMzEsImV4cCI6MTczNjIxNTAzMX0.hPaRJpwGlDHInY_16lAVK9ynnXqC2ZCAcKEN1JmXGGQ','2025-01-07 01:57:11','2024-01-08 01:57:11'),(807,3,'eyJhbGciOiJIUzI1NiIsInR5cCI6IkpXVCJ9.eyJucnAiOiI1MDI0MjAxMDQ2IiwibmFtZSI6IkZhaXNhbCBUaGFyaXEiLCJ1c2VyX2lkIjozLCJyb2xlcyI6WyJwcmFrdGlrYW4iLCJrb29yZGluYXRvciJdLCJpYXQiOjE3MDQ2NzkwNTIsImV4cCI6MTczNjIxNTA1Mn0.hnSEy9Eyis3zVp1erfLMHchKVR3-lH1H9HYSvbTDwos','2025-01-07 01:57:32','2024-01-08 01:57:32'),(808,3,'eyJhbGciOiJIUzI1NiIsInR5cCI6IkpXVCJ9.eyJucnAiOiI1MDI0MjAxMDQ2IiwibmFtZSI6IkZhaXNhbCBUaGFyaXEiLCJ1c2VyX2lkIjozLCJyb2xlcyI6WyJwcmFrdGlrYW4iLCJrb29yZGluYXRvciJdLCJpYXQiOjE3MDQ2NzkwNTcsImV4cCI6MTczNjIxNTA1N30.877brX023Nikfi6EN33C_vEJaL7kJobpyv-mP3_kuos','2025-01-07 01:57:37','2024-01-08 01:57:37'),(809,3,'eyJhbGciOiJIUzI1NiIsInR5cCI6IkpXVCJ9.eyJucnAiOiI1MDI0MjAxMDQ2IiwibmFtZSI6IkZhaXNhbCBUaGFyaXEiLCJ1c2VyX2lkIjozLCJyb2xlcyI6WyJwcmFrdGlrYW4iLCJrb29yZGluYXRvciJdLCJpYXQiOjE3MDQ2NzkwNjAsImV4cCI6MTczNjIxNTA2MH0.ZX5AoKjhFLUVqPe73Fnt04WGANVjuhVMwV7G4K9Uo7E','2025-01-07 01:57:40','2024-01-08 01:57:40'),(810,3,'eyJhbGciOiJIUzI1NiIsInR5cCI6IkpXVCJ9.eyJucnAiOiI1MDI0MjAxMDQ2IiwibmFtZSI6IkZhaXNhbCBUaGFyaXEiLCJ1c2VyX2lkIjozLCJyb2xlcyI6WyJwcmFrdGlrYW4iLCJrb29yZGluYXRvciJdLCJpYXQiOjE3MDQ2NzkwNjIsImV4cCI6MTczNjIxNTA2Mn0.EQGGd_5lSHXS0fAJ7pS2-lFABCICODv9NOfA-RqEpHk','2025-01-07 01:57:42','2024-01-08 01:57:42'),(811,13,'eyJhbGciOiJIUzI1NiIsInR5cCI6IkpXVCJ9.eyJucnAiOiI1MDI0MjAxMDY4IiwibmFtZSI6InJ1a3kiLCJ1c2VyX2lkIjoxMywicm9sZXMiOlsicHJha3Rpa2FuIiwiYXNpc3RlbiJdLCJpYXQiOjE3MDQ2NzkwNzcsImV4cCI6MTczNjIxNTA3N30.0GOLNlDW7RENyvH-lXzbEQXjgJana1QT_16y7Rm2Xn8','2025-01-07 01:57:57','2024-01-08 01:57:57'),(812,6,'eyJhbGciOiJIUzI1NiIsInR5cCI6IkpXVCJ9.eyJucnAiOiI1MDI0MjAxMDE3IiwibmFtZSI6IkpvZWwgTmFwaXR1cHVsdSIsInVzZXJfaWQiOjYsInJvbGVzIjpbInByYWt0aWthbiIsImRvc2VuIl0sImlhdCI6MTcwNDY3OTEwNiwiZXhwIjoxNzM2MjE1MTA2fQ.u2Cany-TEomZDoLMzP1SFjp-_TK9KUyMOs7BUe6c_Fc','2025-01-07 01:58:26','2024-01-08 01:58:26'),(813,2,'eyJhbGciOiJIUzI1NiIsInR5cCI6IkpXVCJ9.eyJucnAiOiI1MDI0MjAxMDIzIiwibmFtZSI6IkRlc2lhbmEgRml0cmlhIiwidXNlcl9pZCI6Miwicm9sZXMiOlsiYWRtaW4iXSwiaWF0IjoxNzA0Njc5MTM4LCJleHAiOjE3MzYyMTUxMzh9.FiGRlclLDVu93wDdHzmt6yjY88Mzm3yGPMwtSd-NncY','2025-01-07 01:58:58','2024-01-08 01:58:58'),(814,3,'eyJhbGciOiJIUzI1NiIsInR5cCI6IkpXVCJ9.eyJucnAiOiI1MDI0MjAxMDQ2IiwibmFtZSI6IkZhaXNhbCBUaGFyaXEiLCJ1c2VyX2lkIjozLCJyb2xlcyI6WyJwcmFrdGlrYW4iLCJrb29yZGluYXRvciJdLCJpYXQiOjE3MDQ2NzkxOTcsImV4cCI6MTczNjIxNTE5N30.WJhgAF0I3SHPXYk-VtpbWDjTibAikk9MUrpFQzfW14A','2025-01-07 01:59:57','2024-01-08 01:59:57'),(815,3,'eyJhbGciOiJIUzI1NiIsInR5cCI6IkpXVCJ9.eyJucnAiOiI1MDI0MjAxMDQ2IiwibmFtZSI6IkZhaXNhbCBUaGFyaXEiLCJ1c2VyX2lkIjozLCJyb2xlcyI6WyJwcmFrdGlrYW4iLCJrb29yZGluYXRvciJdLCJpYXQiOjE3MDQ2NzkyMDksImV4cCI6MTczNjIxNTIwOX0.psvbPDbKUTiSSSKP9-1gC5di1DcSlVD0mnfYvww3-8w','2025-01-07 02:00:09','2024-01-08 02:00:09'),(816,3,'eyJhbGciOiJIUzI1NiIsInR5cCI6IkpXVCJ9.eyJucnAiOiI1MDI0MjAxMDQ2IiwibmFtZSI6IkZhaXNhbCBUaGFyaXEiLCJ1c2VyX2lkIjozLCJyb2xlcyI6WyJwcmFrdGlrYW4iLCJrb29yZGluYXRvciJdLCJpYXQiOjE3MDQ2NzkyMTIsImV4cCI6MTczNjIxNTIxMn0.dDR7a10R_t1KVR7YK8WRAUtw9xcoBoW11-eyDKDE-rA','2025-01-07 02:00:12','2024-01-08 02:00:12'),(817,3,'eyJhbGciOiJIUzI1NiIsInR5cCI6IkpXVCJ9.eyJucnAiOiI1MDI0MjAxMDQ2IiwibmFtZSI6IkZhaXNhbCBUaGFyaXEiLCJ1c2VyX2lkIjozLCJyb2xlcyI6WyJwcmFrdGlrYW4iLCJrb29yZGluYXRvciJdLCJpYXQiOjE3MDQ2NzkyMTQsImV4cCI6MTczNjIxNTIxNH0.RTg_F_3NdtadfZXACISfLrZ4GB2PjGvc405LWxSrTWM','2025-01-07 02:00:14','2024-01-08 02:00:14'),(818,3,'eyJhbGciOiJIUzI1NiIsInR5cCI6IkpXVCJ9.eyJucnAiOiI1MDI0MjAxMDQ2IiwibmFtZSI6IkZhaXNhbCBUaGFyaXEiLCJ1c2VyX2lkIjozLCJyb2xlcyI6WyJwcmFrdGlrYW4iLCJrb29yZGluYXRvciJdLCJpYXQiOjE3MDQ2NzkzODksImV4cCI6MTczNjIxNTM4OX0.NRnT9W9rs_d8APkfhzEN_LqqXF5alI5YxUGs0nWtCF0','2025-01-07 02:03:09','2024-01-08 02:03:09'),(819,2,'eyJhbGciOiJIUzI1NiIsInR5cCI6IkpXVCJ9.eyJucnAiOiI1MDI0MjAxMDIzIiwibmFtZSI6IkRlc2lhbmEgRml0cmlhIiwidXNlcl9pZCI6Miwicm9sZXMiOlsiYWRtaW4iXSwiaWF0IjoxNzA0Njc5NDAxLCJleHAiOjE3MzYyMTU0MDF9.M2MNTU0xiVbWn4INzwAcNyK1bFwqdazFtFuQyqoGgJU','2025-01-07 02:03:21','2024-01-08 02:03:21'),(820,3,'eyJhbGciOiJIUzI1NiIsInR5cCI6IkpXVCJ9.eyJucnAiOiI1MDI0MjAxMDQ2IiwibmFtZSI6IkZhaXNhbCBUaGFyaXEiLCJ1c2VyX2lkIjozLCJyb2xlcyI6WyJwcmFrdGlrYW4iLCJrb29yZGluYXRvciJdLCJpYXQiOjE3MDQ2Nzk1MDgsImV4cCI6MTczNjIxNTUwOH0.yVT3Mv1BgGAAUIKae6kj_5NxNYJwAnet5_T3tnhmvuQ','2025-01-07 02:05:08','2024-01-08 02:05:08'),(821,3,'eyJhbGciOiJIUzI1NiIsInR5cCI6IkpXVCJ9.eyJucnAiOiI1MDI0MjAxMDQ2IiwibmFtZSI6IkZhaXNhbCBUaGFyaXEiLCJ1c2VyX2lkIjozLCJyb2xlcyI6WyJwcmFrdGlrYW4iLCJrb29yZGluYXRvciJdLCJpYXQiOjE3MDQ2Nzk2MTAsImV4cCI6MTczNjIxNTYxMH0.zf5CYHxTMxV0JP5vAaYx4pPnHn8bJUx5xyysPleZSFo','2025-01-07 02:06:50','2024-01-08 02:06:50'),(822,3,'eyJhbGciOiJIUzI1NiIsInR5cCI6IkpXVCJ9.eyJucnAiOiI1MDI0MjAxMDQ2IiwibmFtZSI6IkZhaXNhbCBUaGFyaXEiLCJ1c2VyX2lkIjozLCJyb2xlcyI6WyJwcmFrdGlrYW4iLCJrb29yZGluYXRvciJdLCJpYXQiOjE3MDQ2Nzk2MzIsImV4cCI6MTczNjIxNTYzMn0.257UjZlVDrJSY5Wz9qjq4IbaE3PTVC0YCt0LUAzCMVY','2025-01-07 02:07:12','2024-01-08 02:07:12'),(823,2,'eyJhbGciOiJIUzI1NiIsInR5cCI6IkpXVCJ9.eyJucnAiOiI1MDI0MjAxMDIzIiwibmFtZSI6IkRlc2lhbmEgRml0cmlhIiwidXNlcl9pZCI6Miwicm9sZXMiOlsiYWRtaW4iXSwiaWF0IjoxNzA0Njc5NjY4LCJleHAiOjE3MzYyMTU2Njh9.rLVKXbALR9YjJtSoSe-B5KX4NPZlgiA3EYXMyFn7Rvg','2025-01-07 02:07:48','2024-01-08 02:07:48'),(824,20,'eyJhbGciOiJIUzI1NiIsInR5cCI6IkpXVCJ9.eyJucnAiOiIxOTI0MzYxNTI3IiwibmFtZSI6Ikpva28gU3VzaWxvIiwidXNlcl9pZCI6MjAsInJvbGVzIjpbImRvc2VuIiwiZG9zZW4iXSwiaWF0IjoxNzA0Njc5NzIwLCJleHAiOjE3MzYyMTU3MjB9.txqttVKv4kazUp0ETv0rvdJmPvppqsffkH_q48QOLMo','2025-01-07 02:08:40','2024-01-08 02:08:40'),(825,3,'eyJhbGciOiJIUzI1NiIsInR5cCI6IkpXVCJ9.eyJucnAiOiI1MDI0MjAxMDQ2IiwibmFtZSI6IkZhaXNhbCBUaGFyaXEiLCJ1c2VyX2lkIjozLCJyb2xlcyI6WyJwcmFrdGlrYW4iLCJrb29yZGluYXRvciJdLCJpYXQiOjE3MDQ2ODAxMjAsImV4cCI6MTczNjIxNjEyMH0.e7C1S0RYA670Ll9OeYKlVVhY83dZrc_LyAsasCki5Io','2025-01-07 02:15:20','2024-01-08 02:15:20'),(826,6,'eyJhbGciOiJIUzI1NiIsInR5cCI6IkpXVCJ9.eyJucnAiOiI1MDI0MjAxMDE3IiwibmFtZSI6IkpvZWwgTmFwaXR1cHVsdSIsInVzZXJfaWQiOjYsInJvbGVzIjpbInByYWt0aWthbiJdLCJpYXQiOjE3MDQ2ODE3OTIsImV4cCI6MTczNjIxNzc5Mn0.NtIdo32XfKKOf--g7-uMArwkwJlPM85zwSj-915cgs8','2025-01-07 02:43:12','2024-01-08 02:43:12'),(827,13,'eyJhbGciOiJIUzI1NiIsInR5cCI6IkpXVCJ9.eyJucnAiOiI1MDI0MjAxMDY4IiwibmFtZSI6InJ1a3kiLCJ1c2VyX2lkIjoxMywicm9sZXMiOlsicHJha3Rpa2FuIiwiYXNpc3RlbiJdLCJpYXQiOjE3MDQ2ODE4MzUsImV4cCI6MTczNjIxNzgzNX0.wIMqPaulFmXj3AW1-hFn4NUtLc8Ek8z8v0IF8sNpRvM','2025-01-07 02:43:55','2024-01-08 02:43:55'),(828,2,'eyJhbGciOiJIUzI1NiIsInR5cCI6IkpXVCJ9.eyJucnAiOiI1MDI0MjAxMDIzIiwibmFtZSI6IkRlc2lhbmEgRml0cmlhIiwidXNlcl9pZCI6Miwicm9sZXMiOlsiYWRtaW4iXSwiaWF0IjoxNzA0NjgxODgxLCJleHAiOjE3MzYyMTc4ODF9.y4yE2UQug28SxScckO4rUBxLDmFplinsVKTeG6s96H4','2025-01-07 02:44:41','2024-01-08 02:44:41'),(829,20,'eyJhbGciOiJIUzI1NiIsInR5cCI6IkpXVCJ9.eyJucnAiOiIxOTI0MzYxNTI3IiwibmFtZSI6Ikpva28gU3VzaWxvIiwidXNlcl9pZCI6MjAsInJvbGVzIjpbImRvc2VuIiwiZG9zZW4iXSwiaWF0IjoxNzA0Njg0MTM5LCJleHAiOjE3MzYyMjAxMzl9.m_Ls1vsYS1TD78z5JUWc5aJlpxyvMw9ojlvLGAYDkiQ','2025-01-07 03:22:19','2024-01-08 03:22:19'),(830,6,'eyJhbGciOiJIUzI1NiIsInR5cCI6IkpXVCJ9.eyJucnAiOiI1MDI0MjAxMDE3IiwibmFtZSI6IkpvZWwgTmFwaXR1cHVsdSIsInVzZXJfaWQiOjYsInJvbGVzIjpbInByYWt0aWthbiJdLCJpYXQiOjE3MDQ4MDE5MTAsImV4cCI6MTczNjMzNzkxMH0.w3JEeKlDn9XynjJInMi1PRCzVQFIedlDpjikACr1Kmw','2025-01-08 12:05:10','2024-01-09 12:05:10'),(831,2,'eyJhbGciOiJIUzI1NiIsInR5cCI6IkpXVCJ9.eyJucnAiOiI1MDI0MjAxMDIzIiwibmFtZSI6IkRlc2lhbmEgRml0cmlhIiwidXNlcl9pZCI6Miwicm9sZXMiOlsiYWRtaW4iXSwiaWF0IjoxNzA0ODAxOTY3LCJleHAiOjE3MzYzMzc5Njd9.FSuASEKR1vjCr4phtS698P-acS595rOpWfYfEX6e2eg','2025-01-08 12:06:07','2024-01-09 12:06:07'),(832,6,'eyJhbGciOiJIUzI1NiIsInR5cCI6IkpXVCJ9.eyJucnAiOiI1MDI0MjAxMDE3IiwibmFtZSI6IkpvZWwgTmFwaXR1cHVsdSIsInVzZXJfaWQiOjYsInJvbGVzIjpbInByYWt0aWthbiJdLCJpYXQiOjE3MDQ4MDIwNzksImV4cCI6MTczNjMzODA3OX0.2EJIySFixQ0kjeBxRFIWbYbADORPIQ3YjSdz06B9Sjs','2025-01-08 12:07:59','2024-01-09 12:07:59'),(833,2,'eyJhbGciOiJIUzI1NiIsInR5cCI6IkpXVCJ9.eyJucnAiOiI1MDI0MjAxMDIzIiwibmFtZSI6IkRlc2lhbmEgRml0cmlhIiwidXNlcl9pZCI6Miwicm9sZXMiOlsiYWRtaW4iXSwiaWF0IjoxNzA0ODAyMzU4LCJleHAiOjE3MzYzMzgzNTh9.MZyI2vJ8Jmidnf5UeHoCq7hPFJBsR-DwYb47vrZKTeM','2025-01-08 12:12:38','2024-01-09 12:12:38'),(834,2,'eyJhbGciOiJIUzI1NiIsInR5cCI6IkpXVCJ9.eyJucnAiOiI1MDI0MjAxMDIzIiwibmFtZSI6IkRlc2lhbmEgRml0cmlhIiwidXNlcl9pZCI6Miwicm9sZXMiOlsiYWRtaW4iXSwiaWF0IjoxNzA1NDcwMTY4LCJleHAiOjE3MzcwMDYxNjh9.Gn8Jk_IH4YB00eLyDJGKoU6ly_kc0iN3d5H29yZUcKc','2025-01-16 05:42:48','2024-01-17 05:42:48'),(835,2,'eyJhbGciOiJIUzI1NiIsInR5cCI6IkpXVCJ9.eyJucnAiOiI1MDI0MjAxMDIzIiwibmFtZSI6IkRlc2lhbmEgRml0cmlhIiwidXNlcl9pZCI6Miwicm9sZXMiOlsiYWRtaW4iXSwiaWF0IjoxNzA1NDczMjEzLCJleHAiOjE3MzcwMDkyMTN9.6DkOLeTDtVehXtE7NYECEg74fxGUIIMls2oBF-O5y7o','2025-01-16 06:33:33','2024-01-17 06:33:33'),(836,22,'eyJhbGciOiJIUzI1NiIsInR5cCI6IkpXVCJ9.eyJucnAiOiI1MDI0MjAxMDc0IiwibmFtZSI6ImJybyIsInVzZXJfaWQiOjIyLCJyb2xlcyI6WyJwcmFrdGlrYW4iXSwiaWF0IjoxNzA1NDk5OTczLCJleHAiOjE3MzcwMzU5NzN9.wJKiKcfG-jF1IlfkYn3J5VKKGVzww2SeScUb61tjiF8','2025-01-16 13:59:33','2024-01-17 13:59:33');
/*!40000 ALTER TABLE `tokens` ENABLE KEYS */;
UNLOCK TABLES;

--
-- Table structure for table `users`
--

DROP TABLE IF EXISTS `users`;
/*!40101 SET @saved_cs_client     = @@character_set_client */;
/*!50503 SET character_set_client = utf8mb4 */;
CREATE TABLE `users` (
  `user_id` int NOT NULL AUTO_INCREMENT,
  `nrp` varchar(30) NOT NULL,
  `nama` varchar(255) NOT NULL,
  `password` varchar(255) NOT NULL,
  `email` varchar(255) NOT NULL,
  `nohp` varchar(20) DEFAULT NULL,
  `departemen` varchar(255) DEFAULT NULL,
  `approved_by` varchar(255) DEFAULT NULL,
  `profil_picture` varchar(255) DEFAULT NULL,
  PRIMARY KEY (`user_id`),
  UNIQUE KEY `nrp` (`nrp`),
  UNIQUE KEY `email` (`email`)
) ENGINE=InnoDB AUTO_INCREMENT=23 DEFAULT CHARSET=utf8mb4 COLLATE=utf8mb4_0900_ai_ci;
/*!40101 SET character_set_client = @saved_cs_client */;

--
-- Dumping data for table `users`
--

LOCK TABLES `users` WRITE;
/*!40000 ALTER TABLE `users` DISABLE KEYS */;
INSERT INTO `users` VALUES (2,'5024201023','Desiana Fitria','$2b$10$z0ogpEXqwNFWaeqx8tG4n.XwS4qui4LYv/buNEPrUfmnj4VW0Npae','5024201023@student.its.ac.id','081395207762','Teknik Komputer',NULL,NULL),(3,'5024201046','Faisal Thariq','$2b$10$1rFG08Omp.hJ.PAk.qLMhO3ArZJsmZXJP6wSPKtgBoZfyI79tKR52','5024201046@student.its.ac.id','081395207762','Teknik Komputer',NULL,NULL),(4,'5025221000','test','$2b$10$.7fXHdMYqv7iOx0wrH2I1eYGFxgkLRJz/fI.zik1.bFlOAl5iSkJe','5025221000@student.its.ac.id','08123456789','Teknik Informatika',NULL,NULL),(5,'5025221258','farrell','$2b$10$F4TmanRb3XPwofAYRxyUS.iRL1nFoRrT61U7XlY6KkwwThOpJLFZ2','5025221258@student.its.ac.id','08111344309','Teknik Informatika',NULL,NULL),(6,'5024201017','Joel Napitupulu','$2b$10$.yRmMJQRiW73133pJfTrIOet8v9.r6ox2SxkOc5j.cAYmNILnaMjy','5024201017@student.its.ac.id','081395207762','Teknik Komputer',NULL,NULL),(7,'5022221001','coba1','$2b$10$ufmh.lDPbY9mJmH/ih5YhOa7FSATkrLJKjBfDdvHlZv2Y6nmRyXkO','test1@student.its.ac.id','082212121212','kepo',NULL,NULL),(8,'5022221002','test2','$2b$10$33hOXg9hN2VG0pWNdeVT0.CjlDNqwhQs.8V1PKG9td0AGM4BgPY0G','test2@student.its.ac.id','082212121212','kepo',NULL,NULL),(10,'5024201000','Test','$2b$10$TZ/7nHTp1.MgzrZXinhDN.QxIVqqf60.7YgrhjjcAJhb5s/RwXe9W','5024201000@student.its.ac.id','081395207762','Teknik Komputer',NULL,NULL),(11,'5029201001','testBang','$2b$10$TFCsKvatNks7LHWW2oj8EOStg6jc94/LBZEwM33FxHSST9LbeCPsC','5029201001@student.its.ac.id','082212121212','bang',NULL,NULL),(12,'5026221090','dzaky','$2b$10$82p2vQ4BqjD6z8Wr0VT8OusPE18OGcN2j1m2TbJeWijWk6SxfwdKW','dzaky@student.its.ac.id','085712341234','Sistem Informasi',NULL,NULL),(13,'5024201068','ruky','$2b$10$BeaptnOjnkLJ/V2hO3.h2uuJ8dsXcJ2COwS4ITnHGqJCnuTO6mp1O','5024201068@student.its.ac.id','082267573243','Teknik Komputer',NULL,NULL),(14,'5026221085','dzaky2','$2b$10$JiZ30D.Lwb5VigdRopZ25OzhivTVcGZpceNu2UX15OYr8bKNaXsaK','dzaky2@student.its.ac.id','123412341234','sisfor',NULL,NULL),(15,'5024201072','ruky','$2b$10$I04.yNGIwq5AkPFADOEGxOobUlbR0.bt88New207XrFKfV46n60D.','5024201072@student.its.ac.id','082267567073','Teknik Komputer',NULL,NULL),(16,'5024201011','TestingNew','$2b$10$mGa5FXwrYJV6MUGASGzAaO16aUNkEzc5HeklWhpBJOvIVZyk4Dpm6','5024201011@student.its.ac.id','082267677744','Teknik Komputer',NULL,NULL),(17,'5024201018','iqbal','$2b$10$ktwFJoYVwkNphmVooJ6XZuk9HgPDTsVDEfHVY9P3m0uqj2N/F3iN.','5024201018@student.its.ac.id','082266567070','Teknik Komputer',NULL,NULL),(18,'5024201001','annas','$2b$10$y7YV1PCFxM8MUDpKD7Ovg.pd62D2jcu9SiqJqZnSNvqBgEDk1m1qy','5024201001@student.its.ac.id','082226738080','Teknik Komputer',NULL,NULL),(19,'1945081700','Dosen','$2b$10$sbbIsOjFgBcNkSAB5wTPX.Ed89r8vupBX1HZ7Ue2KkkZE1eyUJHSO','1945081700@student.its.ac.id','081395207764','Teknik Komputer',NULL,NULL),(20,'1924361527','Joko Susilo','$2b$10$tmnsAEy3Yv357GqcYC/h3OGVFO5qNlwpqnw0WgbqTIdyvozgqmbY2','baba@student.its.ac.id','081235114603','Elektro',NULL,NULL),(21,'5024201073','aik0','$2b$10$GkndbYruoxKc0bY7X3tYgurw6Y5B9YKpEbjPYg8Ynr1RUs9La2h7q','5024201073@student.its.ac.id','321','Teknik Komputer',NULL,NULL),(22,'5024201074','bro','$2b$10$pU3.VjN3rlIOyKWvS/AJcOQD5qXWLtaYfnsykxqZemeyBIGrwxN8K','5024201074@student.its.ac.id','123','Teknik Komputer',NULL,NULL);
/*!40000 ALTER TABLE `users` ENABLE KEYS */;
UNLOCK TABLES;
/*!40103 SET TIME_ZONE=@OLD_TIME_ZONE */;

/*!40101 SET SQL_MODE=@OLD_SQL_MODE */;
/*!40014 SET FOREIGN_KEY_CHECKS=@OLD_FOREIGN_KEY_CHECKS */;
/*!40014 SET UNIQUE_CHECKS=@OLD_UNIQUE_CHECKS */;
/*!40101 SET CHARACTER_SET_CLIENT=@OLD_CHARACTER_SET_CLIENT */;
/*!40101 SET CHARACTER_SET_RESULTS=@OLD_CHARACTER_SET_RESULTS */;
/*!40101 SET COLLATION_CONNECTION=@OLD_COLLATION_CONNECTION */;
/*!40111 SET SQL_NOTES=@OLD_SQL_NOTES */;

-- Dump completed on 2024-01-24  3:40:53
